id,feature_name,feature_type,lon,lat
1201,Hillsborough St at Mayo St,Bus Stop,-78.6533558284032,35.7815446216135
1539,Hammond Rd at Chapanoke Rd (SECU),Bus Stop,-78.6403999992872,35.7355000007599
1540,Hammond Rd at Chapanoke Rd (Detention Center),Bus Stop,-78.6399572322601,35.7354491293536
8009,N Person St at E Franklin St,Bus Stop,-78.6341400002966,35.7903099995964
8021,Capital Blvd at Starmount Dr,Bus Stop,-78.5874479128377,35.8238803832034
8026,Capital Blvd at New Hope Rd,Bus Stop,-78.5803892064566,35.8507067403177
8030,Triangle Town Center Mall at Orvis (Park and Ride),Bus Stop,-78.5767035428134,35.8637517972601
8040,Capital Blvd at New Hope Church Rd,Bus Stop,-78.5833567218274,35.8341118519866
8071,W Edenton St at S Harrington St,Bus Stop,-78.6446967706485,35.7814698106952
8081,Glenwood Ave at Cole St,Bus Stop,-78.64621701296,35.7967388107486
8082,Glenwood Ave at Harvey St (NB),Bus Stop,-78.6459789531215,35.8004515088698
8088,Whitaker Mill Rd at Sunrise Ave (OB),Bus Stop,-78.6387835266492,35.8066201696666
8094,Whitaker Mill Rd at Pershing Rd,Bus Stop,-78.6292542143832,35.8069146705931
8096,Wake Forest Rd at Whitaker Mill Rd,Bus Stop,-78.6248263177365,35.8080653220671
8103,Wake Forest Rd at Wake Towne Dr,Bus Stop,-78.6224961040592,35.82249166584
8112,Falls of Neuse Rd at Old Wake Forest Rd,Bus Stop,-78.6118440799477,35.8415522761792
8115,Falls of Neuse Rd at Cedarhurst Dr,Bus Stop,-78.6147341219135,35.8484353633746
8126,Carlos Dr at Falls of the Neuse Rd,Bus Stop,-78.619088835509,35.8646374791781
8130,Falls of Neuse Rd at Sandy Forks Rd,Bus Stop,-78.6220276927955,35.8725982052864
8134,Falls of Neuse Rd at Harps Mill Rd,Bus Stop,-78.6258727365767,35.8817038934397
8136,Falls of Neuse at Weathergreen Dr (NB),Bus Stop,-78.6273560202348,35.8887805060025
8158,Wake Forest Rd at Dresser Ct,Bus Stop,-78.6174513909007,35.8327878904434
8160,Wake Forest Rd at Navaho Dr,Bus Stop,-78.6203951287642,35.8275578057273
8161,Wake Forest Rd at Wake Towne Dr (SB),Bus Stop,-78.6223688819537,35.8235625465421
8167,Noble Rd at McNeil St,Bus Stop,-78.6317100008592,35.8143600004433
8175,Glenwood Ave at Harvey St,Bus Stop,-78.6461567036651,35.8009452662951
8187,E Morgan St at S Wilmington St,Bus Stop,-78.6373750231792,35.7794742691435
8232,Hillsborough St at Mayo St,Bus Stop,-78.653629626817,35.7818479587424
8235,Hillsborough St at Forest Rd,Bus Stop,-78.659035760062,35.7847994861001
8243,Dixie Trl at Fowler Ave,Bus Stop,-78.6759243892374,35.7957566586341
8244,Dixie Trl at Mayview Rd,Bus Stop,-78.676509955157,35.7974678064916
8247,Wade Ave at Faircloth St (WB),Bus Stop,-78.6832858772766,35.8011812544982
8249,Ridge Rd at Lewis Farm Rd (OB),Bus Stop,-78.6847951565483,35.8093594965605
8250,Ridge Rd at Darien Dr,Bus Stop,-78.6825385660968,35.8146153476004
8254,Rex Hospital (Outbound),Bus Stop,-78.7046324328803,35.8169266955064
8265,Ridge Rd at Horton St,Bus Stop,-78.6842408798484,35.8117635658644
8268,Wade Ave at Ridge Rd (Meredith College),Bus Stop,-78.6871576098629,35.8015802298376
8269,Wade Ave at Faircloth St (EB),Bus Stop,-78.6834557676719,35.8010203069765
8272,Dixie Trl at Clark Ave,Bus Stop,-78.6758148271121,35.7926952055887
8273,Hillsborough St at Friendly Dr,Bus Stop,-78.6764393817117,35.789557483945
8274,Hillsborough St at Gardner St,Bus Stop,-78.671418518824,35.7884331348729
8278,Hillsborough St at Oberlin Rd,Bus Stop,-78.6616924053439,35.7857832529455
8291,Rock Quarry Rd at Vardaman St,Bus Stop,-78.6197448167705,35.7702353297495
8310,Cross Link Rd at Crown Crossing Ln,Bus Stop,-78.6234503044354,35.7444284787499
8314,Cross Link Rd at Merrick St,Bus Stop,-78.61352919186,35.7543503152459
8315,Rock Quarry Rd at Proctor Rd,Bus Stop,-78.612252534026,35.75526580006
8318,Rock Quarry Rd at Merrywood Dr,Bus Stop,-78.6179391527438,35.7693367120059
8333,Grove Barton Rd at Lynn Rd,Bus Stop,-78.7177775046873,35.8712919895727
8335,Sunnybrook Rd at Kidd Rd,Bus Stop,-78.5834590749726,35.7783532697974
8337,N Tarboro Rd at E Edenton St,Bus Stop,-78.6223572586522,35.7800099113247
8338,Poole Rd at S Fisher St,Bus Stop,-78.6156901252085,35.7782654812232
8352,Glenwood Ave at Oberlin Rd,Bus Stop,-78.6601833237015,35.8166237057188
8356,Crabtree Valley Ave at Creedmoor Rd,Bus Stop,-78.6840800311068,35.8410340199899
8363,Glenwood Ave at Holly Ridge Dr,Bus Stop,-78.7004892581612,35.8549494938554
8386,Glenwood Ave at Vick Ave,Bus Stop,-78.6657886628524,35.8246000718798
8399,S Saunders St at Gilbert Ave,Bus Stop,-78.6493462313702,35.7596668874577
8409,Garner Station Blvd at Goodberry's,Bus Stop,-78.6532899998592,35.7247299994707
8439,St Marys St at Nichols Dr,Bus Stop,-78.6531248221363,35.7942669746014
8442,St Marys St at Iredell Dr,Bus Stop,-78.6535209998379,35.8016540003629
8443,St Marys St at Harvey St,Bus Stop,-78.6535200000129,35.8040599997156
8444,St Mary's St at Stone St,Bus Stop,-78.65421129315,35.8063513521108
8451,Six Forks Rd at Rowan St,Bus Stop,-78.6431800003256,35.8427499995817
8455,W Millbrook Rd at Six Forks Rd,Bus Stop,-78.6421800002429,35.8563300005359
8482,Lassiter Mill Rd at Scotland St,Bus Stop,-78.6512199993736,35.8227899999948
8490,St Marys St at Clay St (SB),Bus Stop,-78.6528400004957,35.7924599995345
8497,E Lane St at Idlewild Ave,Bus Stop,-78.6257650006145,35.7833390000248
8499,Oakwood Ave at St Augustine Ave,Bus Stop,-78.6189416663126,35.7841137733343
8495,Hills St at Booker Dr,Bus Stop,-78.6172100261602,35.7861930410748
8509,Glascock St at Culpepper Ln,Bus Stop,-78.6012704715741,35.7914859476096
8513,Chatham Ln at Stevens Rd,Bus Stop,-78.5984585695633,35.7869195495577
8519,Oakwood Ave at Hill St,Bus Stop,-78.6179475978057,35.7841893411074
8529,Avent Ferry Rd at Crest Rd,Bus Stop,-78.6863781183347,35.771634883367
8530,Avent Ferry Rd at Brigadoon Dr,Bus Stop,-78.6890797296864,35.7702971483178
8535,Thistledown Dr at Gorman St,Bus Stop,-78.6994159555513,35.7561707221719
8536,Thistledown Dr at Lethbridge Ct,Bus Stop,-78.6956056659338,35.7549715178205
8539,Lineberry Dr at Pauls Penny,Bus Stop,-78.6917690862211,35.7502635422004
8540,Lineberry Dr at Leadenhall Way,Bus Stop,-78.686802362999,35.7500076762188
8546,Sierra Dr at Rabbit Run,Bus Stop,-78.6640619283998,35.749409957121
8556,Thistledown Dr at Gorman ST,Bus Stop,-78.6997000441666,35.7563814248639
8558,Gorman St at Walnut Creek Greenway (NB),Bus Stop,-78.6942245223541,35.7652653393871
9096,Avent Ferry Rd at Trailwood Dr,Bus Stop,-78.692256160853,35.7686408219277
8564,Avent Ferry Rd at Centennial View Ln,Bus Stop,-78.6830769273449,35.7733509279571
8565,Avent Ferry Rd at Centennial Pkwy,Bus Stop,-78.6784810196888,35.7769052458858
8566,Avent Ferry Rd at Western Blvd,Bus Stop,-78.6764304569493,35.7795782935646
8569,Western Blvd at Hunt Dr (EB),Bus Stop,-78.6564348507519,35.7745502218591
8573,Peace St at Glenwood Ave,Bus Stop,-78.6475919087569,35.7887068352159
8596,Gorman St at Lexington Dr,Bus Stop,-78.6869471822025,35.7859216304582
8626,New Bern Ave at N Lord Ashley Rd,Bus Stop,-78.6068389950697,35.7795550083666
8645,New Bern Ave at N Peartree Ln,Bus Stop,-78.5923651936849,35.783456575462
8647,New Bern Ave at Dickens Dr,Bus Stop,-78.6003769326324,35.7801208999315
8650,New Bern Ave at N King Charles Rd,Bus Stop,-78.6084436125426,35.7798011376148
8651,New Bern Ave at Bertie Dr,Bus Stop,-78.6121228388585,35.7799603335213
8652,New Bern Ave at Raleigh Blvd,Bus Stop,-78.6141967820499,35.7800900939495
8654,E Edenton St at N Tarboro Rd,Bus Stop,-78.6218631906358,35.7805575279499
8659,E Edenton St at N East St,Bus Stop,-78.6321057761155,35.7810262964857
8668,Rex Hospital (Inbound),Bus Stop,-78.7047300294461,35.8168947426656
8684,Creedmoor Rd at Tall Timber Dr,Bus Stop,-78.6802051741799,35.8506461267431
8700,Creedmoor Rd at Jeffery's Grove School,Bus Stop,-78.6806362667016,35.8655193074133
8713,W Millbrook Rd at Paces Forest Ct (EB),Bus Stop,-78.6683899997605,35.8572199990884
8721,E Millbrook Rd at Edgewood Dr,Bus Stop,-78.6336699999433,35.8517300000615
8722,E Millbrook Rd at Flint Ridge Pl,Bus Stop,-78.6290200002325,35.851429999561
8724,E Millbrook Rd at Quail Meadows Dr,Bus Stop,-78.6194299994842,35.8505299992587
8733,E Millbrook Rd at Green Rd (EB),Bus Stop,-78.5870151314833,35.8492911290089
8737,New Hope Rd at Tapers Dr,Bus Stop,-78.5747399208237,35.8471942788393
8740,Calvary Dr at Capital Blvd,Bus Stop,-78.5805694543167,35.8446918270065
8742,E Millbrook Rd at Green Rd (WB),Bus Stop,-78.5880341336292,35.8494028552592
8748,E Millbrook Rd at Cedarhurst Dr,Bus Stop,-78.6125400003068,35.8504000000292
8753,E Millbrook Rd at Knollwood Dr,Bus Stop,-78.6334899991199,35.852209999812
8755,E Millbrook Rd at Burnlee Pl,Bus Stop,-78.6401099997573,35.8559100004405
8763,Old Wake Forest Rd at Ruritania St,Bus Stop,-78.5834473097373,35.8697891865636
8777,W Millbrook Rd at Dixon Dr,Bus Stop,-78.6501860088371,35.8564790407951
8785,Six Forks Rd at Sandy Forks Rd,Bus Stop,-78.6378264930848,35.8617198456288
8788,Six Forks Rd at Wind Chime Ct,Bus Stop,-78.6434473452424,35.873703125018
8797,Six Forks Rd at Monument Ln,Bus Stop,-78.6489556295116,35.8929574954884
8808,Six Forks Rd at Woods Ream Dr,Bus Stop,-78.6387482013972,35.8678199564592
8820,Blount St at City Farm Rd,Bus Stop,-78.6376289023499,35.759968768485
8825,McCauley St at McLendon St,Bus Stop,-78.6411690002895,35.7652400003038
8831,Maywood Ave at S Saunders St,Bus Stop,-78.6498708259366,35.7608346958792
8834,Maywood Ave at Lake Wheeler Rd,Bus Stop,-78.6594108057948,35.7615588111541
8836,Lake Wheeler Rd at Daladams St,Bus Stop,-78.6555560001634,35.7645610005404
8837,Lake Wheeler Rd at Fuller St,Bus Stop,-78.6504953499934,35.7679447457261
8848,Oberlin Rd at Fairview Rd,Bus Stop,-78.6552759997809,35.8085509995856
8856,Oberlin Rd at Chester Rd,Bus Stop,-78.659448307763,35.8011497040553
8857,Oberlin Rd at Mayview Rd,Bus Stop,-78.6603840118275,35.7968311153092
8861,Cameron St at Daniels St,Bus Stop,-78.661573000378,35.7908400002283
8866,S State St at Peterson St (SB),Bus Stop,-78.6244936392474,35.7611150780039
8916,St Mary's St at White Oak Rd,Bus Stop,-78.6508248592262,35.8220350467193
8921,Lassiter Mill Rd at Currituck Dr,Bus Stop,-78.6460501571842,35.8360047209097
8922,Lassiter Mill Rd at Ramblewood Dr (SB),Bus Stop,-78.6465936379311,35.8337200061142
8923,St Mary's St at Glenwood Ave,Bus Stop,-78.6511758301094,35.8134335543385
8925,MLK Jr Blvd at S State St,Bus Stop,-78.6248928307968,35.7679072088738
8932,Six Forks Rd at Barrett Dr,Bus Stop,-78.6343489996356,35.8280370005609
8934,Edwards Mill Rd at Parklake Ave,Bus Stop,-78.6885301368024,35.8366392584494
9046,Atlantic Ave at Dixie Forest Rd,Bus Stop,-78.5987799993484,35.8628599995906
9054,Athens Dr at Bouree Ct,Bus Stop,-78.7196089997701,35.776620999906
9055,Jones Franklin Rd at Barringer Dr,Bus Stop,-78.7216349998748,35.7782870002116
9064,Western Blvd at Carolina Ave,Bus Stop,-78.7165299998792,35.7863600003108
9071,Deboy St at Driftwood Dr,Bus Stop,-78.7077883582039,35.7818979281687
9074,Kaplan Dr at Swallow Dr,Bus Stop,-78.7138340003031,35.7731309993988
9090,Athens Dr at Smithdale Dr (SB),Bus Stop,-78.7142340156075,35.7717178440691
9100,New Hope Church Rd at Brinkley Dr,Bus Stop,-78.5971199998399,35.8352799991883
9102,Green Rd at New Hope Church Rd (NB),Bus Stop,-78.592802455836,35.8360352102651
9131,Six Forks at Millbrook,Bus Stop,-78.6414408134265,35.8555984217984
9160,Garner Rd at Bailey Dr,Bus Stop,-78.6313509999356,35.7547170003275
9196,E Bragg St at S Bloodworth St,Bus Stop,-78.6335600003384,35.7658189995868
9201,S Person St at Lenoir St,Bus Stop,-78.6351326871945,35.7726063885478
9206,S Tarboro Rd at New Bern Ave,Bus Stop,-78.6222117342711,35.7793867813357
9207,Bus Way at Poole Rd,Bus Stop,-78.5641189274723,35.7667376763906
9217,Glenbrook Dr at Ellerbe Ln,Bus Stop,-78.6035583611268,35.7674775677646
9234,E Martin St at S Swain St,Bus Stop,-78.629343348819,35.7765531874517
9244,Poole Rd at Heath St,Bus Stop,-78.6174908017888,35.778937342151
9258,Poole Rd at Beverly Dr (EB),Bus Stop,-78.5947266615476,35.7714589348772
9262,Beverly Dr at Bromley St,Bus Stop,-78.5951915998942,35.7660809294865
9264,Beverly Dr at Friar Tuck Rd,Bus Stop,-78.5963390000403,35.7639409997476
9282,Birch Ridge Dr at Rock Bridge Rd,Bus Stop,-78.5769551384666,35.7667850864999
9301,E Millbrook Rd at Falls of Neuse Rd (WB),Bus Stop,-78.6160460233511,35.8507429245158
9306,Poole Rd at Coke St,Bus Stop,-78.6116267945485,35.776895232135
9316,E Lenoir St at Haywood (OB),Bus Stop,-78.6283912487038,35.7726477780265
9317,E Lenoir St at S State St,Bus Stop,-78.6246230828866,35.7725219506791
9320,Creedmoor Rd at Sherborne Pl,Bus Stop,-78.6806941685116,35.8539220446937
9338,Carolina Pines Ave at Batts St,Bus Stop,-78.6640451334972,35.7518912729385
9347,Rush St at Boone Tr,Bus Stop,-78.633872000508,35.7411511526312
9356,Cross Link Rd at Rock Quarry Rd,Bus Stop,-78.6136471909624,35.754447786667
9358,Cross Link Rd at Hadley Rd,Bus Stop,-78.617072587515,35.7515300462464
9359,Cross Link Rd at Dandridge Dr (WB),Bus Stop,-78.6229437085141,35.7463395386375
9362,Cross Link Rd at Garner Rd,Bus Stop,-78.6301269743941,35.7404643555334
9364,Rush St at Sheldon Dr,Bus Stop,-78.6363412087126,35.7417253392613
9367,Carolina Pine Ave at S Saunders St (WB),Bus Stop,-78.6498798584967,35.7489729102189
9369,Carolina Pines Ave at Springhill Ave (WB),Bus Stop,-78.656800540531,35.7466100483262
9391,Lake Boone Trl at Nancy Ann Dr,Bus Stop,-78.6975580023885,35.815425754746
9401,Method Rd at Western Blvd,Bus Stop,-78.6939034518951,35.7847512747392
9405,Sunnybrook Rd at Sungate Blvd,Bus Stop,-78.5834687659979,35.7764465944008
9414,Lake Boone Trl at Rexwoods Dr (WB),Bus Stop,-78.7014474452607,35.8155905691936
9416,Halifax St at E Peace St,Bus Stop,-78.6385399871858,35.7883819621031
9456,N East St at E Jones St,Bus Stop,-78.6320962036678,35.7821881281534
9460,E Lane St at Linden Ave,Bus Stop,-78.6295273210942,35.7834896443423
9476,W Hargett St at S Salisbury St,Bus Stop,-78.6404991274805,35.7783686406953
9483,Hillsborough St at Boylan St,Bus Stop,-78.6503954564355,35.7808716247096
9518,Poole Rd at Rawls Dr,Bus Stop,-78.5870527906566,35.772351072537
9519,Poole Rd at Cooper Rd,Bus Stop,-78.585588976918,35.7722530283122
9527,Spring Forest Rd at Rainwater Rd,Bus Stop,-78.6110769034238,35.8681488366659
9531,Atlantic Ave at Spring Forest Rd,Bus Stop,-78.5994235137904,35.8620178961357
9546,Perry Creek Rd at Clarks Fork Dr,Bus Stop,-78.5560446834922,35.8893488998055
9563,St Marys St at Wake Dr (NB),Bus Stop,-78.6512570000818,35.8118819996483
9570,W Morgan St at S West St,Bus Stop,-78.6461572381627,35.7797851468051
9581,Perry Creek Rd at N Raleigh Christian Academy,Bus Stop,-78.5434675517606,35.8779899062585
9586,Durant Rd at Deponie Dr,Bus Stop,-78.5850909994335,35.9038810004497
9588,Durant Rd at Raven Ridge Rd,Bus Stop,-78.5915077975603,35.9055950315021
9596,Fox Rd at Louisburg Rd,Bus Stop,-78.5465345744138,35.8690156146186
9612,Cates Ave at Jensen Dr,Bus Stop,-78.6683877890066,35.7819997412875
9613,Dunn Ave at Jeter Dr,Bus Stop,-78.6681920182585,35.7839010934317
9616,Athens Dr at Hailey Dr,Bus Stop,-78.7180370001252,35.7755590002069
9617,Athens Drive High School EB,Bus Stop,-78.7094392721516,35.7689739405801
9625,Corporation Pkwy at New Bern Ave,Bus Stop,-78.5684109159479,35.8001191967826
9634,Brentwood Rd at Stonybrook Dr,Bus Stop,-78.5946920997654,35.816728463852
9636,Buffaloe Rd at Capital Blvd,Bus Stop,-78.5816160356401,35.8344402129428
9641,New Hope Rd at Donna Rd,Bus Stop,-78.5693696096972,35.8268000499716
9644,Marsh Creek Rd at Vena Wilburn Elementary School,Bus Stop,-78.5738329996792,35.8209799997341
9646,Trawick Rd at Streams of Fields Dr,Bus Stop,-78.5794180988884,35.8148070306195
9651,New Hope Rd at Willow Oak R,Bus Stop,-78.5648016064089,35.8055900178747
9661,MLK Jr Blvd at S Person St,Bus Stop,-78.6377356087309,35.7694972539509
9663,Creedmoor Rd at Sherborne Pl,Bus Stop,-78.6803536755779,35.8545700782145
9668,Hardimont Rd at Colby Dr,Bus Stop,-78.6186200002706,35.8372499997431
9669,Hardimont Rd at Bland Rd,Bus Stop,-78.6144789904913,35.8371570881942
9671,Lassiter Mill Rd at Six Forks Rd,Bus Stop,-78.6430909997388,35.8393410000558
9672,Six Forks Rd at Anderson Dr,Bus Stop,-78.6321266151981,35.8232790232497
9677,Peace St at Smallwood Dr,Bus Stop,-78.6546295397631,35.7886649972054
9678,Oberlin Rd at Van Dyke Ave,Bus Stop,-78.6611262291506,35.7952960679576
9683,Blue Ridge Rd at Edgemont Dr,Bus Stop,-78.6962410003168,35.8258459994867
9687,Blue Ridge Rd at Ed Dr,Bus Stop,-78.7027780002151,35.8220839995357
9690,Blue Ridge Rd at Ed Dr,Bus Stop,-78.7027439998799,35.8219120006186
9693,Blue Ridge Rd at Morningside Dr,Bus Stop,-78.6954674547374,35.8259081251375
9697,Oberlin Rd at Cartier Dr,Bus Stop,-78.6594829998009,35.8148859994948
9709,Garner Station Blvd at Lennox Place,Bus Stop,-78.6589539998964,35.7246830009608
9718,Glascock St at Benjamin St,Bus Stop,-78.631119999957,35.7931530004261
9722,Southgate Dr at Crawford Rd,Bus Stop,-78.6077711903148,35.7535462822761
9726,Lenoir St at Coleman St,Bus Stop,-78.6226435732928,35.7725906258765
9731,E Hargett St at S Person St,Bus Stop,-78.6347429593968,35.7781867572553
9740,Bastion Ln at Tower Shopping Center,Bus Stop,-78.5820339247238,35.7990500530795
9760,Cross Link Rd at Laodicea Dr,Bus Stop,-78.6272466171655,35.7400525490254
9769,Macaw St at Brier Creek Pkwy,Bus Stop,-78.7837889259365,35.9055302608063
9781,Sierra Dr at Shenandoah Rd,Bus Stop,-78.6747387307417,35.751410405632
9783,Sierra Dr at Lake Wheeler Rd,Bus Stop,-78.6695542621829,35.7510896049146
9786,Glenwood Ave at The Circle,Bus Stop,-78.6487872546846,35.8091234649036
9788,N Blount St at Polk St,Bus Stop,-78.6361831510367,35.7861938703554
9792,Trailwood Hills Dr at Tryon Rd (NB),Bus Stop,-78.6832512849516,35.7434526616368
9795,Trailwood Hills Dr at Tryon Rd,Bus Stop,-78.683366050119,35.7431874280075
9797,Rush St at Hammond Business Pl,Bus Stop,-78.6392749564119,35.7424114729199
9809,Western Blvd at Hunt Dr (WB),Bus Stop,-78.6567439996687,35.7751779995321
9810,Pullen Rd at Cates Ave,Bus Stop,-78.6666112483614,35.7814422489519
9900,Raleigh Convention Center,Bus Stop,-78.6405306089396,35.7733430769422
8488,St Marys St at Wade Ave,Bus Stop,-78.6531925820582,35.7949566007164
8956,Durant Rd at Raven Ridge Rd,Bus Stop,-78.590455714954,35.905052062584
8959,Durant Rd at Camp Durant Rd,Bus Stop,-78.5776138802509,35.9003737329938
8962,Durant Rd at Capital Blvd,Bus Stop,-78.5580260012198,35.8916574486653
8969,Fox Rd at Beaverwood Dr,Bus Stop,-78.5518677860174,35.8716049463787
8974,Fox Rd at Sterling Town Center Apartments,Bus Stop,-78.5676184311874,35.867440520888
8976,Perry Creek Rd at Capital Blvd,Bus Stop,-78.5574772574185,35.8913332581816
8947,Homewood Banks Dr. at Solis Crabtree Apts.,Bus Stop,-78.6801088765781,35.834657893323
8981,Rush St at Hammond Rd,Bus Stop,-78.6393952543032,35.742555535002
8880,Tryon Road at Trailwood Drive,Bus Stop,-78.6955297454752,35.7464572701315
8407,Garner Station Blvd. at North Station (Carlie C's),Bus Stop,-78.6552555972441,35.7249984713173
8896,MLK Jr. at East St,Bus Stop,-78.6323256414762,35.7682970915502
9606,Avent Ferry Rd at Gorman St (WB),Bus Stop,-78.6945725674244,35.7683489551086
8031,Poole Rd at Old Poole Rd (EB),Bus Stop,-78.5555735135325,35.7624532189692
8988,Poole Rd at Woodard St (EB),Bus Stop,-78.5390001454111,35.7554990917255
8050,Barwell Rd at Charles St,Bus Stop,-78.5355682588993,35.7527793075627
8055,Barwell at Damon IB,Bus Stop,-78.5365120303647,35.7454153697356
8093,Barwell Rd at Neals Creek Dr,Bus Stop,-78.5427716987753,35.7406386058778
8102,Barwell Rd at Barwell Park Dr (NB),Bus Stop,-78.5551389957346,35.7322946842995
8198,Rock Quarry Rd at Kasota Ln,Bus Stop,-78.5603261933752,35.73331314483
8200,Rock Quarry at Riverbrooke OB,Bus Stop,-78.5762855315589,35.7426013330463
8209,Rock Quarry Rd at Sunnybrook Rd (NB),Bus Stop,-78.5867971085672,35.746787618567
8214,Rock Quarry at Sanderford,Bus Stop,-78.6119294082216,35.7507712444666
8087,Blue Ridge Rd at District Dr (Northbound),Bus Stop,-78.7062247569085,35.8064448534086
8257,Bell Dr at Edison Rd,Bus Stop,-78.5838991021381,35.7658649103448
8262,Beverly Dr at Friar Tuck Rd,Bus Stop,-78.5944301815712,35.7692801420322
8264,Western Blvd at Powell Dr ,Bus Stop,-78.7129250606441,35.786634937133
8275,Hillsborough St at Western Blvd,Bus Stop,-78.7178274348475,35.7871552157936
8322,Garner Rd at Hilltop Dr (SB),Bus Stop,-78.630943000405,35.741376000076
8423,Garner Rd at Hilltop Dr (NB),Bus Stop,-78.6308193230516,35.7415331657137
8406,Garner Rd at Tryon Rd (NB),Bus Stop,-78.6277469994399,35.7327309994902
8336,Garner Rd at Yeargan Rd (SB),Bus Stop,-78.6240740002456,35.716883999497
1926,Vandora Springs Rd at Beichler Rd,Bus Stop,-78.6247509993898,35.7088290000645
8342,Aversboro Rd at Brooks Ave,Bus Stop,-78.6184989998968,35.7028340002577
8347,Heather Park Dr at Gulley Glen Dr,Bus Stop,-78.6128080000954,35.693632000229
1922,Aversboro Rd at Claymore Dr,Bus Stop,-78.6170680007172,35.6897199999529
8428,Timber Dr at White Oak Rd,Bus Stop,-78.5921009991598,35.687730999423
8394,Garner Rd at Creech Rd (Dog Park),Bus Stop,-78.6024440001186,35.7062500003247
8551,New Bern Ave at Raleigh Beach Rd,Bus Stop,-78.552608999433,35.7961879998301
8432,Knightdale Blvd at Hodge Rd (EB),Bus Stop,-78.5195730039052,35.7951384523425
8492,Knightdale Blvd at Shoppes at Midway (Chili's),Bus Stop,-78.5083625699452,35.7964180609657
8433,Knightdale Blvd at Hinton Oaks Blvd (Rex Healthcare),Bus Stop,-78.5079875709248,35.7961330614119
8489,Knightdale Blvd at Mammoth Dr,Bus Stop,-78.496760338469,35.7991170762124
8448,Knightdale Blvd at Parkside Commons Dr,Bus Stop,-78.4957710597792,35.7985332650769
1905,McKnight Dr at Village Park Dr (NB),Bus Stop,-78.4920859998038,35.7969869997808
8483,McKnight Dr at Electric Ave (WB),Bus Stop,-78.4883720212628,35.7937666571843
9094,Avent Ferry at Greek Way,Bus Stop,-78.6984032236461,35.7668929206887
8709,Timber Dr East at Benson St,Bus Stop,-78.5997800102109,35.6862582420201
8711,Timber Dr at Aversboro Rd,Bus Stop,-78.6162429241799,35.6863250230887
1921,Aversboro Dr at Claymore Dr B,Bus Stop,-78.6169631098314,35.6890237714311
1925,Vandora Springs Rd at Beichler Rd,Bus Stop,-78.6243450300517,35.7090380044845
8768,Vandora Springs Rd at Methodist Dr,Bus Stop,-78.6208394534701,35.7121586264432
8339,Vandora Springs Rd at Garner Rd,Bus Stop,-78.6211719675674,35.7121544404407
8710,Garner Rd at Wilson St OB,Bus Stop,-78.6280114095607,35.7349964500645
9508,Glenbrook Dr at Belmont Dr,Bus Stop,-78.6037698946133,35.7667148610294
9095,Avent Ferry Rd at Gorman St,Bus Stop,-78.6945524020429,35.7681713272919
9075,Powell Dr at Driftwood Dr,Bus Stop,-78.7128653298642,35.7817996800032
8765,Rock Quarry Rd at Gatling St,Bus Stop,-78.6221381856056,35.7754323531748
9251,Martin Luther King Jr Blvd at Glenbrook Dr (EB),Bus Stop,-78.6009708942066,35.7720377125081
9445,Hillsborough St at Dixie Trl (EB),Bus Stop,-78.6754929715256,35.7893287196867
9680,Blue Ridge Rd at Hillcrest,Bus Stop,-78.6815410022451,35.8326688433099
8812,Rock Quarry Rd at Keyser St,Bus Stop,-78.5644253192044,35.736298905445
8773,Timber Dr East at Shenstone Blvd SB,Bus Stop,-78.5802819691712,35.6895205938903
8775,Timber Dr East at Health Park Dr SB,Bus Stop,-78.5762592100227,35.6869844465663
8779,Timber Dr East at Health Park Dr NB,Bus Stop,-78.5753460716381,35.6861752024739
8802,Deep Hollow Dr at St Giles St (WB),Bus Stop,-78.7076273037482,35.8529464903048
8902,S State St at Bunche Dr (SB),Bus Stop,-78.6214480791431,35.7530141178971
8886,W Morgan St at Mayo St (IB),Bus Stop,-78.6538632364015,35.7798671880346
8939,Bastion Ln at Maitland Dr,Bus Stop,-78.5844145698212,35.7978624324601
8986,Sunnybrook Rd at Holston Ln (NB),Bus Stop,-78.584135185683,35.7851642527262
8984,Knightdale Blvd at Carolinian Ave,Bus Stop,-78.4704123674907,35.8016609216338
8919,Upward Dr at Inspiration Cir,Bus Stop,-78.4171331937812,35.8065237712926
8874,N New Hope Rd at Lake Woodard Dr,Bus Stop,-78.5627933456557,35.8001846289889
9212,S New Hope Rd at Rogers Ln (NB),Bus Stop,-78.5588323068066,35.7703057085781
9214,N New Hope Rd at Global St (NB),Bus Stop,-78.5620714961545,35.7809669365977
9215,N New Hope Rd at Durach Rd (NB),Bus Stop,-78.5604635118501,35.7866715649043
9216,N New Hope Rd at Duke Energy (NB),Bus Stop,-78.5614203899163,35.7920276788076
8206,Hillsborough St at Etta Burke Ct,Bus Stop,-78.7179057151293,35.7880931188252
9252,Gorman St at Kaplan Dr (WB),Bus Stop,-78.6927355080448,35.7731166607357
9448,Raleigh Blvd at Crabtree Blvd (OB),Bus Stop,-78.6080576292201,35.8030633968155
8616,N Raleigh Blvd at Appliance Ct (SB),Bus Stop,-78.5997261170597,35.8112514260912
8828,Raleigh Blvd at Park Glen Dr (IB),Bus Stop,-78.6088595920648,35.8007574772374
8860,Raleigh Blvd at Millbank St (IB),Bus Stop,-78.6108283563514,35.7970212077622
8989,Farmwell Rd at Knightdale Blvd,Bus Stop,-78.5287120746114,35.7966315208878
8487,St Marys St at Wade Ave (ESC),Bus Stop,-78.6527650295751,35.797098438836
9283,Atlantic Ave at Hodges St (NB),Bus Stop,-78.618247681762,35.81295804356
9284,Atlantic Ave at Six Forks Rd (NB),Bus Stop,-78.6163788524765,35.8167377118995
9291,Spring Forest Rd at Capital Blvd,Bus Stop,-78.5818943618795,35.8551929898513
9277,Atlantic Ave at Bramer Dr,Bus Stop,-78.604881563691,35.8270127604941
9297,Atlantic Ave at Six Forks Rd (SB),Bus Stop,-78.6165857180014,35.8168279742003
9782,Sierra Dr at Balboa Rd,Bus Stop,-78.6721550540188,35.7510608521579
1284,Wilmington St at Cabarrus St,Bus Stop,-78.6383530001644,35.7746969996616
9764,Alexander Promonade at WalMart,Bus Stop,-78.7770100061389,35.9133037037359
8003,Wilmington St at Jones St,Bus Stop,-78.6379564676283,35.7818024004564
8005,Capital Blvd at Crabtree Blvd (NB),Bus Stop,-78.6157361782399,35.8069003958219
8006,N Wilmington St at North St,Bus Stop,-78.637749738332,35.7850888126786
8022,Capital Blvd at Old Buffaloe Rd (NB),Bus Stop,-78.5851523777236,35.8286542778093
8023,Capital Blvd at Greywood Dr,Bus Stop,-78.5839156255899,35.8324094536691
8029,Capital Blvd at Oak Forest Dr (NB),Bus Stop,-78.5815902935174,35.8617291978316
8032,Triangle Town Center Mall at Barnes & Noble,Bus Stop,-78.5765299999786,35.8658799992575
8037,Capital Blvd at Sumner Blvd (NB),Bus Stop,-78.5819201845341,35.8657283515502
8047,Capital Blvd at Hodges St (SB),Bus Stop,-78.6125703199388,35.8107204240747
8054,Wake Forest Rd at Chestnut St,Bus Stop,-78.6303765937537,35.7961714439888
8062,N Salisbury St at W Edenton St,Bus Stop,-78.6400698603354,35.7814647676694
8072,Glenwood Ave at Hillsborough St (NB),Bus Stop,-78.6474716081707,35.7811492732978
8077,Glenwood Ave at Devereux St,Bus Stop,-78.6469558593149,35.7898738251942
8090,Whitaker Mill Rd at Pine Dr,Bus Stop,-78.6363212077228,35.8075628302145
8092,Whitaker Mill Rd at Center Rd,Bus Stop,-78.6324947960408,35.8065808512585
8095,Whitaker Mill Rd at Hilton St,Bus Stop,-78.6266602068295,35.8072360992353
8097,Wake Forest Rd at Mills St,Bus Stop,-78.625645710633,35.8104145770425
8108,Wake Forest Rd at Dresser Ct,Bus Stop,-78.6171119283346,35.8328183067494
8121,Falls of Neuse Rd at Fairfax Rd,Bus Stop,-78.6159323909592,35.8573466620645
8132,Falls of Neuse Rd at Fox Hunt Ln,Bus Stop,-78.623923456977,35.877189035815
8135,Falls of Neuse at Ravenscroft Dr,Bus Stop,-78.6266883088265,35.8840963222646
8143,Falls of Neuse Rd at Hunting Ridge Rd,Bus Stop,-78.6229742647085,35.874252861588
8145,Falls of Neuse Rd at Ridgefield Dr,Bus Stop,-78.6206488085089,35.8659884713316
8157,Wake Forest Rd at Colby Dr,Bus Stop,-78.6150515595855,35.8353846139921
8168,Noble Rd at Wayne Dr,Bus Stop,-78.6331125360207,35.8125189227791
8169,Noble Rd at North of Pine Dr,Bus Stop,-78.6347648630183,35.8106369864065
8173,E Whitaker Mill Rd at Fairview Rd,Bus Stop,-78.64520518476,35.8043383191603
8174,Glenwood Ave at Glen Ave,Bus Stop,-78.6459984932756,35.8032488558431
8180,Glenwood Ave at W Johnson St,Bus Stop,-78.6473254100531,35.7869636416602
8183,Glenwood Ave at Hillsborough St (SB),Bus Stop,-78.6476700002029,35.7809922500353
8185,W Morgan St at S Harrington St,Bus Stop,-78.6436006131012,35.7796990731671
8193,Glascock St at Brookside Dr (OB),Bus Stop,-78.6246600000515,35.7929100005649
8195,Raleigh Blvd at Cantwell Ct,Bus Stop,-78.6127883961609,35.7940497430592
8217,Glascock St at N State St (WB),Bus Stop,-78.6209527903162,35.7929192100481
8228,Hillsborough St at Glenwood Ave,Bus Stop,-78.648541424419,35.7808643895162
8238,Hillsborough St at Horne St (WB),Bus Stop,-78.6684412521345,35.7879277864401
8240,Hillsborough St at Brooks Ave,Bus Stop,-78.6724369631161,35.7887981719286
8241,Hillsborough St at Dixie Trl (WB),Bus Stop,-78.6754197453552,35.7894408349502
8242,Dixie Trl at Kilgore Ave,Bus Stop,-78.6756353810225,35.7934593112384
8251,Lake Boone Trl at Thomas Rd,Bus Stop,-78.6827536694882,35.8156925547637
8266,Ridge Rd at Anclote Pl,Bus Stop,-78.6866543520812,35.805608627692
8267,Ridge Rd at Wade Ave (SB),Bus Stop,-78.6876141705212,35.8029972599388
8282,Hillsborough St at Park Ave,Bus Stop,-78.6568411434836,35.7836302200875
8285,Rock Quarry Rd at Edwin Dr (NB),Bus Stop,-78.6120689093987,35.7511668356587
8295,Proctor St at Fountain Dr,Bus Stop,-78.6096124240335,35.7533721906805
8298,Atkins Dr at Tee Dee St,Bus Stop,-78.6065751221415,35.7498443901636
8304,Idlewood Village Dr at Sanderford Rd,Bus Stop,-78.6125387309873,35.7389415142849
8307,Savannah Dr at Quince Dr,Bus Stop,-78.6155361719351,35.7402306464781
8309,Sylvester St at Seabrook Rd,Bus Stop,-78.6195243189958,35.7416973860583
8319,Rock Quarry Rd at Bart St (Helping Hand Mission),Bus Stop,-78.6208787853065,35.771237979961
8320,E Lenoir St at Rock Quarry St,Bus Stop,-78.6217788702717,35.7724839203737
8328,Deep Hollow Dr at Duraleigh Rd,Bus Stop,-78.7104140969484,35.8530097094634
8340,Glenwood Ave at Munford Rd,Bus Stop,-78.7019787655136,35.8555547194661
8364,Glenwood Ave at Munford Rd,Bus Stop,-78.7025075929415,35.8563859581038
8365,Glenwood Ave at Pleasant Valley Rd,Bus Stop,-78.705103457313,35.8581828742008
8369,Duraleigh Rd at Delta Lake Dr (SB),Bus Stop,-78.7123119640559,35.8563260929624
8371,St Giles St at Deep Hollow Dr,Bus Stop,-78.7062237903213,35.8546166512196
8372,St Giles St at Oak Park Rd (SB),Bus Stop,-78.7031979994414,35.8538879996377
8384,Glenwood Ave at Tolar Pl,Bus Stop,-78.6665686673186,35.8280884616973
8389,Glenwood Ave at Argyle Dr,Bus Stop,-78.6554095100934,35.8158865137592
8398,S Saunders St at Prospect Ave,Bus Stop,-78.6492045769314,35.7628092986542
8414,Wilmington St Service Rd at Tryon Rd,Bus Stop,-78.6501465171006,35.7304794491893
8416,S Saunders St at Illeagnes St,Bus Stop,-78.6487200005143,35.7445199997472
8419,S Saunders St at Penmarc Dr,Bus Stop,-78.6489699998612,35.7577999992579
8422,W Lenoir St at S West St (IB),Bus Stop,-78.6457525956362,35.773073550959
8441,St Marys St at Williamson Dr (NB),Bus Stop,-78.652899875006,35.7985764494525
8445,St Marys St at Fairview Rd (NB),Bus Stop,-78.6536699998008,35.8088099999604
8453,Six Forks Rd at North Glenn Dr,Bus Stop,-78.6441198429287,35.8483135946054
8472,Six Forks Rd at Snelling Rd,Bus Stop,-78.6424290168329,35.8540743331418
8475,Six Forks Rd at Trinity Baptist Church,Bus Stop,-78.6442643019078,35.8459822055313
8477,Six Forks Rd at Rowan St,Bus Stop,-78.6431202246299,35.8417255389346
8481,Lassiter Mill Rd at Millstream Pl,Bus Stop,-78.6499380271063,35.824514351973
8484,St Marys St at Fairview Rd (SB),Bus Stop,-78.6537300009736,35.8090899994548
8494,St Marys St at Park Dr,Bus Stop,-78.6508880523292,35.7868778694193
8498,Oakwood Ave at Tarboro Rd,Bus Stop,-78.6207993787269,35.7841694014304
8505,N King Charles Rd at Glascock St,Bus Stop,-78.6093850577401,35.7924271981615
8506,Glascock St at Brighton Rd,Bus Stop,-78.6070868465448,35.7925825965136
8510,Milburne Rd at Culpepper Ln,Bus Stop,-78.6024539938761,35.7891821896904
8515,Bertie Dr at Culpepper Ln,Bus Stop,-78.6031187220335,35.7863985049316
8523,Western Blvd at Hunt Dr,Bus Stop,-78.6587349250531,35.7755806511146
8525,Morrill Dr at Cates Ave (Outbound),Bus Stop,-78.6713429992547,35.7823119995347
8532,Gorman St at Avent Ferry Rd (SB),Bus Stop,-78.6943570058922,35.7672247594395
8533,Gorman St at Walnut Creek Greenway (SB),Bus Stop,-78.6944910911265,35.7653837666756
8534,Gorman St at Walnut Creek Pkwy,Bus Stop,-78.6999078370683,35.7576448529366
8538,Lineberry Dr at University Woods Rd,Bus Stop,-78.6938330607276,35.7502427990431
8541,Lineberry Dr at Mountain Mist Ct,Bus Stop,-78.6843952023293,35.7506075969141
8544,Gorman St at Avent Ferry Rd (NB),Bus Stop,-78.6940944085717,35.7679065732858
8557,Gorman St at Shire Ln,Bus Stop,-78.6954796601472,35.7622754591697
8559,S Boylan Ave at Dorothea Dr,Bus Stop,-78.6524717325517,35.771784002514
8567,Morrill Dr at Cates Ave (Inbound),Bus Stop,-78.6713511963817,35.7820082254653
8568,Western Blvd at Bilyeu St,Bus Stop,-78.6625380964204,35.7775392864668
8577,Cameron St at Woodburn Rd,Bus Stop,-78.6582782215627,35.7910484250583
8586,Hillsborough St at Faircloth St,Bus Stop,-78.6849697914586,35.7938047137594
8587,Hillsborough St at Meredith College (WB),Bus Stop,-78.6884240008515,35.7943790005614
8588,Beryl Rd at Method Rd,Bus Stop,-78.6927707068646,35.7945056691427
8592,Kent Rd at Warwick Dr,Bus Stop,-78.6939152512664,35.7798282378831
8598,Hillsborough St at Rosemary St,Bus Stop,-78.6793688435487,35.7905203320381
8601,Method Rd at Ligon St,Bus Stop,-78.6939139855401,35.7888739574995
8620,New Bern Ave at S Tarboro Rd,Bus Stop,-78.6231461609314,35.7798208240446
8627,New Bern Ave at Lord Berkley,Bus Stop,-78.6041894653432,35.7796823987438
8631,WakeMed Perimeter Rd at Galahad Dr,Bus Stop,-78.5889729332882,35.7836875268116
8640,Falstaff Rd at Sunnybrook Rd,Bus Stop,-78.5841248011583,35.7822745510845
8656,E Edenton St at Idlewild Ave,Bus Stop,-78.6263400005498,35.7808299997473
8670,Lake Boone Trl at Horton St (EB),Bus Stop,-78.6885902185416,35.8153200026925
8675,MLK Jr Blvd at Vardaman St,Bus Stop,-78.6196409454725,35.7679323969571
8685,Creedmoor Rd at Plaza Pl,Bus Stop,-78.6804299668,35.8582672130112
8687,Creedmoor Rd at Jeffery's Grove School,Bus Stop,-78.6797204944566,35.8702442387164
8690,Creedmoor Rd at Stonehenge Dr,Bus Stop,-78.6794182050753,35.8871413782257
8692,Creedmoor Rd at Lodestar Dr,Bus Stop,-78.6804706631773,35.8970197043718
8697,Creedmoor Rd at Sawmill Rd,Bus Stop,-78.6792444178987,35.8825504531687
8699,Creedmoor Rd at Lynn Rd,Bus Stop,-78.6797581320704,35.8726779877037
8702,Creedmoor Rd at Plaza Pl,Bus Stop,-78.6807446358642,35.8579528435181
8703,Creedmoor Rd at Tall Timber Dr,Bus Stop,-78.6805172408248,35.8501629574385
8705,Creedmoor Rd at Glenwood Ave,Bus Stop,-78.6829784827695,35.8421797188757
8707,Creedmoor Rd at Jeffery's Grove School,Bus Stop,-78.6801187876906,35.8672180479636
8716,W Millbrook Rd at Dixon Dr,Bus Stop,-78.6502000000977,35.8562000006228
8719,E Millbrook Rd at Six Forks Rd,Bus Stop,-78.6408800005845,35.8558100003324
8739,Calvary Dr at Capital Blvd (Mini City Marketplace),Bus Stop,-78.5787880681588,35.8444621351095
8745,E Millbrook Rd at Atlantic Ave (WB),Bus Stop,-78.6017364402884,35.8492363569413
8750,E Millbrook Rd at Quail Meadows Dr,Bus Stop,-78.619930000873,35.851030000526
8751,E Millbrook Rd at Tall Pines Ct,Bus Stop,-78.6252340001619,35.8517419994171
8759,W Millbrook Rd at North Hills Dr,Bus Stop,-78.6559399994046,35.8566199999101
8760,W Millbrook Rd at Oldetowne Rd (WB),Bus Stop,-78.6657500002609,35.857609998995
8761,W Millbrook Rd at Paces Forest Ct (WB),Bus Stop,-78.6687899997936,35.8575999997867
8783,Six Forks Rd at Woods Ream Dr,Bus Stop,-78.6386098752165,35.8680810579534
8786,Six Forks Rd at Lynn Rd,Bus Stop,-78.6373490978001,35.8644500006073
8789,Six Forks Rd at Newton Rd,Bus Stop,-78.645609999763,35.8787249999062
8798,Six Forks Rd at Renwick Ct,Bus Stop,-78.6476195059007,35.8888357106373
8800,Six Forks Rd at Horizon Dr,Bus Stop,-78.646637923078,35.8851386351397
8801,Six Forks Rd at Sawmill Rd,Bus Stop,-78.6464118683249,35.8833136466245
8807,Six Forks Rd at Westbrook Dr,Bus Stop,-78.641993587245,35.8717235754687
8809,Six Forks Rd at Northclift Dr,Bus Stop,-78.6379644527529,35.8620051484727
8821,City Farm Rd at S Wilmington St,Bus Stop,-78.6393759998133,35.7591030000571
8822,Wilmington St Center,Bus Stop,-78.6396798441784,35.7620366838832
8829,Fayetteville St at Prospect Ave,Bus Stop,-78.6439553730782,35.7630330002683
8835,Lake Wheeler Rd at Goode St,Bus Stop,-78.6580397197531,35.7628585358059
8842,Strickland Rd at Six Forks Rd,Bus Stop,-78.651191476965,35.9006457360574
8844,Oberlin Rd at Smallwood Dr,Bus Stop,-78.6626455445615,35.7927321990359
8845,Oberlin Rd at Mayview Rd,Bus Stop,-78.6600220401754,35.797690644832
8846,Oberlin Rd at Annapolis Dr,Bus Stop,-78.6599190007174,35.8002130004951
8850,Oberlin Rd at Yettington Dr,Bus Stop,-78.6566819988461,35.8113809998457
8853,Six Forks Rd at Chesterbrook Ct,Bus Stop,-78.6439329430439,35.8739385904406
8858,Oberlin Rd at Van Dyke Ave,Bus Stop,-78.6609230000997,35.7958060007097
8903,Wake Tech Community College,Bus Stop,-78.7057307176383,35.6492182896817
8909,Blount St at GoRaleigh Station (GoTriangle),Bus Stop,-78.6367271456199,35.7776659767858
8924,St Marys St at Wake Dr (SB),Bus Stop,-78.6513885529653,35.8119787099505
8935,Edwards Mill Rd at Arckelton Dr,Bus Stop,-78.6863956768052,35.8384460039224
8937,Edwards Mill Rd at Sunrise Senior Center,Bus Stop,-78.684687970467,35.8394242585532
8940,Wake Forest Rd at Six Forks Rd (SB),Bus Stop,-78.6234197015286,35.8213132238955
9017,Belmont Dr at Glenbrook Dr,Bus Stop,-78.603703033905,35.7661841135126
9047,Spring Forest Rd at Atlantic Ave,Bus Stop,-78.600641963489,35.8615377431824
9050,Volant Dr at Hemphill Dr,Bus Stop,-78.6134093027022,35.8659702076333
9051,Avent Ferry Rd at Crab Orchard Dr WB,Bus Stop,-78.7015700877548,35.766971510059
9053,Athens Dr at Smithdale Dr (NB),Bus Stop,-78.7142249120804,35.7718958925279
9057,Fort Sumter Rd at Jones Franklin Rd,Bus Stop,-78.7233187571275,35.7729657892879
9059,Dana Dr at Brook Hill Apts,Bus Stop,-78.7283400009009,35.7719720003293
9065,Western Blvd at Heather Dr,Bus Stop,-78.7137480000893,35.7864040001768
9067,Western Blvd at Schaub Dr,Bus Stop,-78.7036538737868,35.7849175352374
9099,New Hope Church Rd at Atlantic Ave,Bus Stop,-78.6040900002816,35.8344099997191
9107,New Hope Rd at Capital Blvd,Bus Stop,-78.5791299992953,35.8498700000687
9113,Hollenden Dr at Pebble Beach Dr,Bus Stop,-78.5757640002476,35.8511850009558
9115,E Millbrook Rd at Signett Dr,Bus Stop,-78.583159998865,35.8497900000143
9116,Green Rd at Calvary Dr (SB),Bus Stop,-78.5872644840432,35.8459618823298
9118,Green Rd at Brockton Dr,Bus Stop,-78.5915430025363,35.8389043492059
9121,New Hope Church Rd at Brentwood Rd,Bus Stop,-78.5994200004793,35.8350700001145
9123,New Hope Church Rd at Wal-Mart,Bus Stop,-78.6103800012061,35.8358400005552
9182,Little John Rd at St George Rd,Bus Stop,-78.5890399997107,35.7635430002755
9187,E Martin St at S East St,Bus Stop,-78.6327660010184,35.7766419997014
9198,S Person St at Bledsoe Ave,Bus Stop,-78.6353717432647,35.7681687973396
9200,S Person St at Worth St,Bus Stop,-78.6352769171033,35.7704116439198
9219,Glenbrook Dr at Fernbrook Rd,Bus Stop,-78.6016340368376,35.7696201494687
9229,S Tarboro Rd at E Hargett St,Bus Stop,-78.6224359555627,35.7785678812538
9246,Poole Rd at Raleigh Blvd,Bus Stop,-78.6142929520909,35.7777476915155
9256,Poole Rd at Rose Ln,Bus Stop,-78.5977099252836,35.7721726745222
9270,Little John Rd at Carlisle St (EB),Bus Stop,-78.5914393917497,35.763317690624
9274,Cooper Rd at Bell Dr,Bus Stop,-78.5864179997543,35.7666429998525
9276,Edison Rd at Sunnybrook Rd,Bus Stop,-78.582813000332,35.7660289995769
8814,Poole Rd at Samuel Rd (Social Security Office),Bus Stop,-78.5810130900147,35.7692485242587
9286,Poole Rd at Sunnybrook Rd,Bus Stop,-78.5836981535006,35.7716429845463
9290,Poole Rd at Rawls Dr,Bus Stop,-78.587514454644,35.7725210673215
9292,Poole Rd at Ralph Dr,Bus Stop,-78.5905979245517,35.7726609015509
9294,Poole Rd at Donald Ross Dr,Bus Stop,-78.5926060311143,35.7721079835692
9296,Poole Rd at Beverly Dr,Bus Stop,-78.5952406595868,35.7716540754713
9305,1281 Cross Link Rd,Bus Stop,-78.6189799084926,35.7487093608876
9323,Western Blvd at Pineland Cir,Bus Stop,-78.7089999995709,35.7863399999662
9329,Capital Blvd at Spring Forest Rd,Bus Stop,-78.5809184857372,35.8556055169452
9332,Cross Link Rd at Platinum Ave,Bus Stop,-78.6165424171057,35.7520803019599
9339,Carolina Pines Ave at Henslowe Dr,Bus Stop,-78.6602579934645,35.751251557921
9343,Carolina Pines Ave at S Saunders St (EB),Bus Stop,-78.6500168902051,35.7488210325614
9345,Rush St at S Wilmington St (EB),Bus Stop,-78.6455529998616,35.743610000348
9349,Rush St at Garner Rd,Bus Stop,-78.6296678229945,35.740243033087
9352,Cross Link Rd at Crown Crossing Ln,Bus Stop,-78.6235745656937,35.7444606860221
9353,Cross Link Rd at Dandridge Dr (EB),Bus Stop,-78.6227507638658,35.746358952653
9354,Cross Link Rd at Platinum Ave,Bus Stop,-78.6170810137124,35.7512389134876
9365,Rush St at S Wilmington St (WB),Bus Stop,-78.6462240943794,35.7439239273176
9366,Pecan Rd at S Saunders St (WB),Bus Stop,-78.6479895399326,35.7487904922274
9370,Carolina Pines Ave at Sardis Dr,Bus Stop,-78.6584140082061,35.7492184560881
9376,Lake Wheeler Rd at Henslowe Dr,Bus Stop,-78.6715152224643,35.7493720572025
9381,Glascock St at N State St (EB),Bus Stop,-78.6200361134677,35.7927459289142
9388,Edwards Mill Rd at Mill Village Rd,Bus Stop,-78.6912566054364,35.8374836596243
9397,S Saunders St at Maywood Ave,Bus Stop,-78.6493789147752,35.7609870025571
9400,Six Forks Rd at Windel Dr,Bus Stop,-78.6425459999408,35.8530900004234
9402,Kaplan Dr at Kent Rd,Bus Stop,-78.6935782545758,35.7767543711786
9403,Kaplan Dr at Hunters Club Dr,Bus Stop,-78.6921864587735,35.7759490232011
9404,S Person St at Davie St,Bus Stop,-78.635029737568,35.7750490065511
9407,Method Rd at Woods Pl,Bus Stop,-78.6937474145303,35.7924408641875
9415,WakeMed Perimeter Rd at Swinburne St,Bus Stop,-78.5870382568136,35.7828598939877
9417,Halifax St at Oak Chase Ln,Bus Stop,-78.6382136723622,35.7929327222431
9426,Gorman St at Sullivan Dr,Bus Stop,-78.686277000373,35.7887959996926
9440,Glascock St at Delany Dr,Bus Stop,-78.6162860001944,35.7924240000706
9453,E Lane St at N Wilmington St,Bus Stop,-78.6377219992543,35.7839060007576
9455,N East St at E. Edenton St.,Bus Stop,-78.6321733015771,35.7808117798465
9458,E Lane St at N State St,Bus Stop,-78.6231976218207,35.7832699289289
9462,N King Charles Rd at Brighton Rd,Bus Stop,-78.6094391551848,35.7896526001027
9463,E Lane St at N State St,Bus Stop,-78.6232081572624,35.7833969271194
9464,E Lane St at Heck St,Bus Stop,-78.6243463065577,35.7834348079141
9469,Ridge Rd at Churchill Rd,Bus Stop,-78.6864797393529,35.8056422774712
9471,N Blount St at E Franklin St,Bus Stop,-78.6359408403702,35.7902105150556
9475,Glascock St at Wake Forest Rd,Bus Stop,-78.6306780000911,35.793233999729
9498,Lead Mine Rd at Belsay Dr (SB),Bus Stop,-78.6729699991512,35.8528900002485
9501,Lead Mine Rd at Marriott Dr,Bus Stop,-78.6745679996337,35.8420649997216
9507,Glenbrook Dr at Dacian Rd,Bus Stop,-78.6032234871552,35.7681958833504
9530,Spring Forest Rd at Timber Ridge Dr,Bus Stop,-78.6025174562577,35.8628899719245
9574,Old Wake Forest Rd at Capital Blvd,Bus Stop,-78.5825559995158,35.8700690000226
9579,Fox Rd at Terrace Park Ct,Bus Stop,-78.5599303067278,35.868870837564
9584,Durant Rd at Camp Durant Rd,Bus Stop,-78.5790882860251,35.9011587431623
9589,Durant Rd at Rio Wild Dr,Bus Stop,-78.5974821547484,35.9075840824188
9595,Fox Rd at Beaverwood Dr,Bus Stop,-78.5511599998117,35.87147000045
9597,Perry Creek Rd at Berkshire Downs Dr (WRAL Soccer Fields),Bus Stop,-78.5496780523682,35.8821894210193
9601,W Lenoir St at S Saunders St,Bus Stop,-78.6485919995694,35.7733229997103
9611,MLK Jr Blvd at Chavis Way,Bus Stop,-78.62925039295,35.768153779436
9623,New Hope Commons Wal-Mart,Bus Stop,-78.5614986726874,35.8011661641438
9629,Lake Woodard Dr at Summerdale Dr,Bus Stop,-78.5826480678492,35.8014995202741
9630,Lake Woodard Dr at Billingham Ct,Bus Stop,-78.5846503784816,35.8019885361911
9631,Lake Woodard Dr at Timberlake Apts,Bus Stop,-78.5935670461103,35.805951659814
9632,Brentwood Rd at Westinghouse Blvd,Bus Stop,-78.594324528914,35.8086061472413
9650,New Hope Rd at Charny Dr,Bus Stop,-78.5652004988192,35.8090096362784
9656,S Wilmington St at Pecan Rd,Bus Stop,-78.644086963691,35.7479723503036
9660,MLK Jr Blvd at S Person St,Bus Stop,-78.6356528952874,35.7693314036299
9665,Camelot Dr at Dartmouth Rd,Bus Stop,-78.6390799995373,35.8382199999537
9666,St Albans St at Camelot Dr,Bus Stop,-78.6362229994044,35.8369579996621
9682,Blue Ridge Rd at Glen Eden Dr,Bus Stop,-78.6901790007946,35.8289859999926
9684,Blue Ridge Rd at Burch Dr,Bus Stop,-78.6984870005295,35.8246280003156
9691,Blue Ridge Rd at Carovel Ct,Bus Stop,-78.7003439996814,35.8232569999821
9694,Blue Ridge Rd at Glen Eden Dr,Bus Stop,-78.6908089991848,35.8280210005223
9699,Oberlin Rd at Fairview Rd,Bus Stop,-78.6555620386387,35.8091266637793
9708,Cross Link Rd at Laodicea Dr,Bus Stop,-78.6268019753543,35.7399406805776
9717,Halifax St at Delway St,Bus Stop,-78.6383111701132,35.7915117643517
9721,Hadley Dr at Cross Link Rd,Bus Stop,-78.6173499998512,35.7513889996626
9733,MLK Jr Blvd at Holmes St,Bus Stop,-78.6285585087215,35.7679195481711
9735,Carolina Pines Ave at Carolina Hill,Bus Stop,-78.6615208936,35.7515859384468
9737,Maitland Dr at New Bern Ave,Bus Stop,-78.5807504828127,35.7967199707949
9738,Maitland Dr at Bastion Ln,Bus Stop,-78.5827808828657,35.7968476833997
9743,E Davie St at Fayetteville St,Bus Stop,-78.6390998334405,35.7756526273854
9751,Edwards Mill Rd at Parklake Ave (Glenlake),Bus Stop,-78.6910677478045,35.8372809445935
9756,Ridge Rd at Lake Boone Trl,Bus Stop,-78.6825917670228,35.8149736835117
9758,Carolina Pines Ave at Marble St,Bus Stop,-78.6521200007955,35.7475945661136
9761,Rush St at Hammond Rd,Bus Stop,-78.642777106819,35.7430581520215
9775,Michael J Smith Ln at Carl Sandburg Ct,Bus Stop,-78.5801160790844,35.7795633667266
9779,Lineberry Dr at Broad Oaks Pl,Bus Stop,-78.6804591521653,35.7510899526664
9799,Lineberry Dr at Deep Forest Trl,Bus Stop,-78.6892603916699,35.7494575600055
9803,Trailwood Hills Dr at Barrymore St,Bus Stop,-78.6838588039002,35.7451114693173
9806,Trailwood Hills Dr at Alder Ridge Ln (SB),Bus Stop,-78.6845848205161,35.7466986410191
9808,S Boylan Ave at W Lenoir St,Bus Stop,-78.6507590001394,35.7730700000607
9811,Avent Ferry Rd at Varsity Dr,Bus Stop,-78.6804348194992,35.7756592063915
9910,West St at Peace St (SB),Bus Stop,-78.6456462027673,35.7878023568632
8778,Six Forks at Office Center,Bus Stop,-78.6496135062184,35.8951741958954
8952,Falls of Neuse at Wake Med North,Bus Stop,-78.5993997048421,35.9091409128138
8954,Raven Ridge Rd at Dapping Dr,Bus Stop,-78.591895789813,35.9128887922617
8966,Perry Creek Rd at Bentley Cir,Bus Stop,-78.5455623673077,35.8788724185807
8967,Perry Creek Rd at Louisburg Rd,Bus Stop,-78.5408133849306,35.8761490276454
8972,Fox Rd at Town Dr,Bus Stop,-78.5604797828309,35.8685645555596
8977,Edwards Mill Rd at Carriage Dr,Bus Stop,-78.7002585204906,35.8312959528258
8111,Wake Forest at Ronald Dr,Bus Stop,-78.611897734523,35.8391288809246
8945,Martin Luther King Jr Blvd at Grantland Dr (WB),Bus Stop,-78.609686938388,35.7710878444936
8894,S Blount St at E Davie St,Bus Stop,-78.6367852684154,35.7757686938863
8901,Ebenezer Church Rd at Winchester Dr.,Bus Stop,-78.7413038007684,35.8823592242331
6689,Brier Creek Parkway at Skyland Ridge Parkway,Bus Stop,-78.7805159833691,35.9139677166098
8008,Poole Rd at New Hope Rd (WB),Bus Stop,-78.5595201233927,35.7657974757665
8028,Poole Rd at Old Poole Rd (WB),Bus Stop,-78.5559597513754,35.7630756878502
8106,Poole Rd at Maybrook Dr,Bus Stop,-78.552470438792,35.7607255887475
8052,Barwell Rd at Charles St (NB),Bus Stop,-78.5352490746139,35.7524946999887
8098,Barwell Rd at Chasteal Trl (NB),Bus Stop,-78.551383903998,35.7371760308097
8191,Rock Quarry at Interlock OB,Bus Stop,-78.5598108451681,35.7325938908675
8202,Rock Quarry at Trassacks OB,Bus Stop,-78.5797724043179,35.7439162381762
8210,Rock Quarry Rd at Rock Quarry Crossing,Bus Stop,-78.5926496892371,35.7476453123794
8211,Rock Quarry Rd at New Birch Dr,Bus Stop,-78.5985854179697,35.7472752431597
8073,Blue Ridge Rd at Rex Way,Bus Stop,-78.704712609316,35.8197270059223
8083,Blue Ridge Rd at Reedy Creek Road IB,Bus Stop,-78.7054922302017,35.8103097989228
8129,Blue Ridge Rd at Trinity Rd (NB),Bus Stop,-78.707538219618,35.7978716559415
8233,Birch Ridge Dr at Poole Rd,Bus Stop,-78.5775816325289,35.7671200759738
8259,Little John Rd at Cooper Rd,Bus Stop,-78.5879320589617,35.7637497895356
8239,Little John Rd at Weston St,Bus Stop,-78.5939242854375,35.7631481033202
8281,Hillsborough St at NC State Fairground,Bus Stop,-78.7092160893125,35.7930449985556
8313,Garner Rd at McMakin St,Bus Stop,-78.6314234930808,35.7642349506845
8425,Garner Rd at Warehouse Dr (NB),Bus Stop,-78.6311290001778,35.7521739997894
1916,7th Ave at Garner Town Hall (SB),Bus Stop,-78.6206770003374,35.705223999884
8357,Heather Park Dr at Southerby Bluffs Ct,Bus Stop,-78.6140809990912,35.6917419995263
1637,White Oak Crossing Park and Ride,Bus Stop,-78.5817749997162,35.6921210000008
8381,Cabela Dr at Jones Sausage Rd,Bus Stop,-78.5863875396797,35.6978948260886
8395,Garner Rd at Broughton St (Performing Arts Ctr),Bus Stop,-78.6122658353804,35.7109578568768
8491,Knightdale Blvd at Shoppes at Miday (Arby's),Bus Stop,-78.5036469240484,35.7975085331031
8458,McKnight Dr at Village Park Dr (SB),Bus Stop,-78.4922436541362,35.7968144153351
9609,Martin Luther King Jr Blvd at Rock Quarry Rd (WB),Bus Stop,-78.6179461649929,35.7686696855118
8686,Timber Dr E Midblock B,Bus Stop,-78.5922717662004,35.6879425719516
8735,Heather Park Dr at Southerby Bluffs Ct,Bus Stop,-78.6140138886513,35.6916557248792
1533,7th Ave at Forest Hills Dr,Bus Stop,-78.6234129668589,35.7067422826304
8393,Garner Rd at White Oak Ridge Dr,Bus Stop,-78.5910680003635,35.7037240001831
9907,S West St at W Morgan St,Bus Stop,-78.6460660861108,35.7796277061736
9906,West St at North St,Bus Stop,-78.6458029192585,35.7842018673495
9927,West St at Peace St,Bus Stop,-78.6455439277755,35.7879452269495
9204,E Martin St at S State St,Bus Stop,-78.6240417031162,35.7763548681592
9077,Melbourne Rd at Beltline,Bus Stop,-78.7099890563768,35.7773906110185
8873,Enterprise St at Clark Ave,Bus Stop,-78.6640283628492,35.789246249551
8100,Barwell Rd at Chasteal Trl (SB),Bus Stop,-78.5516083426818,35.7371641147655
9657,Pecan Rd at S Wilmington St,Bus Stop,-78.6444727128504,35.7484727918629
9253,Martin Luther King Jr Blvd at Glenbrook Dr (WB),Bus Stop,-78.6009830780568,35.7722222280278
8948,Homewood Banks at Home Valley Drive,Bus Stop,-78.6802419997167,35.8347899997566
8776,Timber Dr East at Element Cir,Bus Stop,-78.5717346339901,35.6811553929408
8893,Enterprise St at Hillsborough St,Bus Stop,-78.6639845008088,35.7871758397077
9679,Glenwood Ave at Granville Dr,Bus Stop,-78.6637951781677,35.8206337168455
8796,St Giles St at Oak Park Rd (NB),Bus Stop,-78.703285894202,35.8540886321937
8799,St Giles St at Deep Hollow Dr (SB),Bus Stop,-78.7064262077043,35.8544460741604
8804,Duraleigh Rd at Delta Lake Dr (NB),Bus Stop,-78.7121849871905,35.856556083225
8787,Marvino Ln at Stonework Dr,Bus Stop,-78.7373513356892,35.8870752998714
8795,Marvino Ln at Saltwood Pl,Bus Stop,-78.7440405640956,35.8879734871246
8852,Blue Ridge Rd at Western Blvd,Bus Stop,-78.7030916721494,35.7853159516943
8899,S State St at Darby St (SB),Bus Stop,-78.6228661776169,35.7559028635288
8905,Rock Quarry Rd at Lyndhurst Dr,Bus Stop,-78.6126683569845,35.7532007268212
8865,Pylon Dr (IB),Bus Stop,-78.7013978429856,35.7935088391775
8872,Beryl Rd at Method Rd (IB),Bus Stop,-78.6933199916265,35.7944401562377
8064,W Morgan St at Mayo St (OB),Bus Stop,-78.6538490385285,35.7799330081066
8815,W Morgan St at Hillsborough St (OB),Bus Stop,-78.6553014821908,35.7821577502298
8906,Poole Rd at Williams Rd,Bus Stop,-78.5810983194739,35.7691263679739
8147,Falls of Neuse Rd at North Bend Dr,Bus Stop,-78.6191362917088,35.8611521766443
8983,Sunnybrook Rd at Falstaff Rd (OB),Bus Stop,-78.5832490623339,35.7823076124402
8615,Garner Rd at Chris St,Bus Stop,-78.6316262049188,35.7482288086595
8165,Wake Forest Rd at McNeil St,Bus Stop,-78.626732179429,35.8135722315982
8882,N New Hope Rd at Board of Elections (SB),Bus Stop,-78.5627323254009,35.7953468522658
8891,N New Hope Rd at Global St (SB),Bus Stop,-78.5622809570476,35.7809278464422
8930,S New Hope Rd at Commodity Pkwy (SB),Bus Stop,-78.5603705536771,35.7752831932832
8186,Trinity Rd at Thornberry St,Bus Stop,-78.7100359996386,35.7984939998433
8196,Trinity Rd at Youth Center Dr,Bus Stop,-78.7167999199576,35.7988256486708
8138,Falls of Neuse Rd at Strickland Rd (OB),Bus Stop,-78.626910820624,35.8917198335202
9757,Carolina Pines Ave at Springhill Ave (EB),Bus Stop,-78.6574894054786,35.7469068994362
9254,Gorman St at Octavia St,Bus Stop,-78.6942169998619,35.7700019996623
8818,Raleigh Blvd at Crabtree Blvd (IB),Bus Stop,-78.6083070570077,35.8030506107961
8061,Halifax Community Center,Bus Stop,-78.6383230000272,35.7932229999814
9195,Blue Ridge Rd at DHHS,Bus Stop,-78.7060866742387,35.8081623739468
9269,Little John Rd at Carlisle St (WB),Bus Stop,-78.5908298059362,35.7634659101813
9267,Atlantic Ave at Whitaker Mill Rd (NB),Bus Stop,-78.6198710887687,35.8093706989915
9271,Atlantic Ave at Merrill Ct,Bus Stop,-78.604898129705,35.826562883547
9289,Green Rd at Spring Forest Rd (NB),Bus Stop,-78.5859237103719,35.8547663548858
9279,Atlantic Ave at Hodges St (SB),Bus Stop,-78.6184890805736,35.8128808279052
9281,Wake Forest Rd at Automotive Way,Bus Stop,-78.6251456527967,35.8005530928832
8010,Wake Forest Rd at Sasser St,Bus Stop,-78.632590000393,35.7922199996431
8015,Capital Blvd at Fenton St,Bus Stop,-78.6200300004322,35.8024199994667
8018,Capital Blvd at Westinghouse Blvd,Bus Stop,-78.6017800004948,35.8159299997462
8019,Capital Blvd at Brentwood Rd (NB),Bus Stop,-78.5963089208514,35.8185241011647
8036,Capital Blvd at Millbrook Rd,Bus Stop,-78.5806552362398,35.8490345368875
8038,Capital Blvd at Calvary Dr (SB),Bus Stop,-78.5800622601174,35.843619006091
8039,Capital Blvd at Deana Dr,Bus Stop,-78.5810399999473,35.8377500002592
8042,Capital Blvd at Old Buffaloe Rd (SB),Bus Stop,-78.585911600564,35.8275683076351
8044,Capital Blvd at Huntleigh Dr,Bus Stop,-78.5921898030156,35.8208278094494
8058,Salisbury St at Parking Deck,Bus Stop,-78.6396618113974,35.787035242542
8070,W Edenton St at S McDowell St,Bus Stop,-78.6420830217181,35.7813792467937
8074,Glenwood Ave at W Lane St,Bus Stop,-78.6473455089593,35.7842826994217
8075,Glenwood Ave at Tucker St,Bus Stop,-78.6471999998496,35.7866599997752
8079,Glenwood Ave at Washington St (NB),Bus Stop,-78.6466214165346,35.7928172644561
8084,Whitaker Mill Rd at Glenwood Ave,Bus Stop,-78.6451751540801,35.8042571257264
8101,Wake Forest Rd at Six Forks Rd (NB),Bus Stop,-78.6240199998189,35.8194350003605
8104,Wake Forest Rd at Navaho Dr (NB),Bus Stop,-78.6200880001585,35.8275809996539
8122,Falls of Neuse Rd at Manassas Ct,Bus Stop,-78.6175811534418,35.8595942882972
8139,Falls of Neuse Rd at Weathergreen Dr,Bus Stop,-78.6275783784746,35.888901569918
8140,Falls of Neuse Rd at Ravenscroft Dr,Bus Stop,-78.6271655262448,35.8848030480695
8144,Falls of Neuse Rd at Spring Forest Rd,Bus Stop,-78.6211224703953,35.8688602130037
8151,Falls of Neuse Rd at E Millbrook Rd,Bus Stop,-78.6145993719259,35.8513560277277
8153,Falls of Neuse Rd at Pemberton Dr,Bus Stop,-78.6145669292694,35.8446089068171
8159,Wake Forest Rd at St Albans Dr,Bus Stop,-78.6191449775193,35.8300759506734
8164,Wake Forest Rd at Hodges St (SB),Bus Stop,-78.6262535350087,35.8155316406414
8170,Pine Dr at E Whitaker Mill Rd,Bus Stop,-78.6362798672534,35.8077728918715
8194,Glascock St at Raleigh Blvd,Bus Stop,-78.6137100002688,35.792850000089
8231,Hillsborough St at St Marys St,Bus Stop,-78.6511714452643,35.781028394701
8248,Ridge Rd at Wade Ave (NB),Bus Stop,-78.68742568511,35.8026786132948
8252,Lake Boone Trl at Horton St (WB),Bus Stop,-78.6878856134296,35.8158077434554
8253,Lake Boone Trl at Wycliff Rd,Bus Stop,-78.695225241089,35.8157492927578
8255,Duraleigh Rd at Edwards Mill Rd (NB),Bus Stop,-78.7060185594148,35.8231842583278
8256,Edwards Mill Rd at Ed Dr,Bus Stop,-78.705455698414,35.8253046981256
8263,Lake Boone Trl at Myron Dr (EB),Bus Stop,-78.6935638330222,35.8156238927695
8270,Dixie Trl at O'Berry St (SB),Bus Stop,-78.6763883385389,35.7997689948884
8276,Hillsborough St at Horne St (EB),Bus Stop,-78.6677720477783,35.7876200432101
8294,Proctor St at Rock Quarry Rd,Bus Stop,-78.6119160412902,35.7543611432226
8296,Atkins Dr at Southgate Dr,Bus Stop,-78.6067047337657,35.7541188485734
8300,Sanderford Rd at Rock Quarry Rd,Bus Stop,-78.6119599994503,35.750500000191
8301,Sanderford Rd at Altama Cir,Bus Stop,-78.6139594130158,35.7453742446007
8308,Savannah Dr at Daytona Dr,Bus Stop,-78.6176050836626,35.7402628335744
8325,Glenwood Ave at Creedmoor Rd,Bus Stop,-78.6818114149086,35.8436739182098
8330,New Bern Ave at Luther Rd,Bus Stop,-78.5907144315525,35.7845081821444
8349,Glenwood Ave at St Mary's St,Bus Stop,-78.6514410028998,35.8135083650327
8350,Glenwood Ave at Argyle Dr,Bus Stop,-78.6534554084491,35.8156003682757
8353,Glenwood Ave at Pasquatank Dr,Bus Stop,-78.6657884131207,35.8261676005906
8354,Glenwood at Woman's Club Dr,Bus Stop,-78.6667298340638,35.8305952704069
8355,Crabtree Valley Mall,Bus Stop,-78.6780779995198,35.8380679993004
8366,Townridge Shopping Center,Bus Stop,-78.707065869272,35.8598579541165
8370,Deep Hollow Dr at St Giles St (EB),Bus Stop,-78.7077489392309,35.85281131092
8373,Glenwood Ave Service Rd at Oak Park,Bus Stop,-78.7017820003304,35.8552769996967
8376,Glenwood Ave at Fairhill Dr,Bus Stop,-78.696934356884,35.8520823347548
8377,Glenwood Ave at Fairhill Dr,Bus Stop,-78.6952457604067,35.8508527905473
8378,Glenwood Ave at Bluestone Dr,Bus Stop,-78.6930392995413,35.8493663697287
8379,Glenwood Ave at Beta Center (north),Bus Stop,-78.6904213150543,35.8471041517666
8383,Glenwood Ave at Women's Club Dr,Bus Stop,-78.6673332917289,35.8315347028635
8385,Glenwood Ave at Pasquatank Dr,Bus Stop,-78.6662003481707,35.8263906949038
8405,S Saunders St at Olympia Dr,Bus Stop,-78.6510904551231,35.7337503688554
8408,Garner Station Blvd at South Station,Bus Stop,-78.6552699999331,35.7247099996737
8412,Mechanical Blvd at S. Wilmington St.,Bus Stop,-78.6504214806293,35.7249855076659
8415,Wilmington St Service Rd at Chapanoke Rd,Bus Stop,-78.6489997448769,35.7352677960238
8420,S Saunders St at Maywod Ave,Bus Stop,-78.6490500002272,35.7606400003718
8434,St Marys St at Hillsborough St (OB),Bus Stop,-78.6504916850553,35.7813204931686
8436,St Marys St at Tucker St,Bus Stop,-78.650742049876,35.7865656378737
8437,St Marys St at Peace St (NB),Bus Stop,-78.6510600013366,35.7891099997744
8438,St Marys St at Clay St (NB),Bus Stop,-78.6519599991653,35.7916360001101
8449,North Hills Mall at N State Bank,Bus Stop,-78.641792779643,35.8374494516661
8452,Six Forks Rd at Capital Towers,Bus Stop,-78.6440630002324,35.8459079992426
8470,Six Forks Rd at Loft Ln,Bus Stop,-78.6396316531567,35.8590158806515
8471,Six Forks Rd at W Millbrook Rd,Bus Stop,-78.6411184179525,35.8565917245245
8473,Six Forks Rd at Shelley Rd,Bus Stop,-78.6434106948771,35.8512171824545
8474,Six Forks Rd at Cranbrook Rd,Bus Stop,-78.6443199938622,35.848265754561
8485,St Mary's St at Colonial Rd,Bus Stop,-78.6543372010202,35.8060100308604
8486,St Marys St at Craig St,Bus Stop,-78.6537671696667,35.8027014458357
8496,Milburnie Rd at Fisher St,Bus Stop,-78.6152850883217,35.7873766846666
8503,Milburnie Rd at Colleton Rd,Bus Stop,-78.6123484148095,35.7881987891857
8507,Glascock St at Marlborough Rd,Bus Stop,-78.6043091020744,35.7921606099944
8520,Oakwood Ave at Tarboro Rd,Bus Stop,-78.6205820834462,35.78428908387
8522,E Lane St at Seawell Ave,Bus Stop,-78.6262706640846,35.7835040683396
8526,Avent Ferry Rd at Western Blvd,Bus Stop,-78.6761968482631,35.780135446974
8528,Avent Ferry Rd at Varsity Dr,Bus Stop,-78.6815090258143,35.7751109328868
8554,Thistledown Dr. at Trailwood Dr.,Bus Stop,-78.6945671137523,35.7546232704998
8555,Thistledown Dr at Nesfield Ct,Bus Stop,-78.6966252043739,35.7557483426323
8570,South St at Florence St,Bus Stop,-78.6503002008794,35.7724578540177
8571,Peace St at Seaboard Station Dr,Bus Stop,-78.6393669995925,35.788187108136
8578,Cameron St at Daniels St,Bus Stop,-78.6609167720798,35.7909881739705
8585,Hillsborough St at Furches St,Bus Stop,-78.6821567497616,35.7923286125246
8591,Kent Rd at Perserverance Ct,Bus Stop,-78.693905351832,35.7819037720709
8593,Kent Rd at Trexler Ct,Bus Stop,-78.6925824586086,35.7744776979715
8608,Peace St at Glenwood Ave,Bus Stop,-78.6477752638895,35.7885908444422
8610,Peace St at West St,Bus Stop,-78.6442810563862,35.7885367693772
8618,New Bern Ave at S East St,Bus Stop,-78.6324510723069,35.7800944818951
8622,New Bern Ave at Sunbury St,Bus Stop,-78.6181654626184,35.7797462235782
8624,New Bern Ave at Raleigh Blvd,Bus Stop,-78.6129344739042,35.7797263133953
8625,New Bern Ave at Russ St,Bus Stop,-78.6091393738998,35.7795477715959
8629,New Bern Ave at Dickens Dr,Bus Stop,-78.5996062643569,35.7799053816982
8641,Falstaff Rd at Swinburne Rd,Bus Stop,-78.585464249434,35.7818989105331
8642,Swinburne Rd at Kidd Rd (WCDSS),Bus Stop,-78.585073999715,35.7792059999564
8644,New Bern Ave at Luther Rd,Bus Stop,-78.5911316226452,35.7845817039906
8648,New Bern Ave at Clarendon Cresent,Bus Stop,-78.6025003101138,35.7800588871299
8653,New Bern Ave at Hill St,Bus Stop,-78.6178877547365,35.780101226694
8660,E Edenton St at N Person St,Bus Stop,-78.6345979820897,35.781115124873
8667,Edwards Mill Rd at John Humphries Wynd,Bus Stop,-78.7056624843042,35.8254190059571
8669,St Mary's St at Wedgedale Dr,Bus Stop,-78.651360000014,35.8178900000548
8674,MLK Jr Blvd at Coleman St (EB),Bus Stop,-78.623001000368,35.7676336213272
8676,MLK Jr Blvd at Rock Quarry Rd (EB),Bus Stop,-78.6177821577748,35.7685710390675
8677,Creedmoor Rd at Magellan Way,Bus Stop,-78.6806500360783,35.8628268552867
8688,Creedmoor Rd at Kendricks Ct,Bus Stop,-78.6787001924485,35.8783942623986
8691,Creedmoor Rd at Morgan's Way,Bus Stop,-78.6801774494753,35.8944658801548
8693,Brennan Dr at Creedmoor Rd,Bus Stop,-78.6819504390802,35.8998306664009
8698,Creedmoor Rd at Mapleton Ln,Bus Stop,-78.6790743632222,35.8779914609996
8701,Creedmor Rd at Magellan Way,Bus Stop,-78.68095736411,35.8629619739131
8708,Peace St at West St,Bus Stop,-78.6450121601616,35.7887532960403
8712,Millbrook Rd at Lead Mine Rd,Bus Stop,-78.6712269998021,35.8564740003477
8714,W Millbrook Rd at Oldetowne Rd,Bus Stop,-78.6660499998365,35.8574299999486
8727,E Millbrook Rd at Professional Ct,Bus Stop,-78.6092599996762,35.8498899997057
8728,Millbrook Rd at Old Wake Forest Rd,Bus Stop,-78.6056200009921,35.8499100000657
8729,E Millbrook Rd at Atlantic Ave,Bus Stop,-78.6025900006067,35.8491700001324
8731,E Millbrook Rd at Departure Dr,Bus Stop,-78.596353061482,35.8480638603956
8736,New Hope Rd at Wallingford Dr,Bus Stop,-78.5755699991805,35.8487999993966
8741,E Millbrook Rd at Falls of Neuse Rd,Bus Stop,-78.614015246888,35.8504410931859
8744,E Millbrook Rd at Departure Dr,Bus Stop,-78.5959064103274,35.8482219579096
8746,E Millbrook Rd at Old Wake Forest R,Bus Stop,-78.6060100009794,35.8502400001809
8752,E Millbrook Rd at Sweetbriar St,Bus Stop,-78.6296799996582,35.8517699998483
8790,Six Forks Rd at Crown Oaks Ct,Bus Stop,-78.6463628670228,35.884799999263
8791,Six Forks Rd at Farrington Dr,Bus Stop,-78.6469075578004,35.8873718343608
8817,Blount St at Bledsoe Ave,Bus Stop,-78.6371769994563,35.7684669995171
8838,Blount St at Hoke St,Bus Stop,-78.6371801893739,35.7638308282757
8839,Maywood Ave at Green St,Bus Stop,-78.6480680005861,35.7608950004361
8847,Oberlin Rd at Craig St,Bus Stop,-78.6582489993665,35.8025929994042
8849,Oberlin Rd at Marchmont St,Bus Stop,-78.6557356263893,35.8098599605558
8851,Oberlin Rd at Cartier Dr,Bus Stop,-78.6589849998586,35.8143900005771
8855,Six Forks Rd at Newton Rd,Bus Stop,-78.645907527175,35.8791465306248
8881,S State St at Bragg St (NB),Bus Stop,-78.6246025024835,35.765345124318
8911,Rock Quarry Rd at Cross Link Rd,Bus Stop,-78.6125155230119,35.7550471788988
8914,St Mary's St at Anderson Dr,Bus Stop,-78.6509970438082,35.8141267641867
8918,Lassiter Mill Rd at Ramblewood Dr (NB),Bus Stop,-78.6465317907204,35.8335304436438
8933,S State St at Darby St (NB),Bus Stop,-78.6233867773751,35.7570642538149
8936,Edwards Mill Rd at The Pinnacle,Bus Stop,-78.6823950009413,35.8381739999113
8938,Edwards Mill Rd at Parklake Ave,Bus Stop,-78.6891008886046,35.8364753288423
9015,Six Forks Rd at Mourning Dove Rd,Bus Stop,-78.6459771825421,35.8815880968369
9052,Athens Drive High School WB,Bus Stop,-78.709323449667,35.7690742031684
9056,Jones Franklin Rd at Barringer Dr,Bus Stop,-78.7221761432053,35.7752063002824
9061,Buck Jones Rd at Portree Pl,Bus Stop,-78.7297889996239,35.7797310001595
9062,Buck Jones Rd at Fieldspring Ln,Bus Stop,-78.7238908384364,35.7833290891085
9063,Jones Franklin Rd at Buck Jones Rd,Bus Stop,-78.7217900005838,35.7841506809243
9066,Western Blvd at Deboy St,Bus Stop,-78.7065240001027,35.7858689993589
9070,Schaub Dr at Deboy St,Bus Stop,-78.7062264825722,35.7821856941138
9091,Athens Dr at Jaguar Park Dr,Bus Stop,-78.7115963508292,35.7703089894307
9092,Avent Ferry Rd at Lake Dam Rd,Bus Stop,-78.7055216769767,35.7668191069624
9098,New Hope Church Rd at Wal-Mart,Bus Stop,-78.6104099995467,35.8356799997357
9106,Green Rd at Millbrook Rd (NB),Bus Stop,-78.5863903172705,35.8491243457536
9111,Spring Forest Rd at Casa Del Ray Dr,Bus Stop,-78.5767700001781,35.8553400007563
9112,Hollenden Dr at Hylton Dr,Bus Stop,-78.5753900001538,35.852829999952
9122,New Hope Church Rd at Atlantic Ave,Bus Stop,-78.6027399994963,35.8346500002995
9128,Six Forks Rd at Selby Dr,Bus Stop,-78.6285277553462,35.8213888476373
9149,N East St at E Lane St,Bus Stop,-78.6320202160762,35.7835304633807
9165,McDowell St at Davie St,Bus Stop,-78.6419293918382,35.7749884889769
9168,Sunnybrook Rd at Eaton Mill,Bus Stop,-78.5832151230841,35.7721883024399
9170,Oberlin Rd at Clark Ave,Bus Stop,-78.6631241824646,35.7896851555965
9174,Peace St at Vaughn Ct,Bus Stop,-78.6398142258567,35.7880440074864
9177,Old Wake Forest Rd at Sumner Blvd,Bus Stop,-78.5884792928699,35.8673072007111
9178,Old Wake Forest Rd at Shadowland Crossing,Bus Stop,-78.5922097680727,35.8654895246231
9181,Oberlin Rd at Colonial Rd,Bus Stop,-78.6564800000781,35.8054960004924
9184,Bell Dr at Edison Rd,Bus Stop,-78.5839080008493,35.7656589998123
9203,E Hargett St at Fayetteville St,Bus Stop,-78.638953000214,35.7783229995197
9208,Poole Rd at Bus Way,Bus Stop,-78.5650517135537,35.7682119770765
9209,Poole Rd at Carya Dr (EB),Bus Stop,-78.5688326049052,35.7679542248736
9222,Poole Rd at Shellum St,Bus Stop,-78.6071410338211,35.7752771669028
9226,Poole Rd at Fisher St,Bus Stop,-78.6156135887463,35.7783689978021
9231,E Hargett St at S Swain St,Bus Stop,-78.6294054017438,35.7780268472248
9248,Poole Rd at Lumpkin Rd,Bus Stop,-78.6130337107937,35.7772775488099
9268,Little John Rd at Weston St,Bus Stop,-78.5936283453486,35.7631021472584
9302,Bellwood Ave at Clark Ave,Bus Stop,-78.6560153024799,35.7892200531542
9311,Calvary Dr at Louisburg Rd,Bus Stop,-78.5766200003903,35.8430999995281
9321,Fort Sumter Rd at Dana Dr,Bus Stop,-78.7263189990225,35.7741999991178
9325,Buck Jones Rd at Chest Hill Dr,Bus Stop,-78.7266610002276,35.7816620000248
9346,Falls of the Neuse at Manassas Ct,Bus Stop,-78.6173345775744,35.8589287090664
9351,Cross Link Rd at Seabrook Rd,Bus Stop,-78.623881071767,35.7423381016594
9360,Cross Link Rd at Seabrook Rd,Bus Stop,-78.624017458485,35.7422023431401
9368,Carolina Pines Ave at Marble St,Bus Stop,-78.6522100003088,35.7476599995109
9380,Glenwood Ave at Fairview Rd,Bus Stop,-78.6458307652356,35.8027601194397
9384,E Peace St at N Blount St,Bus Stop,-78.6361681779175,35.7877925193738
9394,Peyton St at Belmont Dr,Bus Stop,-78.6043517693554,35.7647201453201
9410,St Marys St at Williamson Dr (SB),Bus Stop,-78.6530495280441,35.7985694424667
9412,Green Rd at Calvary Dr (NB),Bus Stop,-78.5869317049428,35.8459819703326
9420,Poplar St at Mordecai St,Bus Stop,-78.6326698067228,35.7945268405447
9430,Sanderford Rd at Seabrook Rd,Bus Stop,-78.6136994567423,35.7422258485309
9433,Lake Boone Trl at Rexwoods Dr (EB),Bus Stop,-78.7014455911379,35.8154030242038
9437,Morgan St at Boylan Ave,Bus Stop,-78.6493155278521,35.7798901816309
9443,Capital Blvd at Capital Square Shopping Center,Bus Stop,-78.588916056456,35.8229203103328
9444,Capital Blvd at NC Library for Blind and Physically Handicapped,Bus Stop,-78.6184157777317,35.805231425247
9454,E Lane St at N Blount St,Bus Stop,-78.6360558858121,35.783840678789
9457,E Lane St at Seawell Ave,Bus Stop,-78.6270572505069,35.7834073678235
9499,Lead Mine Rd at Town and Country Rd,Bus Stop,-78.6730999997459,35.8489299990647
9500,Lead Mine Rd at Sugar Bush Rd,Bus Stop,-78.674160000103,35.8449899997852
9502,Lead Mine Rd at Philcrest Rd,Bus Stop,-78.6743750001882,35.842870000091
9503,Lead Mine Rd at Sugar Bush Rd,Bus Stop,-78.6737290001078,35.8455260004689
9505,Glenbrook Dr at MLK Jr Blvd,Bus Stop,-78.6004596279441,35.7716954625303
9516,MLK Jr Blvd at Raleigh Blvd,Bus Stop,-78.6139997770165,35.7697860713455
9517,Poole Rd at King Richard Rd,Bus Stop,-78.5907620000417,35.7724839990888
9528,Spring Forest Rd at Sentinel Dr,Bus Stop,-78.608083206654,35.8664092835975
9569,Sungate Blvd at Sunnybrook Rd,Bus Stop,-78.5827420001869,35.7764289995408
9576,Triangle Town Center Blvd at Old Wake Forest Rd,Bus Stop,-78.5714059970215,35.8655590701982
9577,Old Wake Forest Rd at Triangle Town Center Blvd,Bus Stop,-78.5691453803208,35.8672596414778
9580,Fox Rd at Werribee Dr,Bus Stop,-78.5560348208887,35.8711152347169
9583,Durant Rd at Leslieshire Dr,Bus Stop,-78.5705289736063,35.8976095803099
9599,Athens Dr at Athena Woods Ln,Bus Stop,-78.7122709433868,35.7708941667856
9605,Avent Ferry Rd at Pineview Dr,Bus Stop,-78.7051633740441,35.7668740014998
9614,Morrill Dr at Western Blvd,Bus Stop,-78.6747645537128,35.7814621601625
9620,New Bern Ave at Trawick Rd,Bus Stop,-78.5772370414808,35.7974074313062
9622,New Bern Ave at Corporation Pkwy,Bus Stop,-78.5690107983182,35.7988920276539
9624,Corporation Pkwy at Lake Woodard Dr,Bus Stop,-78.5669429286365,35.8023854281397
9633,Brentwood Rd at Skycrest Dr,Bus Stop,-78.593895079411,35.8107659514985
9635,Brentwood Rd at Capital Blvd,Bus Stop,-78.5951676283509,35.8178054420282
9643,Marsh Creek Rd at New Hope Rd,Bus Stop,-78.5700519565123,35.8218314027662
9645,Marsh Creek Rd at Pinehurst Dr,Bus Stop,-78.5783791532449,35.8183519954687
9647,Skycrest Dr at Trawick Rd,Bus Stop,-78.5766154926442,35.810510324605
9648,Skycrest Dr at Hatton Way,Bus Stop,-78.5724861429973,35.8104900892073
9649,Skycrest Dr at Charny Dr,Bus Stop,-78.5673430499421,35.8112396725848
9654,Carolina Pines Ave at Sardis Dr,Bus Stop,-78.6586126921908,35.7494204197846
9685,Blue Ridge Rd at Carovel Ct,Bus Stop,-78.7004659998802,35.8233920002979
9686,Blue Ridge Rd at Bentley Bridge Rd,Bus Stop,-78.7012960000836,35.8229049997678
9688,Blue Ridge Rd at Forest View Rd,Bus Stop,-78.7049304534674,35.8170164788044
9689,Blue Ridge Rd at Duraleigh Rd,Bus Stop,-78.7044128782564,35.8211869016891
9698,Oberlin Rd at Ashland St,Bus Stop,-78.6574789994376,35.8121560002098
9701,Oberlin Rd at Craig St,Bus Stop,-78.6579839990526,35.8034129990609
9710,Maywood Ave at Herring St,Bus Stop,-78.6570378799207,35.7612550627683
9719,Culpepper Rd at Boswell Rd,Bus Stop,-78.6019872400343,35.7902255251499
9736,Glen Royal Rd at Brownleigh Dr,Bus Stop,-78.7472168623115,35.8825633896745
9741,Bastion Ln at Lake Woodard Dr,Bus Stop,-78.5805764944136,35.8014012467965
9753,Edwards Mill Rd at Glen Eden Dr,Bus Stop,-78.6984650196528,35.8332011867716
9754,Edwards Mill Rd at Laurel Hills Park,Bus Stop,-78.7004083181575,35.8308228524902
9755,Edwards Mill Rd at Laurel Hills Rd,Bus Stop,-78.7029649018965,35.828300027681
9766,Lake Wheeler Rd at Stewart Dr,Bus Stop,-78.6770900000309,35.7457179996505
9778,Creedmoor Rd at Lynn Rd,Bus Stop,-78.679217000418,35.8742879999515
9787,Purser Dr at Wal-Mart,Bus Stop,-78.6582879997246,35.7176140000044
9789,N Blount St at North St,Bus Stop,-78.6363036321843,35.7839370107652
9796,Tryon Rd at Disk Dr,Bus Stop,-78.6872709997096,35.7434330004734
9802,Poplar St at Mordecai Dr,Bus Stop,-78.6324538157959,35.7945427715547
9923,New Bern Ave at WakeMed (across),Bus Stop,-78.5893002730895,35.7862951569396
8793,Six Forks at Office Center OB,Bus Stop,-78.6491094408512,35.8944556578199
8955,Raven Ridge Rd at Rio Falls Dr,Bus Stop,-78.5909175451298,35.9068386553978
8957,Durant Rd at Durant Road Middle School,Bus Stop,-78.5862412445441,35.9039767879955
8958,Durant Rd at Deerland Grove Dr,Bus Stop,-78.5817272264111,35.9023334183462
8964,Perry Creek Rd at Liston Dr,Bus Stop,-78.5540648433184,35.8861949524475
8965,Perry Creek Rd at Berkshire Downs Dr,Bus Stop,-78.5498480411306,35.8820679851833
8900,Brier Creek Pkwy at Brier Leaf Ln,Bus Stop,-78.785626141491,35.9083843653351
1891, New Bern Ave at WakeMed (EB),Bus Stop,-78.5889746670367,35.7860712139678
8024,Poole Rd at New Hope Rd (EB),Bus Stop,-78.5589139285609,35.7650036072525
8107,Poole Rd at Hickory Hollow Ln,Bus Stop,-78.5521578744805,35.7607636953835
8109,Poole Rd at Riverknoll Dr (EB),Bus Stop,-78.5459193901409,35.7575148641615
8114,Poole at Riverknoll Dr (WB),Bus Stop,-78.5459231504887,35.7576734362089
8661,Poole Rd at Woodard St (WB),Bus Stop,-78.5387010782065,35.7555088862292
8060,Barwell at Chatmoss OB,Bus Stop,-78.5378340028149,35.7446668460852
8091,Barwell Rd at Berkely Lake Rd,Bus Stop,-78.5424977458513,35.7406463507499
8068,Rock Quarry Rd at Quarry Trace Dr,Bus Stop,-78.5535299881949,35.728331123038
8190,Shoppes at Battle Bridge,Bus Stop,-78.5469587005005,35.7243622814269
8201,Rock Quarry at Rockwood IB,Bus Stop,-78.5769238986543,35.7430410878614
8204,Rock Quarry at Holloway IB,Bus Stop,-78.5802847063379,35.7443059161585
8086,Blue Ridge Rd at Reedy Creek Rd,Bus Stop,-78.7057578593362,35.8093668005531
8226,Western Blvd at Merendino St,Bus Stop,-78.7053134232393,35.7857292656031
8303,Peyton St at MLK Jr Blvd,Bus Stop,-78.6071504814029,35.7714361808217
8230,Peyton St at Brigham Rd,Bus Stop,-78.6059410148572,35.7661790870109
8258,Bell Dr at Cooper Rd,Bus Stop,-78.5857102207352,35.7670874777098
8283,Blue Ridge Rd at Forest View Rd (SB),Bus Stop,-78.7052484579763,35.8165825074099
8279,Hillsborough St at Marsh Ave,Bus Stop,-78.7158476476743,35.7906607794892
8284,Edwards Mill Rd at Kingdom Way,Bus Stop,-78.7273124863194,35.7979333051129
8288,MLK Jr Blvd at Grantland Dr,Bus Stop,-78.6108063407416,35.7708254937675
8302,Rock Quarry Rd at Raleigh Blvd,Bus Stop,-78.6156294691639,35.7661647298451
8162,Garner Rd at Bragg St,Bus Stop,-78.6316580027773,35.7658700571355
8427,Garner Rd at Peterson St (NB),Bus Stop,-78.6313450000879,35.7602989996172
8321,Garner Rd at Raleigh View Rd (SB),Bus Stop,-78.631477600407,35.7456470002483
8417,Garner Rd at Raleigh Pines Dr (NB),Bus Stop,-78.6295280002206,35.7386489996737
8329,Garner Rd at Meadowbrook Dr (SB),Bus Stop,-78.6262830006484,35.7261099995885
8397,Garner Rd at Vandora Springs Rd,Bus Stop,-78.6200990000291,35.7130190002939
1915,7th Ave at Forest Hills Dr (SB),Bus Stop,-78.6240706064105,35.7069011089857
8346,Poole Dr at Aversboro Rd,Bus Stop,-78.615901860816,35.6953215811533
8429,New Bern Ave at New Hope Rd,Bus Stop,-78.5622369998161,35.7983050002525
8430,New Bern Ave at Kings Pkwy,Bus Stop,-78.5542159516273,35.796583201938
8550,New Bern Ave at Rogers Ln (Aldi),Bus Stop,-78.547389798412,35.7934346858335
8431,New Bern Ave at Rogers Ln (Edgewater Place),Bus Stop,-78.5470833165933,35.7928746490805
8459,McKnight Dr at Electric Ave (EB),Bus Stop,-78.4881810205688,35.7937496578203
8460,Main St at 2nd Ave (EB),Bus Stop,-78.4806330000559,35.7896899998983
8943,Peyton St at Ellerbe Ln,Bus Stop,-78.6068070024692,35.7675757993699
8679,Garner Rd at Benson Rd,Bus Stop,-78.6133482352291,35.7110920800105
1917,Timber Dr at Chapwith Rd,Bus Stop,-78.6061675834466,35.6863674446195
8749,Heather Park Dr at Dartmouth Glen Dr,Bus Stop,-78.6127018758227,35.6932928019827
8757,Poole Dr at Bayleigh Ct,Bus Stop,-78.6159337078894,35.6954441454331
1532,7th Ave at Garner Town Hall IB,Bus Stop,-78.6209404968715,35.705475615512
9000,Raleigh Union Station,Bus Stop,-78.6461784015725,35.7773041026102
9915,West St at Jones St (NB),Bus Stop,-78.6457815294732,35.7826356221448
8944,Peyton St at Dacian Rd,Bus Stop,-78.6070039392306,35.7700834110425
8942,Peyton Dr at Belmont Dr (NB),Bus Stop,-78.604372746814,35.7649436586037
8176,Glenwood Ave at Cole St (Raleigh Charter HS),Bus Stop,-78.6464929421776,35.7958755141183
8781,Timber Dr East at Shenstone Blvd NB,Bus Stop,-78.5805668294394,35.6897288186408
8774,Timber Dr East at White Oak Village SB,Bus Stop,-78.5771633679494,35.6882279809643
8780,Timber Dr East at White Oak Village NB,Bus Stop,-78.5770345612158,35.6884724219541
8803,Deep Hollow Dr at Duraleigh Rd (WB),Bus Stop,-78.7106080270486,35.8531001516461
8782,Country Trl at Silhouette Pl,Bus Stop,-78.7366787436798,35.884688991039
8794,Marvino Ln at Ebenezer Church Rd,Bus Stop,-78.7407158731779,35.887433690568
8824,Pylon Dr (OB),Bus Stop,-78.7015153075905,35.7932287745576
1187,Hillsborough St at Meredith College (EB),Bus Stop,-78.6886200078566,35.7942858945589
9922,West St at Tucker St ,Bus Stop,-78.645599380778,35.786255127064
8912,West St at Jones St (SB),Bus Stop,-78.6458782519782,35.7829019631521
8985,Sunnybrook Rd at Holston Ln (SB),Bus Stop,-78.5842579907722,35.7849906697501
8643,Knightdale Blvd at Sugar Magnolia Ln,Bus Stop,-78.4729195623673,35.7994501434634
8987,Sunnybrook Dr at Calumet Dr SB,Bus Stop,-78.5861846863887,35.7864975352523
8171,Whitaker Mill Rd at Carroll Dr,Bus Stop,-78.6388265273035,35.8066875656301
8552,Rock Quarry Rd at Walnut Creek (Coastal Credit Union Music Park),Bus Stop,-78.5835176012477,35.7455302731476
8646,Carl Sandburg Ct at Sunnybrook Rd,Bus Stop,-78.5828741806989,35.7802573438194
8883,N New Hope Rd at Duke Energy (SB),Bus Stop,-78.561545112636,35.791919983516
8946,S New Hope Rd at Rogers Ln (SB),Bus Stop,-78.5600466769386,35.7713323505013
9213,S New Hope Rd at Commodity Pkwy (NB),Bus Stop,-78.5601055178984,35.7749094439113
8197,Chapel Hill Rd at Hillsborough St,Bus Stop,-78.7172172256026,35.7900986083177
8137,Falls of Neuse Rd at Strickland Rd (IB),Bus Stop,-78.6260861627016,35.8929191182406
8057,Lafayette Village,Bus Stop,-78.6206023796449,35.8951172393786
9807,Pullen Rd at Western Blvd,Bus Stop,-78.6670964076175,35.7802825930478
6415,Western Blvd at Pullen Rd,Bus Stop,-78.6667732014314,35.7789473445754
8341,Raleigh Blvd at Yonkers Rd,Bus Stop,-78.6027220449377,35.8088792775467
8418,Raleigh Blvd at Westinghouse Blvd (OB),Bus Stop,-78.5972677724917,35.811813839529
8553,Westinghouse Blvd at Operations Way,Bus Stop,-78.5966752719434,35.8148332481059
8589,Raleigh Blvd at Crabtree Creek Greenway,Bus Stop,-78.6079597109398,35.8047199094802
8867,Raleigh Blvd at Cantwell Ct (IB),Bus Stop,-78.612372302916,35.7950365609738
8858,Raleigh Blvd at Glascock St (IB),Bus Stop,-78.6132051288152,35.7931875696015
8219,Glascock St at Clifton St (WB),Bus Stop,-78.6275339452137,35.7931505443349
8192,Glascock St at Clifton St (EB),Bus Stop,-78.6277713207111,35.7930776606887
8929,Halifax St at W Franklin St (IB),Bus Stop,-78.6385249672048,35.7901192896947
8663,Blue Ridge Rd at Hopeful Dr,Bus Stop,-78.7050318955432,35.8207635061795
9199,W Martin St at S Dawson St,Bus Stop,-78.6431928961533,35.7770166482381
9285,Atlantic Ave at Highwoods Blvd,Bus Stop,-78.6075615632562,35.8245213435286
9287,Atlantic Ave at Stillwell Ct,Bus Stop,-78.6029287177356,35.8306240600065
9273,Green Rd at Spring Forest Rd (SB),Bus Stop,-78.5862388699316,35.8546054830159
9293,Green Rd at Leigh Dr (SB),Bus Stop,-78.5865275426773,35.8511488329054
9299,Atlantic Ave at Whitaker Mill Rd (SB),Bus Stop,-78.621464991476,35.8070396810293
1703,Hillsborough St at S Dawson St,Bus Stop,-78.6436499997805,35.7804699997943
8001,GoRaleigh Station,Bus Stop,-78.6371570002631,35.7775249998586
8002,Wilmington St at Morgan St,Bus Stop,-78.6380914080587,35.7798569297882
8012,Wake Forest Rd at Frank St,Bus Stop,-78.6301638152023,35.7962182997359
8017,Capital Blvd at Hodges St (NB),Bus Stop,-78.6121900005024,35.8106200001227
8020,Capital Blvd at Trawick Rd,Bus Stop,-78.5921090193187,35.8204799998922
8025,Capital Blvd at Calvary Dr (NB),Bus Stop,-78.5798094292807,35.845345183919
8033,Capital Blvd at Sumner Blvd (SB),Bus Stop,-78.5824058425228,35.8655958307367
8034,Capital Blvd at Oak Forest Dr (SB),Bus Stop,-78.5819496438855,35.8607919481538
8045,Capital Blvd at Brentwood Rd (SB),Bus Stop,-78.5969502128614,35.8186493865808
8048,Capital Blvd at Crabtree Blvd (SB),Bus Stop,-78.6161596916755,35.806876718667
8051,Wake Forest Rd at Brookside Dr,Bus Stop,-78.6255636189891,35.8001852543613
8059,Salisbury St at Lane St,Bus Stop,-78.6399577146554,35.7851393601345
8063,S Salisbury St at W Morgan St,Bus Stop,-78.6401396567381,35.7798761432289
8065,Gorman St at Burt Dr,Bus Stop,-78.6878596225962,35.7770147520713
8066,Gorman St at Marcom S,Bus Stop,-78.6871775102414,35.7789885989811
8085,Whitaker Mill Rd at Sunset Dr,Bus Stop,-78.6425106952518,35.8051113461435
8099,Wake Forest Rd at Hodges St (NB),Bus Stop,-78.6261451344051,35.815159004095
8110,Wake Forest Rd at New Hope Church Rd,Bus Stop,-78.6129614027015,35.8373791051199
8113,Falls of Neuse Rd at Pacific Dr,Bus Stop,-78.6129402644445,35.8429422765874
8118,Falls of Neuse at Quail Ridge Rd,Bus Stop,-78.6143157791806,35.8520673640208
8123,Falls of Neuse Rd at Falls Church Rd,Bus Stop,-78.6193285644173,35.8622092113012
8125,Volant Dr at Carlos Dr,Bus Stop,-78.6174500003086,35.8648600001147
8127,Falls of Neuse Rd at Springfield Commons Dr,Bus Stop,-78.6205775972597,35.8671637512727
8128,Falls of Neuse Rd at Bullard Ct,Bus Stop,-78.6210746324114,35.8695706773825
8141,Falls of Neuse Rd at Harps Mill Rd,Bus Stop,-78.6257169479333,35.8807757722137
8146,Falls of Neuse Rd at Logger Ct,Bus Stop,-78.6199677777257,35.8634958831212
8148,Falls of Neuse Rd at Fairfax Dr,Bus Stop,-78.6159428302811,35.856701915908
8149,Falls of Neuse Rd at Fireside Dr,Bus Stop,-78.6151518654701,35.8543718655986
8152,Falls of Neuse Rd at Cedarhurst Dr,Bus Stop,-78.6148618901947,35.8491266503173
8154,Wake Forest Rd at Old Wake Forest Rd,Bus Stop,-78.6119678417428,35.8412255816812
8156,Wake Forest Rd at Hardimont Rd,Bus Stop,-78.613148598132,35.8375437997032
8166,McNeil St at Bernard St,Bus Stop,-78.6291555596021,35.8143514709129
8172,E Whitaker Mill Rd at McCarthy St,Bus Stop,-78.6414764226444,35.8055970256983
8177,Glenwood Ave at Washington St,Bus Stop,-78.6469169999924,35.7927729999948
8179,Glenwood Ave at W Peace St,Bus Stop,-78.6472328018322,35.7896384337186
8182,Glenwood Ave at W Jones St,Bus Stop,-78.6475207541016,35.783028709784
8188,E Morgan St at S Person St,Bus Stop,-78.6351485819852,35.7799586923205
8218,Glascock St at Brookside Dr,Bus Stop,-78.6247025873825,35.7930880970183
8234,Hillsborough St at W Park Dr,Bus Stop,-78.6563937070136,35.7835932568715
8237,Hillsborough St at Enterprise St,Bus Stop,-78.6644649997728,35.7868619995879
8245,Dixie Trl at O'Berry St (NB),Bus Stop,-78.6762434456735,35.7997120720715
8271,Dixie Trl at Ruffin St,Bus Stop,-78.67637783364,35.7966214720896
8277,Hillsborough St at NCSU Belltower,Bus Stop,-78.6636972905478,35.786509218638
8280,Hillsborough St at Forest Rd,Bus Stop,-78.659040224689,35.7846216713094
8292,Rock Quarry Rd at Raleigh Blvd,Bus Stop,-78.6158090908983,35.7661193477138
8293,Rock Quarry Rd at Flea Market,Bus Stop,-78.6138014101372,35.7603838834611
8297,2008 Atkins Dr,Bus Stop,-78.6061123702943,35.7524560286862
8299,Atkins Dr at Rock Quarry Rd,Bus Stop,-78.6073590190079,35.7490083650656
8306,Snowberry Dr at Oak Hill Ct,Bus Stop,-78.6143490006765,35.7386710004124
8311,Dandridge Dr at Elkhart Dr,Bus Stop,-78.6234472789095,35.7477020304284
8312,Dandridge Dr at Newcombe Rd,Bus Stop,-78.6226943056485,35.7494071867131
8316,Rock Quarry Rd at Central Wake HS,Bus Stop,-78.6136483506875,35.7611394576486
8323,E Lenoir St at Chavis Way (IB),Bus Stop,-78.6313567796962,35.7727873015471
8324,Crabtree Valley Ave at Edwards Mill Rd,Bus Stop,-78.6810225782064,35.8386918895491
8331,Grove Barton Rd at Lynn Rd,Bus Stop,-78.7171199522724,35.8711275303208
8332,Avent Ferry Rd at Centennial,Bus Stop,-78.6787554675845,35.7769951494876
8343,McDowell St at Martin St,Bus Stop,-78.6418487833128,35.7766888611324
8348,Glenwood Ave at Alexander Rd,Bus Stop,-78.6471649996895,35.8065439999833
8358,Glenwood Ave at Moorehead Dr,Bus Stop,-78.687780000421,35.8456149999397
8360,Glenwood Ave at Rembert Dr,Bus Stop,-78.6963099999138,35.85205400023
8359,Glenwood Ave at Carolina Corporate,Bus Stop,-78.6923738087142,35.8493147665718
8362,Glenwood Ave at Deblyn Ave,Bus Stop,-78.6987825714108,35.8537555879013
8367,Duraleigh Rd at Glenwood Ave,Bus Stop,-78.7126119259023,35.8616581324195
8368,Duraleigh Rd at Pleasant Valley Rd,Bus Stop,-78.7130055991009,35.8600596337744
8374,Glenwood Ave at Holly Ridge Dr,Bus Stop,-78.7005939612991,35.854596548658
8375,Glenwood Ave at Glen Forest Dr,Bus Stop,-78.698496544231,35.8531399752688
8380,Glenwood Ave at Beta Center (south),Bus Stop,-78.6896566133888,35.8464436318241
8388,Glenwood Ave at Oberlin Rd,Bus Stop,-78.6606630734705,35.816520087455
8390,Glenwood Ave at St Mary's St,Bus Stop,-78.650742861007,35.8119597592397
8391,Glenwood Ave at Woodland Ave,Bus Stop,-78.6496681067196,35.8101799166399
8392,Glenwood Ave at Mrytle Ave,Bus Stop,-78.6477847716585,35.8071067714333
8396,W Lenoir St at S West St (OB),Bus Stop,-78.6460919998118,35.7732150000476
8400,S Saunders St at Hubert St,Bus Stop,-78.6492699994369,35.757589999414
8404,S Wilmington St at Chapanoke Rd,Bus Stop,-78.6506300074545,35.7358397150433
8411,Garner Station Blvd at Rupert Rd,Bus Stop,-78.6626352105908,35.722262041013
8413,Wilmington St Service Rd at Mechanical Blvd,Bus Stop,-78.6489008709068,35.7264765587851
8421,S Saunders St at Dorothea Dr,Bus Stop,-78.6479868395968,35.7710565233545
8440,St Marys St at Wade Ave (NB),Bus Stop,-78.6526486782048,35.7970982903738
8447,Lassiter Mill Rd at Millstream Pl,Bus Stop,-78.6494799878211,35.8248292801104
8450,North Hills Mall at Total Wine,Bus Stop,-78.6416170000032,35.8371270005359
8457,W Millbrook Rd at Snelling Rd,Bus Stop,-78.64556999958,35.8563599993655
8480,Lassiter Mill Rd at Marlowe Rd,Bus Stop,-78.6485061745272,35.8291287785303
8493,St Marys St at Peace St (SB),Bus Stop,-78.6511461434842,35.788921928806
8504,Milburnie Rd at N King Charles Rd,Bus Stop,-78.6096025434637,35.788758416574
8512,Milburne Rd at Chatham Ln,Bus Stop,-78.598169252753,35.7877063516586
8514,Chatham Ln at Bertie Dr,Bus Stop,-78.5989521048787,35.7853388314909
8516,Bertie Dr at Locke Ln,Bus Stop,-78.6069957079677,35.7861200832895
8517,Oakwood Ave at N King Charles Rd,Bus Stop,-78.6116665971021,35.7836454974151
8518,Oakwood Ave at Fisher St,Bus Stop,-78.6146532933009,35.7841577496667
8521,Tarboro Rd at E Lane St,Bus Stop,-78.6222043797639,35.7834767674628
8524,Western Blvd at Ashe Ave,Bus Stop,-78.6622971296336,35.7777289891746
8543,Sierra Dr at Lake Wheeler Rd,Bus Stop,-78.6690143207982,35.7508782379059
8574,Peace St at St Marys St (WB),Bus Stop,-78.6512994391908,35.7887391273098
8584,Hillsborough St at Shepherd St,Bus Stop,-78.678768532682,35.7903435188641
8595,Gorman St at McKimmon Center,Bus Stop,-78.6870103436485,35.7835638353868
8597,Hillsborough St at Turner St,Bus Stop,-78.6831124096844,35.7926764302211
8612,St Marys St at Hillsborough St (IB),Bus Stop,-78.6506337525469,35.7811262954883
8614,New Bern Ave at S Swain St,Bus Stop,-78.6291321575906,35.7800309408335
8619,New Bern Ave at Idlewild Ave,Bus Stop,-78.6258226553878,35.7799240150223
8623,New Bern Ave at Carver St,Bus Stop,-78.6160500001928,35.7798700003797
8630,New Bern Ave at Donald Ross Dr,Bus Stop,-78.5926590550722,35.7827490527683
8632,WakeMed at Wake Tech,Bus Stop,-78.5863970061261,35.7845627656907
8633,WakeMed at the Andrews Center,Bus Stop,-78.5880347759246,35.7861266162488
8658,E Edenton St at Ray St,Bus Stop,-78.6297221225602,35.7809489642791
8671,St Mary's St at Wedgedale Dr,Bus Stop,-78.651058489472,35.8174036934726
8683,Creedmoor Rd at Marriott Dr,Bus Stop,-78.6800320005527,35.8456189997908
8689,Creedmoor Rd at Sawmill Rd,Bus Stop,-78.6789849997161,35.8832110005066
8694,Creedmoor Rd at Morgan's Way,Bus Stop,-78.6803978457404,35.8933536507911
8695,Creedmoor Rd at Howard Rd,Bus Stop,-78.6799747338517,35.8890630731715
8696,Creedmoor Rd at Stonehenge Dr,Bus Stop,-78.6796254500046,35.8858012416808
8704,Creedmoor Rd at Isabella Cannon Dr,Bus Stop,-78.6804267714925,35.8473143913141
8706,Crabtree Valley Ave at Creedmoor Rd,Bus Stop,-78.6842735533719,35.8410122798712
8715,W Millbrook Rd at N Hills Dr,Bus Stop,-78.6560199997706,35.8563999997289
8717,W Millbrook Rd at Snelling Rd,Bus Stop,-78.645645999748,35.8561279997727
8718,W Millbrook Rd at Six Forks Rd (EB),Bus Stop,-78.6427999994857,35.8560000002842
8720,E Millbrook Rd at Farley Dr,Bus Stop,-78.6364500009817,35.853900000123
8723,E Millbrook Rd at Dantree Pl,Bus Stop,-78.6245799996856,35.8514200003014
8725,E Millbrook Rd at Falls of Neuse Rd,Bus Stop,-78.6156812669215,35.850526346972
8730,E Millbrook Rd at Leafcrest Ct,Bus Stop,-78.5994499997182,35.8485000001893
8732,E Millbrook Rd at Hoyle Dr,Bus Stop,-78.5921799997009,35.8478100002541
8734,E Millbrook Rd at Signett Dr (EB),Bus Stop,-78.5838799994636,35.8494590004786
8738,New Hope Rd at Rolling Green Ct,Bus Stop,-78.574730000728,35.8455999995858
8743,E Millbrook Rd at Hargrove Rd,Bus Stop,-78.5912087457386,35.8483130126077
8747,E Millbrook Rd at Professional Ct,Bus Stop,-78.6086499995808,35.8503000002529
8754,E Millbrook Rd at Farley Dr,Bus Stop,-78.6361600005535,35.8540999992064
8784,Six Forks Rd at West Brook Dr,Bus Stop,-78.6414894616907,35.8714738191969
8792,Six Forks Rd at Featherstond Dr,Bus Stop,-78.6482916721087,35.8917402876283
8819,Blount St at Bragg St,Bus Stop,-78.6372880006827,35.7658810001692
8823,Keeter Center Dr at McLendon St,Bus Stop,-78.6399568441879,35.7636046826339
8830,Maywood Ave at Caraleigh Park,Bus Stop,-78.646199661102,35.7608901543797
8832,Maywood Ave at Summit Ave,Bus Stop,-78.651539999939,35.7608669992941
8833,Maywood Ave at Moring St,Bus Stop,-78.6532210002622,35.7608849992484
8841,Six Forks Rd at Colonnade Center Dr,Bus Stop,-78.6507014163331,35.8982593239254
8843,Six Forks Rd at Forum Dr,Bus Stop,-78.6506106945742,35.8975042828078
8859,Oberlin Rd at Bedford Ave,Bus Stop,-78.6625146378375,35.7934005242873
8862,Cameron St at Woodburn Rd,Bus Stop,-78.658688146183,35.7908875127405
8864,S State St at Bragg St (SB),Bus Stop,-78.6247414736545,35.7652398166186
8870,Garner Rd at Peterson St (Greenway),Bus Stop,-78.6314820003552,35.7595459994307
8871,Six Forks Rd at Lynn Rd,Bus Stop,-78.6375877640014,35.8644953542335
8877,Hadley Dr at Gilliam Ln,Bus Stop,-78.6209260375887,35.7505572301819
8878,S State St at Bunche Dr (NB),Bus Stop,-78.6213753308764,35.7530225490326
8879,S State St at Peterson St (NB),Bus Stop,-78.6243710003465,35.7611860001885
8885,Lenoir St at Freeman St,Bus Stop,-78.6247700005547,35.7726229995881
8887,Lenoir St at Haywood St (IB),Bus Stop,-78.6288512723676,35.7727359962599
8889,Lenoir St at Blount St,Bus Stop,-78.6370802230524,35.7728988002202
8904,Brier Creek Shopping Center at McDonalds,Bus Stop,-78.7823032373224,35.9109741983792
8907,E Bragg St at S Person St,Bus Stop,-78.6354368190205,35.7658867191482
8908,S Wilmington St at Davie St,Bus Stop,-78.6382676081101,35.7762770773609
8917,Lassiter Mill Rd at Marlowe Rd,Bus Stop,-78.6484798934152,35.8287922922295
8920,Six Forks Rd at Lassiter Mill Rd,Bus Stop,-78.6426192413825,35.8399706507422
8926,MLK Jr Blvd at S Haywood St,Bus Stop,-78.6273061781637,35.7680174359261
8927,MLK Jr Blvd at S East St,Bus Stop,-78.633209969093,35.7690647664291
8941,Six Forks Rd at Computer Dr,Bus Stop,-78.6361939999903,35.8316490002652
9048,Spring Forest Rd at Quail Ridge Rd,Bus Stop,-78.6040681900849,35.8643370070003
9049,Spring Forest Rd at Millbrook Exchange Park,Bus Stop,-78.6077848186559,35.8664734580506
9058,Dana Dr at Fort Sumter Rd,Bus Stop,-78.727258999729,35.7739110002403
9060,Buck Jones Rd at Bashford Rd,Bus Stop,-78.7323212767479,35.7768549111062
9068,Schaub Dr at Sandlin Pl,Bus Stop,-78.7040377562471,35.7828713564672
9073,Kaplan Dr at Pineview Dr,Bus Stop,-78.7106239999926,35.7750889997982
9089,Athens Dr at Jones Franklin Rd,Bus Stop,-78.7209059999537,35.7787920005956
9093,Avent Ferry Rd at Crab Orchard Dr EB,Bus Stop,-78.7016505040408,35.7667904110815
9104,Green Rd at Greenock Dr,Bus Stop,-78.5913747768297,35.8388163224093
9105,Green Rd at Kilcullen Dr (NB),Bus Stop,-78.5896511918704,35.8422403381933
9114,New Hope Rd at Green Acres Rd,Bus Stop,-78.5787400002063,35.8501099997479
9117,Green Rd at Kilcullen Dr (SB),Bus Stop,-78.5901088287104,35.8418831128278
9119,Green Rd at New Hope Church Rd (SB),Bus Stop,-78.5929013774167,35.8362650037597
9124,E Martin St at Chavis Way,Bus Stop,-78.6311800002314,35.7765799994911
9145,New Bern Ave at Trawick Rd,Bus Stop,-78.5755348795445,35.798271015849
9146,Milburnie Rd at N Peartree Ln,Bus Stop,-78.5914359031289,35.7871434456484
9147,E Lane St at Linden Ave,Bus Stop,-78.6291452640106,35.7835936503918
9151,E Lane St at N East St,Bus Stop,-78.631916175895,35.7837204673375
9159,MLK Jr Blvd at Gregg St,Bus Stop,-78.6268239508411,35.7678207331526
9161,Garner Rd at Warehouse Dr,Bus Stop,-78.6312480000035,35.7520919999786
9179,Sunnybrook Rd at Calumet Dr (WakeMed Medical Park),Bus Stop,-78.5863549613776,35.7869130071903
9183,Bell Dr at Friar Tuck Rd,Bus Stop,-78.5852617188633,35.766871147877
9186,Poole Rd at Peyton St,Bus Stop,-78.6064305266184,35.7748397169275
9205,S Tarboro Rd at E Hargett St,Bus Stop,-78.622318200802,35.7775544520013
9218,Glenbrook Dr at Dacian Rd,Bus Stop,-78.6030005585394,35.7682063894635
9220,Glenbrook Dr at MLK Jr Blvd,Bus Stop,-78.6003568543874,35.7716085339384
9221,Poole Rd at Carya Dr (WB),Bus Stop,-78.5689116512603,35.7681338051242
9225,Poole Rd at Lightner Ln,Bus Stop,-78.6133612167833,35.7775446919537
9227,Poole Rd at Sunbury St,Bus Stop,-78.6179459997029,35.779238000025
9230,E Hargett St at Camden St,Bus Stop,-78.6263431940606,35.777901611424
8875,Beverly Dr at Carlisle St,Bus Stop,-78.5952285781446,35.7676140178888
9237,E Hargett St at S East St,Bus Stop,-78.6317630005626,35.7780910006157
9238,Poole Rd at Angier Rd,Bus Stop,-78.6111629539431,35.7765919234812
9239,Lake Wheeler Rd at Grissom St,Bus Stop,-78.6535330004317,35.7659229995957
9250,Poole Rd at Parnell Dr,Bus Stop,-78.608832000054,35.7757499998257
9260,Beverly Dr at Friar Tuck Rd,Bus Stop,-78.5945744267513,35.7695610636371
9266,Beverly Dr at Little John Rd,Bus Stop,-78.5963898285158,35.7629904817754
9278,Middle Branch Rd at Sunnybrook Rd (EB),Bus Stop,-78.5809450004111,35.7651720002902
9298,Poole Rd at Rose Ln,Bus Stop,-78.5978213298536,35.7723447811508
9303,Peace St at St Marys St (EB),Bus Stop,-78.6512547390222,35.7886131323241
9308,Norman Pl at Buck Jones Rd,Bus Stop,-78.732688362509,35.7750688078535
9310,Edwards Mill Rd at Mill Tree Rd,Bus Stop,-78.6971320033145,35.8339737113582
9315,E Lenoir St at Chavis Way (OB),Bus Stop,-78.6312884619205,35.7726961483266
9322,Western Blvd at Jones Franklin Rd,Bus Stop,-78.7207234021008,35.7852043727846
9326,Dana Dr At Jefferies Rd,Bus Stop,-78.7297529996389,35.7696359994642
9330,Rock Quarry Rd at MLK Jr Blvd,Bus Stop,-78.6182368634121,35.7692942260374
9333,Lake Wheeler Rd at Tryon Rd,Bus Stop,-78.6793821206486,35.7439503238294
9337,Carolina Pines Ave at Quaker Landing,Bus Stop,-78.666752383574,35.752139628962
9344,Pecan Rd at S Saunders St (EB),Bus Stop,-78.6479967426245,35.7486421304867
9357,1525 Cross Link Rd,Bus Stop,-78.6162907415025,35.7527073136258
9361,Rush St at Disco Ln,Bus Stop,-78.6340552424529,35.7413188371258
9377,Lake Wheeler Rd at Lineberry Dr,Bus Stop,-78.675073999972,35.7471349990386
9389,Edwards Mill Rd at Laurel Hills Rd,Bus Stop,-78.6955190881033,35.8350276527028
9392,Sanderford Rd at Fox Run,Bus Stop,-78.6132685663415,35.747993628876
9393,Poplar St at N Blount St,Bus Stop,-78.6352689993524,35.7956939993491
9406,E Millbrook Rd at Walenda Dr,Bus Stop,-78.5948058722704,35.8479000159174
9413,Lake Boone Trl at Myron Dr (WB),Bus Stop,-78.6932171327299,35.8158255661746
9418,Cedar St at Harp St,Bus Stop,-78.6363157854917,35.7940807206919
9432,Lake Boone Trl at Landmark Dr,Bus Stop,-78.6995942235245,35.8155314672706
9442,Wake Forest Rd at Mimosa St,Bus Stop,-78.6327449400165,35.7922091906647
9461,Hill St at Oakwood Ave,Bus Stop,-78.6173581601472,35.7845014646826
9467,Ridge Rd at Lewis Farm Rd (IB),Bus Stop,-78.6848920838692,35.8095236089376
9468,Ridge Rd at Ridgecrest Ct,Bus Stop,-78.6837677758158,35.8122862842946
9477,W Hargett St at S Dawson St,Bus Stop,-78.6432589999683,35.7784790004628
9479,Harrington St at Hillsborough St,Bus Stop,-78.6449170932517,35.7807709994942
9487,Oberlin Rd at Stafford Ave,Bus Stop,-78.6628805153421,35.7899527357902
9504,Lead Mine Rd at French Dr,Bus Stop,-78.6727199998043,35.8492100004825
9506,Glenbrook Dr at Fernbrook Rd,Bus Stop,-78.601720896739,35.7696760522854
9525,Spring Forest Rd at New Market Way,Bus Stop,-78.6171660006265,35.8690300005141
9526,Spring Forest Rd at Andsley Dr,Bus Stop,-78.6126440512678,35.8690703075052
9529,Spring Forest Rd Quail Ridge Rd,Bus Stop,-78.6047783406563,35.8644732310671
9543,Louisburg Rd at Harnett Dr,Bus Stop,-78.5433107454379,35.8724743019634
9545,Fox Rd at Herman Pl,Bus Stop,-78.5537399999353,35.8713099994506
9547,Durant Rd at Capital Blvd,Bus Stop,-78.562300078617,35.8943629050067
9566,Poole Rd at Ashford St,Bus Stop,-78.5926287099819,35.7719614560847
9568,Sunnybrook Rd at Eatmon Mill Ct,Bus Stop,-78.5831944106286,35.773109290246
9572,Old Wake Forest Rd at Oak Forest Dr,Bus Stop,-78.5921444632465,35.8653228125709
9573,Old Wake Forest Rd at Barrow Dr,Bus Stop,-78.5878428185248,35.8674656424699
9575,Triangle Town Center Blvd at Sumner Blvd,Bus Stop,-78.5714077523296,35.8641410777963
9578,Fox Rd at Bivens Dr,Bus Stop,-78.562557605846,35.8674928780732
9582,Perry Creek Rd at Filbin Creek Dr,Bus Stop,-78.5541954601574,35.8867384153443
9600,S Boylan Ave at Dorothea Dr,Bus Stop,-78.6528840386059,35.7717801286777
9602,Trailwood Dr at Lineberry Dr,Bus Stop,-78.6947730615144,35.7508839069305
9603,Lead Mine Rd at Belsay Dr (NB),Bus Stop,-78.6722300002578,35.8532599993746
9604,Avent Ferry Rd at Trailwood Dr,Bus Stop,-78.6910711338729,35.7693610009375
9608,MLK Jr Blvd at Raleigh Blvd,Bus Stop,-78.6138092155987,35.770130883483
9610,MLK Jr Blvd at Coleman St (WB),Bus Stop,-78.6230102664901,35.7678071212048
9615,Athens Dr at Kaplan Dr,Bus Stop,-78.7151590009741,35.773164001148
9626,New Bern Ave at Corporation Pkwy,Bus Stop,-78.5703165840254,35.7992606567401
9637,Buffalo Rd at Bison Hill Ln,Bus Stop,-78.5794396404889,35.8317351538157
9638,Buffalo Rd at Durwood Ln,Bus Stop,-78.5759530003935,35.8303990000001
9639,3812 Buffaloe Rd,Bus Stop,-78.5729740422826,35.8303889296278
9640,Buffalo Rd at New Hope Rd,Bus Stop,-78.5695522075501,35.8310074798694
9642,New Hope Rd at Butler Blvd,Bus Stop,-78.5693050666424,35.8242104020198
9653,E Hargett St at S State St,Bus Stop,-78.6229075387475,35.7777567657422
9659,S Blount St at E South St,Bus Stop,-78.6369492837183,35.7723073826692
9667,Hardimont Rd at Quail Hollow Dr,Bus Stop,-78.6256233236772,35.8358737415975
9674,Edenton St at Salisbury St,Bus Stop,-78.6403430928106,35.7813247412253
9681,Blue Ridge Rd at Arbor Dr,Bus Stop,-78.6860520002421,35.8305829991053
9692,Blue Ridge Rd at Burch Dr,Bus Stop,-78.6986519994876,35.8243119999503
9695,Blue Ridge Rd at Arbor Dr,Bus Stop,-78.6877229996213,35.82985300073
9696,Blue Ridge Rd at Homewood Banks Dr,Bus Stop,-78.6811509995628,35.8327220005452
9700,Oberlin Rd at Colonial Rd,Bus Stop,-78.6562040007919,35.8062439998205
9704,Morgan St at McDowell St,Bus Stop,-78.6414812879199,35.7796136006777
9724,Seabrook Rd at Golden St,Bus Stop,-78.6217805707825,35.7418272716145
9725,1322 Cross Link Rd,Bus Stop,-78.6182297505516,35.7495563475283
9727,Lenoir St at Bloodworth St,Bus Stop,-78.63336407508,35.7727719813179
9730,S. East St at E Cabarrus St,Bus Stop,-78.6326734610694,35.773774979269
9732,E Hargett St at S Blount St,Bus Stop,-78.6364401105304,35.7782416002188
9744,Davie St at Dawson St,Bus Stop,-78.6430351550976,35.7757997822368
9745,S Wilmington St at Ileagnes St,Bus Stop,-78.6462027836459,35.7448778832684
9746,Wilmington at Rush IB,Bus Stop,-78.6458656908356,35.7448647595352
9749,Edwards Mill Rd at Blueberry Dr,Bus Stop,-78.7028815283567,35.8280669423578
9759,Rush St at Shelden Dr,Bus Stop,-78.6362240854675,35.7418302121722
9762,Carolina Pines Ave at Springhill Ave,Bus Stop,-78.6593876032093,35.7509481733458
9768,Creedmoor Rd at Falcon Rest Cir,Bus Stop,-78.6799210002246,35.8918799999754
9770,Arco Corporate Dr at Macaw St,Bus Stop,-78.7783451308232,35.9060814063127
9790,N Blount St at New Bern Pl,Bus Stop,-78.6365486916955,35.7804157668914
9791,Gorman St at Hillsborough St,Bus Stop,-78.6843679995459,35.7930439995698
9793,Trailwood Hills Dr at Alder Ridge Ln (NB),Bus Stop,-78.6844832947194,35.7468003708822
9798,Tryon Rd at Tryon Grove Dr,Bus Stop,-78.6899980001463,35.7444869992385
9801,Trailwood Hills Dr at Laurel Falls Ln,Bus Stop,-78.6851789994827,35.7493539992356
9805,Trailwood Dr at Tryon Rd,Bus Stop,-78.6953414354761,35.7484605851551
9917,Harrington St at Hargett St,Bus Stop,-78.6450802292161,35.7776243722526
9924,Avent Ferry Rd at Avery Close Apt,Bus Stop,-78.6828274759702,35.7738525028477
8949,Lassiter Mill Rd at The Circle at North Hills St,Bus Stop,-78.6458615630768,35.8360151860148
8950,Wilmington Service Rd at Sherwee Dr,Bus Stop,-78.6502610073836,35.7336731511109
8951,Falls Church Rd at Nottoway Ct,Bus Stop,-78.6174720368809,35.8626783911744
8978,Blue Ridge Rd at Crabtree Valley Ave,Bus Stop,-78.6754880415713,35.8359253360872
9541,Wake Tech Community College North,Bus Stop,-78.5419376220171,35.8673211865315
8953,Falls of Neuse Rd at Raven Ridge Rd,Bus Stop,-78.5943305476264,35.9164211232759
8960,Durant Rd at Leslieshire Dr,Bus Stop,-78.5705904911353,35.897429538961
8961,Durant Rd at Capital Blvd,Bus Stop,-78.5614599642818,35.8937958046544
8963,Perry Creek Rd at McGuire Dr,Bus Stop,-78.5558312347976,35.8886327847594
8968,Fox Rd at Louisburg Rd,Bus Stop,-78.5470708228243,35.8695943118107
8971,Fox Rd at Jeffreys Creek Ln,Bus Stop,-78.5560806017305,35.87123286945
8973,Fox Rd at Segal Dr,Bus Stop,-78.5641528170596,35.8674118489775
8975,Sumner Blvd at Triangle Town Blvd,Bus Stop,-78.5719274151451,35.8634315934156
8980,Corporation Pkwy at New Hope Rd,Bus Stop,-78.5654357406427,35.8031442795527
9464,E Lane St. at Heck St.,Bus Stop,-78.6244151758989,35.7833146147961
8897,Rock Quarry Rd at MLK Jr Blvd,Bus Stop,-78.6167890396855,35.768110152862
8895,Lenoir at Salisbury,Bus Stop,-78.6402797741594,35.7730073032109
8105,Barwell Rd at Barwell Park Dr (SB),Bus Stop,-78.5551872765878,35.7325646678226
8069,Rock Quarry Rd at Laurel Glen Dr,Bus Stop,-78.5534794929945,35.7280971997056
8208,Rock Quarry Rd at Sunnybrook Rd (SB),Bus Stop,-78.587628594584,35.7468376887626
8212,Rock Quarry Rd at Compassionate Dr (EB),Bus Stop,-78.6019891408694,35.7471337457576
8213,Rock Quarry Rd at Compassionate Dr (WB),Bus Stop,-78.6021554378931,35.747318780547
8076,Blue Ridge Rd at Macon Pond Rd,Bus Stop,-78.7049720239055,35.8195929280978
8089,Blue Ridge Rd at District Dr,Bus Stop,-78.7066887511258,35.8057595692936
8119,Blue Ridge Rd at Westchase Blvd,Bus Stop,-78.7074882499321,35.8013551875282
8120,Blue Ridge Rd at Westchase Blvd,Bus Stop,-78.7072292629407,35.8011113122261
8150,Blue Ridge Rd at Crimson Cross Ct,Bus Stop,-78.7035288282993,35.7878208119901
8229,Peyton St at Louise St,Bus Stop,-78.6070005750398,35.7684059368333
8236,Middle Branch Rd at Sunnybrook Rd (WB),Bus Stop,-78.5805440616385,35.7653176335208
8260,Little John Rd at Beverly Dr,Bus Stop,-78.5961378600617,35.7629322249157
8261,Beverly Dr at Bromley St,Bus Stop,-78.59505950353,35.7661394172887
8289,Martin Luther King Jr Blvd at Peyton St (EB),Bus Stop,-78.606422185761,35.7708730816535
8317,Garner Rd at Hoke St,Bus Stop,-78.6315689994956,35.7626270005808
8426,Garner Rd at Bailey Dr (NB),Bus Stop,-78.63123200011,35.755931000553
8424,Garner Rd at Raleigh View Rd (NB),Bus Stop,-78.6313700002022,35.7460019995424
8326,Garner Rd at Raleigh Pines Dr (SB),Bus Stop,-78.6296386529006,35.7385608471814
8327,Garner Rd at Tryon Rd (SB),Bus Stop,-78.6278890006285,35.7326200001815
8403,Garner Rd at Meadowbrook Dr (NB),Bus Stop,-78.6261309994141,35.7261210005968
8402,Garner Rd at Willow Vista Rd (NB),Bus Stop,-78.6242380002771,35.7216430001225
8334,Garner Rd at Willow Vista Rd (SB),Bus Stop,-78.6243930000878,35.7211429996335
8401,Garner Rd at Yeargan Rd (NB),Bus Stop,-78.6240570005272,35.7171270004294
8345,Aversboro Rd at Lakeside Dr,Bus Stop,-78.6168190002968,35.6975110002199
1920,Timber Dr at Aversboro Rd,Bus Stop,-78.6154660000367,35.6861399998383
1918,Timber Dr at Benson Rd (Timber Crossings),Bus Stop,-78.606123000059,35.6861349996575
8361,Timber Dr at Benson Rd (EB),Bus Stop,-78.6035220000191,35.6861619997544
8382,Jones Sausage Rd at Parlo St,Bus Stop,-78.5884924235444,35.7012522375354
8549,Knightdale Blvd at Hodge Rd (WB),Bus Stop,-78.5214080329603,35.7954064367813
8446,Knightdale Blvd at Park Commons Dr (Knightdale Commons),Bus Stop,-78.5032009248828,35.7972635333957
8479,Main St at 2nd Ave (WB),Bus Stop,-78.4808091444117,35.7898919417309
8462,N 1st Ave at Knightdale Station Run (NB),Bus Stop,-78.4755335525471,35.7963738735585
8478,N 1st Ave at Knightdale Station Run (SB),Bus Stop,-78.4753919996179,35.7969929999552
8681,Garner Rd at Jones Sausage Rd,Bus Stop,-78.5891400001681,35.7033219997456
8682,Eagle Wing Way at Cabela Dr,Bus Stop,-78.5856195250275,35.6978298420475
8758,Aversboro Rd at Lakeside Dr B,Bus Stop,-78.6166513198676,35.6976252401301
8764,Aversboro Rd at Delbridge St,Bus Stop,-78.6183418495193,35.7028730209224
9931,S Salisbury St at W Martin St,Bus Stop,-78.6403014882365,35.7778945698195
1734,Wilmington St at E Hargett,Bus Stop,-78.6381888564024,35.7781284160545
8726,Garner Rd at Wilson St IB,Bus Stop,-78.6279104155665,35.7352602759464
9257,Peyton St at Melvid Ct (NB),Bus Stop,-78.6069243880223,35.7724077919259
8508,Rock Quarry Rd at Battle Bridge Rd,Bus Stop,-78.548945919436,35.7231151681663
8826,Levister Ct at Fayetteville St,Bus Stop,-78.6427183480162,35.7659273744739
8810,S Saunders St at Prospect Ave,Bus Stop,-78.6488373061173,35.7627702920376
9076,Powell Dr at Huntingdon Dr,Bus Stop,-78.7134132662549,35.7784384681596
8537,Trailwood at Centennial Knoll,Bus Stop,-78.6946254009395,35.7537443974551
8027,Capital Blvd at Spring Forest,Bus Stop,-78.5806983436953,35.8535664664834
8035,Capital Blvd at Spring Forest (SB),Bus Stop,-78.5811275461617,35.8533763966268
8163,Wake Forest Rd at Six Forks Rd,Bus Stop,-78.6247300129481,35.8185627723029
9255,Martin Luther King Jr Blvd at Peyton St (WB),Bus Stop,-78.6069343009315,35.771109499534
8387,Glenwood Ave at Glen Eden Dr,Bus Stop,-78.6647029751697,35.8217517808766
8805,Duraleigh Rd at Pleasant Valley Rd (NB),Bus Stop,-78.7127660040416,35.8594710237872
8854,Blue Ridge Rd at Ligon St,Bus Stop,-78.7036751396045,35.7884584869694
8816,Beryl Rd at Arboretum,Bus Stop,-78.6998219347709,35.7949826961275
8869,Beryl Rd at Arboretum (IB),Bus Stop,-78.6998560806332,35.79491902124
8184,Morgan St at Glenwood Ave,Bus Stop,-78.6483267585071,35.779994053194
8884,W Morgan St at Tryon Hill Dr,Bus Stop,-78.6559218394636,35.7808431360415
8913,West St at Hillsborough St,Bus Stop,-78.6460116131703,35.7808369842479
8979,Edwards Mill Rd at Stablewood Dr,Bus Stop,-78.6817520165053,35.8381977893486
8680,Garner Rd at Garner Senior Center,Bus Stop,-78.6041953744611,35.7068043387108
8649,Knightdale Blvd at Blue Arrow Way,Bus Stop,-78.4660688652687,35.8050664329543
8548,Rock Quarry Rd at Old Williams Rd,Bus Stop,-78.5857785358076,35.7461335535011
8344,Lenoir St at Fayetteville St,Bus Stop,-78.6395860879105,35.7728712376922
8890,N New Hope Rd at Durach Rd (SB),Bus Stop,-78.5606116752438,35.7866754954643
9210,S New Hope Rd at Trademark Dr (SB),Bus Stop,-78.5579250496065,35.7675222290358
9211,S New Hope Rd at Trademark Dr (NB),Bus Stop,-78.5578056913057,35.7668394020332
9233,N New Hope Rd at Board of Elections (NB),Bus Stop,-78.5624858974478,35.795198369468
8203,Edwards Mill Rd at Corinthian Way,Bus Stop,-78.7272947332807,35.7950967972842
8199,Chapel Hill Rd at Edwards Mill Rd,Bus Stop,-78.7263194695326,35.7892784959684
8246,Brigadoon Dr,Bus Stop,-78.6883299798721,35.771844946374
9319,Conifer Dr at Crest Rd (WB),Bus Stop,-78.6856732518433,35.7743306873006
9342,Conifer Dr at Gorman St,Bus Stop,-78.6887153797809,35.7744626160055
8013,Raleigh Blvd at Millbank St (OB),Bus Stop,-78.610549401395,35.7966591542992
9742,Raleigh Blvd at Park Glen Dr (OB),Bus Stop,-78.6085337213201,35.8008110527703
8351,Raleigh Blvd at Appliance Ct (OB),Bus Stop,-78.5991208440593,35.8112866431184
8531,Westinghouse Blvd (SB),Bus Stop,-78.5962991653934,35.809933526388
8542,Westinghouse Blvd at Capital Blvd,Bus Stop,-78.5991104557184,35.8166414692944
8572,Westinghouse Blvd at N Raleigh Blvd,Bus Stop,-78.5972011525486,35.8124926025366
8617,Raleigh Blvd at Yonkers Rd (SB),Bus Stop,-78.6032488495265,35.8086084364251
8876,Glascock St at Ben Lloyd Dr,Bus Stop,-78.6165368882517,35.7925740002307
8056,Cedar St at Haynes St,Bus Stop,-78.637090000316,35.7942189999636
8657,Duraleigh Rd at Edwards Mill Rd (IB),Bus Stop,-78.7061128257766,35.8228872421916
8868,Knightdale Blvd at Farmwell Rd,Bus Stop,-78.5274363489484,35.7963976505393
9224,Lynn Rd at Grove Barton Rd,Bus Stop,-78.7190428653084,35.8722278936152
8562,Avent Ferry Rd at Brigadoon Dr (NB),Bus Stop,-78.6881574480784,35.7705542681721
9148,Hillsborough St at S West St,Bus Stop,-78.6461159300327,35.7805824336367
9288,Atlantic Ave at New Hope Church Rd (NB),Bus Stop,-78.6021770286591,35.8343550487114
9272,Green Rd at Leigh Dr (NB),Bus Stop,-78.5862200944682,35.8512352509956
9275,Atlantic Ave at New Hope Church Rd (SB),Bus Stop,-78.6024635522636,35.8341900422827
9295,Atlantic Ave at Electronics Dr,Bus Stop,-78.603175008205,35.8306074626959
9307,Atlantic Ave at Wolfpack Ln,Bus Stop,-78.60862726858,35.8236049281524
1,Food Lion,Grocery Store,-78.6606799,35.8860239
2,Food Lion,Grocery Store,-78.5896006,35.8235449
3,Food Lion,Grocery Store,-78.5787629,35.8453896
4,Compare,Grocery Store,-78.6009161,35.8363949
5,Food Lion,Grocery Store,-78.5997024,35.8917219
6,Harris Teeter,Grocery Store,-78.6182743,35.8654988
7,The Fresh Market,Grocery Store,-78.6226465,35.8687627
8,Harris Teeter,Grocery Store,-78.7805069,35.7355795
9,Harris Teeter,Grocery Store,-78.7072226,35.8256533
10,Food Lion,Grocery Store,-78.717737,35.867814
11,Food Lion,Grocery Store,-78.6562514,35.8990366
12,Grand Asia Market,Grocery Store,-78.7401355,35.76567
13,Food Lion,Grocery Store,-78.54801,35.7234186
14,Food Lion,Grocery Store,-78.5797138,35.7672395
15,Whole Foods Market,Grocery Store,-78.7772281,35.7374666
16,Lowes Foods,Grocery Store,-78.5052752,35.7950035
17,Trader Joe's,Grocery Store,-78.7813155,35.7588143
18,Casablanca Market,Grocery Store,-78.7644814,35.7881667
19,Food Lion,Grocery Store,-78.7688135,35.8006593
20,Harris Teeter,Grocery Store,-78.6776752,35.886828
21,ALDI,Grocery Store,-78.6150392,35.8364244
22,Food Lion,Grocery Store,-78.7383698,35.7434981
23,The Fresh Market,Grocery Store,-78.6586014,35.7896031
24,Harris Teeter,Grocery Store,-78.6386472,35.8375128
25,Food Lion,Grocery Store,-78.7252258,35.8961197
26,Walmart Supercenter,Grocery Store,-78.5650742,35.8697812
27,Walmart Supercenter,Grocery Store,-78.6080842,35.8371437
28,Food Lion,Grocery Store,-78.7833876,35.7723085
29,Walmart Neighborhood Market,Grocery Store,-78.7854255,35.8017928
30,Whole Foods Market,Grocery Store,-78.6863295,35.802398
31,Harmony Farms,Grocery Store,-78.6818928,35.8595034
32,Food Lion,Grocery Store,-78.6823956,35.8588755
33,Carolina Open Air Market,Grocery Store,-78.5361931,35.7544878
34,ALDI,Grocery Store,-78.5832001,35.8688932
35,Food Lion,Grocery Store,-78.6268603,35.8932121
36,Harmony Mediterranean Market,Grocery Store,-78.7664053,35.7766376
37,Food Lion,Grocery Store,-78.613241,35.8407832
38,Lidl,Grocery Store,-78.5679416,35.8321212
39,Lowes Foods,Grocery Store,-78.761408,35.7459738
40,Harris Teeter,Grocery Store,-78.7920643,35.7022241
41,Harris Teeter,Grocery Store,-78.7433818,35.7469587
42,Publix,Grocery Store,-78.6448903,35.788316
43,Weaver Street Market,Grocery Store,-78.6455625,35.778652
44,Food Lion,Grocery Store,-78.5584746,35.8546613
45,Family Fare,Grocery Store,-78.5679202,35.7983504
46,Food Lion,Grocery Store,-78.5486093,35.791392
47,El Mandado Supermarket,Grocery Store,-78.5819396,35.8490228
48,Food Lion,Grocery Store,-78.5395165,35.8740623
49,Lowes Foods,Grocery Store,-78.5096212,35.8932271
50,ALDI,Grocery Store,-78.7820279,35.7603856
51,ALDI,Grocery Store,-78.678259,35.8718304
52,IGA,Grocery Store,-78.5664824,35.8003557
53,Food Lion,Grocery Store,-78.5795134,35.799796
54,NC International Grocery Store,Grocery Store,-78.5782743,35.8007978
55,International Food,Grocery Store,-78.6538639,35.7344037
56,Oriental Store of Raleigh,Grocery Store,-78.5859082,35.8295807
57,Lidl,Grocery Store,-78.6359706,35.71655
58,A&C Supermarket,Grocery Store,-78.6516562,35.7367946
59,Toyo Shokuhin & Gifts,Grocery Store,-78.7651057,35.7915375
60,Al-Basha Market & Grill,Grocery Store,-78.6932029,35.794216
61,Total Oriental Foods,Grocery Store,-78.6078884,35.8386128
62,Food Lion,Grocery Store,-78.6112605,35.7943484
63,Harris Teeter,Grocery Store,-78.6603311,35.8154946
64,Trader Joe's,Grocery Store,-78.6828896,35.8986751
65,Royal India Mart,Grocery Store,-78.7438138,35.7884295
66,Publix At Buffaloe Bend,Grocery Store,-78.5167439,35.8433524
67,Tienda ToDo Guerrerense,Grocery Store,-78.6494787,35.7601769
