{"type": "FeatureCollection", "features": [{"type": "Feature", "id": 3943, "geometry": {"type": "Point", "coordinates": [-78.71223491010623, 35.76838407778225]}, "properties": {"OBJECTID": 3943, "HSISID": "04092141927", "NAME": "JAGUAR CLUB STADIUM CONCESSIONS", "ADDRESS1": "1420 ATHENS DR", "ADDRESS2": null, "CITY": "RALEIGH", "STATE": "NC", "POSTALCODE": "27606", "PHONENUMBER": "(919) 880-8489", "RESTAURANTOPENDATE": 1760486400000, "FACILITYTYPE": "14 - Limited Food", "X": -78.71223228, "Y": 35.768377, "GEOCODESTATUS": "M", "PERMITID": "Not Provided"}}, {"type": "Feature", "id": 3951, "geometry": {"type": "Point", "coordinates": [-78.64841099082702, 35.727435754108235]}, "properties": {"OBJECTID": 3951, "HSISID": "04092025734", "NAME": "NY BAGEL BROTHERS @ THE KITCHEN SPACE", "ADDRESS1": "3805 S WILMINGTON ST", "ADDRESS2": null, "CITY": "RALEIGH", "STATE": "NC", "POSTALCODE": "27603", "PHONENUMBER": "(919) 307-9085", "RESTAURANTOPENDATE": 1760572800000, "FACILITYTYPE": "2 - Food Stands", "X": -78.64840838, "Y": 35.727428689999996, "GEOCODESTATUS": "M", "PERMITID": "Not Provided"}}, {"type": "Feature", "id": 3956, "geometry": {"type": "Point", "coordinates": [-78.8488966670158, 35.75387641320144]}, "properties": {"OBJECTID": 3956, "HSISID": "04092025735", "NAME": "CHAPOLA", "ADDRESS1": "6102 OLD JENKS RD", "ADDRESS2": null, "CITY": "APEX", "STATE": "NC", "POSTALCODE": "27523", "PHONENUMBER": null, "RESTAURANTOPENDATE": 1761523200000, "FACILITYTYPE": "2 - Food Stands", "X": -78.848894, "Y": 35.75386935, "GEOCODESTATUS": "M", "PERMITID": "Not Provided"}}, {"type": "Feature", "id": 3377, "geometry": {"type": "Point", "coordinates": [-78.73773884062439, 35.7436157425119]}, "properties": {"OBJECTID": 3377, "HSISID": "04092300176", "NAME": "FOOD LION #816 MEAT MARKET", "ADDRESS1": "2861 JONES FRANKLIN RD ", "ADDRESS2": null, "CITY": "RALEIGH", "STATE": "NC", "POSTALCODE": "27606-4346", "PHONENUMBER": "(919) 233-9708", "RESTAURANTOPENDATE": 962409600000, "FACILITYTYPE": "30 - Meat Market", "X": -78.7377362, "Y": 35.74360868, "GEOCODESTATUS": "M", "PERMITID": "Not Provided"}}, {"type": "Feature", "id": 3378, "geometry": {"type": "Point", "coordinates": [-78.8777100003445, 35.75965365877766]}, "properties": {"OBJECTID": 3378, "HSISID": "04092300175", "NAME": "FOOD LION #1496 MEAT MARKET ", "ADDRESS1": "1777 W WILLIAMS ST ", "ADDRESS2": null, "CITY": "APEX", "STATE": "NC", "POSTALCODE": "27502", "PHONENUMBER": null, "RESTAURANTOPENDATE": 962409600000, "FACILITYTYPE": "30 - Meat Market", "X": -78.87770732, "Y": 35.75964659, "GEOCODESTATUS": "M", "PERMITID": "Not Provided"}}, {"type": "Feature", "id": 3379, "geometry": {"type": "Point", "coordinates": [-78.69742691979866, 35.665091413675235]}, "properties": {"OBJECTID": 3379, "HSISID": "04092300177", "NAME": "FOOD LION #996 MEAT MARKET", "ADDRESS1": "7971 FAYETTEVILLE RD ", "ADDRESS2": null, "CITY": "RALEIGH", "STATE": "NC", "POSTALCODE": "27603-5631", "PHONENUMBER": "(919) 772-0317", "RESTAURANTOPENDATE": 962409600000, "FACILITYTYPE": "30 - Meat Market", "X": -78.6974243, "Y": 35.66508436, "GEOCODESTATUS": "M", "PERMITID": "Not Provided"}}, {"type": "Feature", "id": 3380, "geometry": {"type": "Point", "coordinates": [-78.82085834054683, 35.7636499105793]}, "properties": {"OBJECTID": 3380, "HSISID": "04092300179", "NAME": "FOOD LION #624 MEAT MARKET ", "ADDRESS1": "2458 SW CARY PKY ", "ADDRESS2": null, "CITY": "CARY", "STATE": "NC", "POSTALCODE": "27513-5318", "PHONENUMBER": "(919) 481-1822", "RESTAURANTOPENDATE": 962409600000, "FACILITYTYPE": "30 - Meat Market", "X": -78.82085568, "Y": 35.76364284, "GEOCODESTATUS": "M", "PERMITID": "Not Provided"}}, {"type": "Feature", "id": 3381, "geometry": {"type": "Point", "coordinates": [-78.77852940387797, 35.73667646297901]}, "properties": {"OBJECTID": 3381, "HSISID": "04092300140", "NAME": "WHOLE FOODS MARKET MEAT MARKET", "ADDRESS1": "102 B NEW WAVERLY PL ", "ADDRESS2": null, "CITY": "CARY", "STATE": "NC", "POSTALCODE": "27511", "PHONENUMBER": null, "RESTAURANTOPENDATE": 957830400000, "FACILITYTYPE": "30 - Meat Market", "X": -78.77852676, "Y": 35.7366694, "GEOCODESTATUS": "M", "PERMITID": "Not Provided"}}, {"type": "Feature", "id": 3382, "geometry": {"type": "Point", "coordinates": [-78.44233633805132, 35.78016224904051]}, "properties": {"OBJECTID": 3382, "HSISID": "04092300178", "NAME": "FOOD LION #723 MEAT MARKET ", "ADDRESS1": "7053 US 64 HWY E", "ADDRESS2": null, "CITY": "KNIGHTDALE", "STATE": "NC", "POSTALCODE": "27545-8800", "PHONENUMBER": "(919) 266-5164", "RESTAURANTOPENDATE": 962409600000, "FACILITYTYPE": "30 - Meat Market", "X": -78.44233379, "Y": 35.78015516, "GEOCODESTATUS": "M", "PERMITID": "Not Provided"}}, {"type": "Feature", "id": 3383, "geometry": {"type": "Point", "coordinates": [-78.61339665929484, 35.840970083257865]}, "properties": {"OBJECTID": 3383, "HSISID": "04092300183", "NAME": "FOOD LION #90 MEAT MARKET", "ADDRESS1": "4317 FALLS OF NEUSE RD", "ADDRESS2": null, "CITY": "RALEIGH", "STATE": "NC", "POSTALCODE": "27609", "PHONENUMBER": "(919) 872-5376", "RESTAURANTOPENDATE": 962409600000, "FACILITYTYPE": "30 - Meat Market", "X": -78.61339405, "Y": 35.84096299, "GEOCODESTATUS": "M", "PERMITID": "Not Provided"}}, {"type": "Feature", "id": 3384, "geometry": {"type": "Point", "coordinates": [-78.72548374824741, 35.89676899399455]}, "properties": {"OBJECTID": 3384, "HSISID": "04092300192", "NAME": "FOOD LION #536 MEAT MARKET ", "ADDRESS1": "9101 - 107 LEESVILLE RD", "ADDRESS2": null, "CITY": "RALEIGH", "STATE": "NC", "POSTALCODE": "27613", "PHONENUMBER": null, "RESTAURANTOPENDATE": 978307200000, "FACILITYTYPE": "30 - Meat Market", "X": -78.72548111, "Y": 35.89676189, "GEOCODESTATUS": "M", "PERMITID": "Not Provided"}}, {"type": "Feature", "id": 3385, "geometry": {"type": "Point", "coordinates": [-78.5894137546288, 35.90603941306413]}, "properties": {"OBJECTID": 3385, "HSISID": "04092300184", "NAME": "FOOD LION #1358 MEAT MARKET", "ADDRESS1": "1121 FALLS RIVER AVE ", "ADDRESS2": null, "CITY": "RALEIGH", "STATE": "NC", "POSTALCODE": "27614-6731", "PHONENUMBER": "(919) 847-1640", "RESTAURANTOPENDATE": 962409600000, "FACILITYTYPE": "30 - Meat Market", "X": -78.58941115, "Y": 35.90603231, "GEOCODESTATUS": "M", "PERMITID": "Not Provided"}}, {"type": "Feature", "id": 3386, "geometry": {"type": "Point", "coordinates": [-78.46472708399875, 35.917316580536216]}, "properties": {"OBJECTID": 3386, "HSISID": "04092300193", "NAME": "FOOD LION #669 MEAT MARKET", "ADDRESS1": "405 S MAIN ST ", "ADDRESS2": null, "CITY": "ROLESVILLE", "STATE": "NC", "POSTALCODE": "27571-9664", "PHONENUMBER": null, "RESTAURANTOPENDATE": 962409600000, "FACILITYTYPE": "30 - Meat Market", "X": -78.46472452, "Y": 35.91730947, "GEOCODESTATUS": "M", "PERMITID": "Not Provided"}}, {"type": "Feature", "id": 3387, "geometry": {"type": "Point", "coordinates": [-78.50516017078571, 35.795123580459034]}, "properties": {"OBJECTID": 3387, "HSISID": "04092300206", "NAME": "LOWES FOODS #189 MEAT MARKET ", "ADDRESS1": "3001 WIDEWATERS PKY ", "ADDRESS2": null, "CITY": "KNIGHTDALE", "STATE": "NC", "POSTALCODE": "27545", "PHONENUMBER": "(919) 217-9184", "RESTAURANTOPENDATE": 1030492800000, "FACILITYTYPE": "30 - Meat Market", "X": -78.5051576, "Y": 35.79511649, "GEOCODESTATUS": "M", "PERMITID": "Not Provided"}}, {"type": "Feature", "id": 3388, "geometry": {"type": "Point", "coordinates": [-78.60062800548833, 35.83625291022764]}, "properties": {"OBJECTID": 3388, "HSISID": "04092300210", "NAME": "INTERNATIONAL FOODS", "ADDRESS1": "2215 NEW HOPE CHURCH RD", "ADDRESS2": null, "CITY": "RALEIGH", "STATE": "NC", "POSTALCODE": "27604-1600", "PHONENUMBER": "(919) 850-2400", "RESTAURANTOPENDATE": 1032393600000, "FACILITYTYPE": "30 - Meat Market", "X": -78.60062541, "Y": 35.83624582, "GEOCODESTATUS": "M", "PERMITID": "Not Provided"}}, {"type": "Feature", "id": 3389, "geometry": {"type": "Point", "coordinates": [-78.58054282990736, 35.69111192234766]}, "properties": {"OBJECTID": 3389, "HSISID": "04092300211", "NAME": "BJ'S MEMBERSHIP CLUB MEAT MKT", "ADDRESS1": "255 SHENSTONE BLV ", "ADDRESS2": null, "CITY": "GARNER", "STATE": "NC", "POSTALCODE": "27529", "PHONENUMBER": "(919) 661-3781", "RESTAURANTOPENDATE": 1035504000000, "FACILITYTYPE": "30 - Meat Market", "X": -78.58054024, "Y": 35.69110486, "GEOCODESTATUS": "M", "PERMITID": "Not Provided"}}, {"type": "Feature", "id": 3390, "geometry": {"type": "Point", "coordinates": [-78.65149192538185, 35.73683183865228]}, "properties": {"OBJECTID": 3390, "HSISID": "04092300216", "NAME": "A   C SUPERMARKET MEAT MARKET", "ADDRESS1": "3210-131 S WILMINGTON ST ", "ADDRESS2": null, "CITY": "RALEIGH", "STATE": "NC", "POSTALCODE": "27603", "PHONENUMBER": "(919) 232-2288", "RESTAURANTOPENDATE": 1057708800000, "FACILITYTYPE": "30 - Meat Market", "X": -78.65148932, "Y": 35.73682477, "GEOCODESTATUS": "M", "PERMITID": "Not Provided"}}, {"type": "Feature", "id": 3391, "geometry": {"type": "Point", "coordinates": [-78.62278650881429, 35.708219412763775]}, "properties": {"OBJECTID": 3391, "HSISID": "04092300219", "NAME": "FOOD LION #75 MEAT MARKET", "ADDRESS1": "1339 5TH AVE ", "ADDRESS2": null, "CITY": "GARNER", "STATE": "NC", "POSTALCODE": "27529", "PHONENUMBER": "(919) 779-0770", "RESTAURANTOPENDATE": 1063843200000, "FACILITYTYPE": "30 - Meat Market", "X": -78.62278391, "Y": 35.70821235, "GEOCODESTATUS": "M", "PERMITID": "Not Provided"}}, {"type": "Feature", "id": 3392, "geometry": {"type": "Point", "coordinates": [-78.54837408971075, 35.791684994352835]}, "properties": {"OBJECTID": 3392, "HSISID": "04092300220", "NAME": "FOOD LION #2504 MEAT MARKET ", "ADDRESS1": "1030-125 N ROGERS LN ", "ADDRESS2": null, "CITY": "RALEIGH", "STATE": "NC", "POSTALCODE": "27610", "PHONENUMBER": "(919) 792-0321", "RESTAURANTOPENDATE": 1071187200000, "FACILITYTYPE": "30 - Meat Market", "X": -78.54837151, "Y": 35.79167791, "GEOCODESTATUS": "M", "PERMITID": "Not Provided"}}, {"type": "Feature", "id": 3393, "geometry": {"type": "Point", "coordinates": [-78.79652633853732, 35.66680317320954]}, "properties": {"OBJECTID": 3393, "HSISID": "04092300229", "NAME": "HARRIS TEETER #118 MEAT MARKET", "ADDRESS1": "5277 SUNSET LAKE RD ", "ADDRESS2": null, "CITY": "HOLLY SPRINGS", "STATE": "NC", "POSTALCODE": "27540", "PHONENUMBER": "(919) 363-3059", "RESTAURANTOPENDATE": 1124064000000, "FACILITYTYPE": "30 - Meat Market", "X": -78.79652369, "Y": 35.66679612, "GEOCODESTATUS": "M", "PERMITID": "Not Provided"}}, {"type": "Feature", "id": 3394, "geometry": {"type": "Point", "coordinates": [-78.60727391951897, 35.839972089272614]}, "properties": {"OBJECTID": 3394, "HSISID": "04092300232", "NAME": "INTERFOOD PLAZA LATINA ", "ADDRESS1": "1689 NORTH MARKET ST ", "ADDRESS2": null, "CITY": "RALEIGH", "STATE": "NC", "POSTALCODE": "27609", "PHONENUMBER": "(919) 790-9936", "RESTAURANTOPENDATE": 1156464000000, "FACILITYTYPE": "30 - Meat Market", "X": -78.60727132, "Y": 35.839965, "GEOCODESTATUS": "M", "PERMITID": "Not Provided"}}, {"type": "Feature", "id": 3667, "geometry": {"type": "Point", "coordinates": [-78.65350490727772, 35.790768084248235]}, "properties": {"OBJECTID": 3667, "HSISID": "04092141918", "NAME": "BROUGHTON HS OUTDOOR CONCESSION", "ADDRESS1": "723 ST MARYS ST", "ADDRESS2": null, "CITY": "RALEIGH", "STATE": "NC", "POSTALCODE": "27605", "PHONENUMBER": "(919) 602-2432", "RESTAURANTOPENDATE": 1743120000000, "FACILITYTYPE": "14 - Limited Food", "X": -78.65350229, "Y": 35.790760999999996, "GEOCODESTATUS": "M", "PERMITID": "Not Provided"}}, {"type": "Feature", "id": 3672, "geometry": {"type": "Point", "coordinates": [-78.78939875755906, 35.869707251238914]}, "properties": {"OBJECTID": 3672, "HSISID": "04092025673", "NAME": "BONGIORNO & SON", "ADDRESS1": "2400 JOHN BRANTLEY BLVD", "ADDRESS2": null, "CITY": "MORRISVILLE", "STATE": "NC", "POSTALCODE": "27560", "PHONENUMBER": "(631) 235-3966", "RESTAURANTOPENDATE": 1742601600000, "FACILITYTYPE": "2 - Food Stands", "X": -78.7893961, "Y": 35.86970016, "GEOCODESTATUS": "M", "PERMITID": "Not Provided"}}, {"type": "Feature", "id": 3959, "geometry": {"type": "Point", "coordinates": [-78.62185934100292, 35.709487909881325]}, "properties": {"OBJECTID": 3959, "HSISID": "04092300314", "NAME": "DESI DUKAAN", "ADDRESS1": "1350 FIFTH AVE", "ADDRESS2": null, "CITY": "GARNER", "STATE": "NC", "POSTALCODE": "27529", "PHONENUMBER": null, "RESTAURANTOPENDATE": 1761868800000, "FACILITYTYPE": "30 - Meat Market", "X": -78.62185674, "Y": 35.70948085, "GEOCODESTATUS": "M", "PERMITID": "Not Provided"}}, {"type": "Feature", "id": 3964, "geometry": {"type": "Point", "coordinates": [-78.59988307511415, 35.89224316772374]}, "properties": {"OBJECTID": 3964, "HSISID": "04092025736", "NAME": "KING'S WOK", "ADDRESS1": "8320 LITCHFORD RD, STE 160", "ADDRESS2": null, "CITY": "RALEIGH", "STATE": "NC", "POSTALCODE": "27615", "PHONENUMBER": "(919) 878-5252", "RESTAURANTOPENDATE": 1761782400000, "FACILITYTYPE": "2 - Food Stands", "X": -78.59988047, "Y": 35.89223606, "GEOCODESTATUS": "M", "PERMITID": "Not Provided"}}, {"type": "Feature", "id": 3965, "geometry": {"type": "Point", "coordinates": [-78.57604059292152, 35.86600875436967]}, "properties": {"OBJECTID": 3965, "HSISID": "04092025737", "NAME": "VIC'S PIZZERIA", "ADDRESS1": "5959 TRIANGLE TOWN BLVD, FC-STE 1120", "ADDRESS2": null, "CITY": "RALEIGH", "STATE": "NC", "POSTALCODE": "27616", "PHONENUMBER": "(984) 370-9222", "RESTAURANTOPENDATE": 1761782400000, "FACILITYTYPE": "2 - Food Stands", "X": -78.576038, "Y": 35.86600165, "GEOCODESTATUS": "M", "PERMITID": "Not Provided"}}, {"type": "Feature", "id": 3975, "geometry": {"type": "Point", "coordinates": [-78.43256566781261, 35.77637700045331]}, "properties": {"OBJECTID": 3975, "HSISID": "04092025738", "NAME": "WINGSTOP", "ADDRESS1": "6008 TAYLOR RD, STE 110", "ADDRESS2": null, "CITY": "WENDELL", "STATE": "NC", "POSTALCODE": "27591", "PHONENUMBER": "(919) 280-0259", "RESTAURANTOPENDATE": 1762214400000, "FACILITYTYPE": "2 - Food Stands", "X": -78.43256312, "Y": 35.77636992, "GEOCODESTATUS": "M", "PERMITID": "Not Provided"}}, {"type": "Feature", "id": 3395, "geometry": {"type": "Point", "coordinates": [-78.83800784077582, 35.78180441901703]}, "properties": {"OBJECTID": 3395, "HSISID": "04092300233", "NAME": "FRESH MARKET #8 MEAT MARKET ", "ADDRESS1": "3655 CARY PKY ", "ADDRESS2": null, "CITY": "CARY", "STATE": "NC", "POSTALCODE": "27511", "PHONENUMBER": "(919) 481-2865", "RESTAURANTOPENDATE": 1162252800000, "FACILITYTYPE": "30 - Meat Market", "X": -78.83800517, "Y": 35.78179735, "GEOCODESTATUS": "M", "PERMITID": "Not Provided"}}, {"type": "Feature", "id": 3396, "geometry": {"type": "Point", "coordinates": [-78.56769066173838, 35.79962265868035]}, "properties": {"OBJECTID": 3396, "HSISID": "04092300242", "NAME": "DON JUAN MEAT MARKET", "ADDRESS1": "4005-103 NEW BERN AVE ", "ADDRESS2": null, "CITY": "RALEIGH", "STATE": "NC", "POSTALCODE": "27610", "PHONENUMBER": "(919) 255-3301", "RESTAURANTOPENDATE": 1252454400000, "FACILITYTYPE": "30 - Meat Market", "X": -78.56768807, "Y": 35.79961557, "GEOCODESTATUS": "M", "PERMITID": "Not Provided"}}, {"type": "Feature", "id": 3397, "geometry": {"type": "Point", "coordinates": [-78.83921241560995, 35.63988333527005]}, "properties": {"OBJECTID": 3397, "HSISID": "04092300243", "NAME": "HARRIS TEETER #311 MEAT MARKET", "ADDRESS1": "324 VILLAGE WALK DR ", "ADDRESS2": null, "CITY": "HOLLY SPRINGS", "STATE": "NC", "POSTALCODE": "27502", "PHONENUMBER": "(919) 552-1596", "RESTAURANTOPENDATE": 1252540800000, "FACILITYTYPE": "30 - Meat Market", "X": -78.83920975, "Y": 35.63987629, "GEOCODESTATUS": "M", "PERMITID": "Not Provided"}}, {"type": "Feature", "id": 3398, "geometry": {"type": "Point", "coordinates": [-78.77346249748932, 35.69264974901359]}, "properties": {"OBJECTID": 3398, "HSISID": "04092300250", "NAME": "FOOD LION #2198 MEAT MARKET", "ADDRESS1": "8745 HOLLY SPRINGS RD ", "ADDRESS2": null, "CITY": "CARY", "STATE": "NC", "POSTALCODE": "27539", "PHONENUMBER": "(919) 362-1738", "RESTAURANTOPENDATE": 1295913600000, "FACILITYTYPE": "30 - Meat Market", "X": -78.77345985, "Y": 35.69264269, "GEOCODESTATUS": "M", "PERMITID": "Not Provided"}}, {"type": "Feature", "id": 3399, "geometry": {"type": "Point", "coordinates": [-78.51867884097862, 36.005498497183844]}, "properties": {"OBJECTID": 3399, "HSISID": "04092300251", "NAME": "HARRIS TEETER #353 MEAT   SEAFOOD", "ADDRESS1": "13686 CAPITAL  BLVD ", "ADDRESS2": null, "CITY": "WAKE FOREST", "STATE": "NC", "POSTALCODE": "27587", "PHONENUMBER": "(919) 554-3608", "RESTAURANTOPENDATE": 1296777600000, "FACILITYTYPE": "30 - Meat Market", "X": -78.51867626, "Y": 36.00549137, "GEOCODESTATUS": "M", "PERMITID": "Not Provided"}}, {"type": "Feature", "id": 3400, "geometry": {"type": "Point", "coordinates": [-78.76514549164654, 35.791578838482266]}, "properties": {"OBJECTID": 3400, "HSISID": "04092300256", "NAME": "LAS TRES FRONTERAS SUPER MERCADO", "ADDRESS1": "748 E CHATHAM  ST ", "ADDRESS2": null, "CITY": "CARY", "STATE": "NC", "POSTALCODE": "27511", "PHONENUMBER": "(919) 380-3592", "RESTAURANTOPENDATE": 1337644800000, "FACILITYTYPE": "30 - Meat Market", "X": -78.76514284, "Y": 35.79157176, "GEOCODESTATUS": "M", "PERMITID": "Not Provided"}}, {"type": "Feature", "id": 3401, "geometry": {"type": "Point", "coordinates": [-78.65023840993892, 35.898902412936756]}, "properties": {"OBJECTID": 3401, "HSISID": "04092300253", "NAME": "WHOLE FOODS #10338 MEAT", "ADDRESS1": "8710  SIX FORKS  RD ", "ADDRESS2": null, "CITY": "RALEIGH", "STATE": "NC", "POSTALCODE": "27615", "PHONENUMBER": "(919) 354-0350", "RESTAURANTOPENDATE": 1299801600000, "FACILITYTYPE": "30 - Meat Market", "X": -78.65023579, "Y": 35.89889531, "GEOCODESTATUS": "M", "PERMITID": "Not Provided"}}, {"type": "Feature", "id": 3402, "geometry": {"type": "Point", "coordinates": [-78.67605566440506, 35.77836549672369]}, "properties": {"OBJECTID": 3402, "HSISID": "04092300258", "NAME": "JERUSALEM MEAT MARKET", "ADDRESS1": "2233 AVENT FERRY RD ", "ADDRESS2": "STE 101", "CITY": "RALEIGH", "STATE": "NC", "POSTALCODE": "27606", "PHONENUMBER": "(919) 821-5499", "RESTAURANTOPENDATE": 1342742400000, "FACILITYTYPE": "30 - Meat Market", "X": -78.67605304, "Y": 35.77835842, "GEOCODESTATUS": "M", "PERMITID": "Not Provided"}}, {"type": "Feature", "id": 3403, "geometry": {"type": "Point", "coordinates": [-78.85082325378276, 35.726399664724866]}, "properties": {"OBJECTID": 3403, "HSISID": "04092300260", "NAME": "COMPARE FOODS MARKET", "ADDRESS1": "301 E WILLIAMS ST ", "ADDRESS2": null, "CITY": "APEX", "STATE": "NC", "POSTALCODE": "27502-2146", "PHONENUMBER": "(919) 362-7949", "RESTAURANTOPENDATE": 1358985600000, "FACILITYTYPE": "30 - Meat Market", "X": -78.85082058, "Y": 35.7263926, "GEOCODESTATUS": "M", "PERMITID": "Not Provided"}}, {"type": "Feature", "id": 3404, "geometry": {"type": "Point", "coordinates": [-78.56526440717889, 35.801153664699534]}, "properties": {"OBJECTID": 3404, "HSISID": "04092300261", "NAME": "CARLIE C'S MEAT", "ADDRESS1": "4111 NEW BERN AVE ", "ADDRESS2": null, "CITY": "RALEIGH", "STATE": "NC", "POSTALCODE": "27610-1372", "PHONENUMBER": "(919) 250-7876", "RESTAURANTOPENDATE": 1359072000000, "FACILITYTYPE": "30 - Meat Market", "X": -78.56526182, "Y": 35.80114658, "GEOCODESTATUS": "M", "PERMITID": "Not Provided"}}, {"type": "Feature", "id": 3405, "geometry": {"type": "Point", "coordinates": [-78.78219682903689, 35.763812580889606]}, "properties": {"OBJECTID": 3405, "HSISID": "04092300262", "NAME": "TODAY ASIA MARKET", "ADDRESS1": "1207 KILDAIRE FARM  RD ", "ADDRESS2": null, "CITY": "CARY", "STATE": "NC", "POSTALCODE": "27511", "PHONENUMBER": "(919) 380-0588", "RESTAURANTOPENDATE": 1358121600000, "FACILITYTYPE": "30 - Meat Market", "X": -78.78219418, "Y": 35.76380551, "GEOCODESTATUS": "M", "PERMITID": "Not Provided"}}, {"type": "Feature", "id": 3406, "geometry": {"type": "Point", "coordinates": [-78.82788091283449, 35.830135257129164]}, "properties": {"OBJECTID": 3406, "HSISID": "04092300264", "NAME": "ALKAREEM GROCERY", "ADDRESS1": "10285  CHAPEL HILL RD ", "ADDRESS2": null, "CITY": "MORRISVILLE", "STATE": "NC", "POSTALCODE": "27560", "PHONENUMBER": "(919) 336-3174", "RESTAURANTOPENDATE": 1391731200000, "FACILITYTYPE": "30 - Meat Market", "X": -78.82787824, "Y": 35.83012817, "GEOCODESTATUS": "M", "PERMITID": "Not Provided"}}, {"type": "Feature", "id": 3407, "geometry": {"type": "Point", "coordinates": [-78.74392150542938, 35.78821116196501]}, "properties": {"OBJECTID": 3407, "HSISID": "04092300266", "NAME": "JUBBA HALAL MARKET", "ADDRESS1": "6715-108 HILLSBOROUGH ST.", "ADDRESS2": null, "CITY": "RALEIGH", "STATE": "NC", "POSTALCODE": "27606", "PHONENUMBER": "(919) 233-1133", "RESTAURANTOPENDATE": 1403568000000, "FACILITYTYPE": "30 - Meat Market", "X": -78.74391886, "Y": 35.78820409, "GEOCODESTATUS": "M", "PERMITID": "Not Provided"}}, {"type": "Feature", "id": 3408, "geometry": {"type": "Point", "coordinates": [-78.84558824551502, 35.79325965906674]}, "properties": {"OBJECTID": 3408, "HSISID": "04092300267", "NAME": "PUBLIX #1466 MEAT", "ADDRESS1": "1020 BRADFORD PLAZA WAY", "ADDRESS2": null, "CITY": "CARY", "STATE": "NC", "POSTALCODE": "27513", "PHONENUMBER": "(919) 460-2082", "RESTAURANTOPENDATE": 1414454400000, "FACILITYTYPE": "30 - Meat Market", "X": -78.84558557, "Y": 35.79325258, "GEOCODESTATUS": "M", "PERMITID": "Not Provided"}}, {"type": "Feature", "id": 3409, "geometry": {"type": "Point", "coordinates": [-78.32472842249051, 35.821403999974414]}, "properties": {"OBJECTID": 3409, "HSISID": "04092300268", "NAME": "CARLIE C'S MEAT #810", "ADDRESS1": "506 W GANNON AVE ", "ADDRESS2": null, "CITY": "ZEBULON", "STATE": "NC", "POSTALCODE": "27579", "PHONENUMBER": "(919) 269-4111", "RESTAURANTOPENDATE": 1421971200000, "FACILITYTYPE": "30 - Meat Market", "X": -78.32472591, "Y": 35.8213969, "GEOCODESTATUS": "M", "PERMITID": "Not Provided"}}, {"type": "Feature", "id": 3410, "geometry": {"type": "Point", "coordinates": [-78.58309799178497, 35.868823743028095]}, "properties": {"OBJECTID": 3410, "HSISID": "04092300271", "NAME": "PETRA SUPERMARKET", "ADDRESS1": "6089 CAPITAL BLVD ", "ADDRESS2": null, "CITY": "RALEIGH", "STATE": "NC", "POSTALCODE": "27616", "PHONENUMBER": "(919) 876-8230", "RESTAURANTOPENDATE": 1444003200000, "FACILITYTYPE": "30 - Meat Market", "X": -78.5830954, "Y": 35.86881664, "GEOCODESTATUS": "M", "PERMITID": "Not Provided"}}, {"type": "Feature", "id": 3411, "geometry": {"type": "Point", "coordinates": [-78.68961933543306, 35.79419599397772]}, "properties": {"OBJECTID": 3411, "HSISID": "04092300270", "NAME": "AL BARAKA MEAT MARKET", "ADDRESS1": "3815 HILLSBOROUGH ST ", "ADDRESS2": null, "CITY": "RALEIGH", "STATE": "NC", "POSTALCODE": "27607", "PHONENUMBER": "(919) 838-5155", "RESTAURANTOPENDATE": 1439769600000, "FACILITYTYPE": "30 - Meat Market", "X": -78.68961671, "Y": 35.79418891, "GEOCODESTATUS": "M", "PERMITID": "Not Provided"}}, {"type": "Feature", "id": 3412, "geometry": {"type": "Point", "coordinates": [-78.84689550894456, 35.86495625759176]}, "properties": {"OBJECTID": 3412, "HSISID": "04092300272", "NAME": "RTP SABZI MANDI MEAT MARKET", "ADDRESS1": "1004-100 LOWER SHILOH WAY ", "ADDRESS2": null, "CITY": "MORRISVILLE", "STATE": "NC", "POSTALCODE": "27560", "PHONENUMBER": "(919) 342-7171", "RESTAURANTOPENDATE": 1469145600000, "FACILITYTYPE": "30 - Meat Market", "X": -78.84689283, "Y": 35.86494917, "GEOCODESTATUS": "M", "PERMITID": "Not Provided"}}, {"type": "Feature", "id": 3692, "geometry": {"type": "Point", "coordinates": [-78.57967849446557, 35.83551591604524]}, "properties": {"OBJECTID": 3692, "HSISID": "04092300309", "NAME": "INTERFOOD 3 HERMANOS MEAT MARKET", "ADDRESS1": "4020 CAPITAL BLVD", "ADDRESS2": "SUITE 148", "CITY": "RALEIGH", "STATE": "NC", "POSTALCODE": "27604", "PHONENUMBER": "(919) 822-4775", "RESTAURANTOPENDATE": 1746403200000, "FACILITYTYPE": "30 - Meat Market", "X": -78.5796759, "Y": 35.83550882, "GEOCODESTATUS": "M", "PERMITID": "Not Provided"}}, {"type": "Feature", "id": 3979, "geometry": {"type": "Point", "coordinates": [-78.71223491010623, 35.76838407778225]}, "properties": {"OBJECTID": 3979, "HSISID": "04092141928", "NAME": "JAGUAR CLUB GYM CONCESSIONS - JAG JUNCTION", "ADDRESS1": "1420 ATHENS DR", "ADDRESS2": null, "CITY": "RALEIGH", "STATE": "NC", "POSTALCODE": "27606", "PHONENUMBER": "(919) 880-8489", "RESTAURANTOPENDATE": 1762300800000, "FACILITYTYPE": "14 - Limited Food", "X": -78.71223228, "Y": 35.768377, "GEOCODESTATUS": "M", "PERMITID": "Not Provided"}}, {"type": "Feature", "id": 3981, "geometry": {"type": "Point", "coordinates": [-78.63206542518967, 35.77488383858493]}, "properties": {"OBJECTID": 3981, "HSISID": "04092025739", "NAME": "URBAN OLIVE", "ADDRESS1": "500 E DAVIE ST, STE 116", "ADDRESS2": null, "CITY": "RALEIGH", "STATE": "NC", "POSTALCODE": "27601", "PHONENUMBER": null, "RESTAURANTOPENDATE": 1762387200000, "FACILITYTYPE": "2 - Food Stands", "X": -78.63206282, "Y": 35.77487676, "GEOCODESTATUS": "M", "PERMITID": "Not Provided"}}, {"type": "Feature", "id": 3989, "geometry": {"type": "Point", "coordinates": [-78.65955491887387, 35.79662716751136]}, "properties": {"OBJECTID": 3989, "HSISID": "04092025741", "NAME": "COALITION KITCHEN", "ADDRESS1": "1012 OBERLIN RD", "ADDRESS2": null, "CITY": "RALEIGH", "STATE": "NC", "POSTALCODE": "27605", "PHONENUMBER": "(845) 242-5753", "RESTAURANTOPENDATE": 1763078400000, "FACILITYTYPE": "2 - Food Stands", "X": -78.6595523, "Y": 35.79662009, "GEOCODESTATUS": "M", "PERMITID": "Not Provided"}}, {"type": "Feature", "id": 3990, "geometry": {"type": "Point", "coordinates": [-78.46409834127529, 35.91962100010197]}, "properties": {"OBJECTID": 3990, "HSISID": "04092025742", "NAME": "SCOOTER'S COFFEE", "ADDRESS1": "306 S MAIN ST", "ADDRESS2": null, "CITY": "ROLESVILLE", "STATE": "NC", "POSTALCODE": "27571", "PHONENUMBER": "(919) 926-7670", "RESTAURANTOPENDATE": 1762992000000, "FACILITYTYPE": "2 - Food Stands", "X": -78.46409578, "Y": 35.91961389, "GEOCODESTATUS": "M", "PERMITID": "Not Provided"}}, {"type": "Feature", "id": 3413, "geometry": {"type": "Point", "coordinates": [-78.53863083558925, 35.956763915899344]}, "properties": {"OBJECTID": 3413, "HSISID": "04092300274", "NAME": "SAM'S CLUB #6976 MEAT MARKET", "ADDRESS1": "11460 ROYAL COTTON RD ", "ADDRESS2": null, "CITY": "WAKE FOREST", "STATE": "NC", "POSTALCODE": "27587", "PHONENUMBER": "(919) 263-6134", "RESTAURANTOPENDATE": 1471824000000, "FACILITYTYPE": "30 - Meat Market", "X": -78.53862825, "Y": 35.9567568, "GEOCODESTATUS": "M", "PERMITID": "Not Provided"}}, {"type": "Feature", "id": 3414, "geometry": {"type": "Point", "coordinates": [-78.5075985837886, 35.94611683231546]}, "properties": {"OBJECTID": 3414, "HSISID": "04092300275", "NAME": "PUBLIX #1514 MEATS", "ADDRESS1": "1030 FORESTVILLE RD ", "ADDRESS2": null, "CITY": "WAKE FOREST", "STATE": "NC", "POSTALCODE": "27587", "PHONENUMBER": "(919) 556-6671", "RESTAURANTOPENDATE": 1472515200000, "FACILITYTYPE": "30 - Meat Market", "X": -78.50759601, "Y": 35.94610971, "GEOCODESTATUS": "M", "PERMITID": "Not Provided"}}, {"type": "Feature", "id": 3415, "geometry": {"type": "Point", "coordinates": [-78.8271615004277, 35.83265433501349]}, "properties": {"OBJECTID": 3415, "HSISID": "04092300276", "NAME": "SANGAM HALAL MARKET", "ADDRESS1": "10300 CHAPEL HILL RD ", "ADDRESS2": "SUITE 600/700", "CITY": "MORRISVILLE", "STATE": "NC", "POSTALCODE": "27560", "PHONENUMBER": "(919) 460-4300", "RESTAURANTOPENDATE": 1475193600000, "FACILITYTYPE": "30 - Meat Market", "X": -78.82715883, "Y": 35.83264725, "GEOCODESTATUS": "M", "PERMITID": "Not Provided"}}, {"type": "Feature", "id": 3416, "geometry": {"type": "Point", "coordinates": [-78.74067658700727, 35.765838418756225]}, "properties": {"OBJECTID": 3416, "HSISID": "04092300278", "NAME": "GRAND ASIA MEAT MARKET", "ADDRESS1": "1253 BUCK JONES RD ", "ADDRESS2": null, "CITY": "RALEIGH", "STATE": "NC", "POSTALCODE": "27606-3326", "PHONENUMBER": "(919) 468-2988", "RESTAURANTOPENDATE": 1487721600000, "FACILITYTYPE": "30 - Meat Market", "X": -78.74067395, "Y": 35.76583135, "GEOCODESTATUS": "M", "PERMITID": "Not Provided"}}, {"type": "Feature", "id": 3417, "geometry": {"type": "Point", "coordinates": [-78.61859600331607, 35.707759994675676]}, "properties": {"OBJECTID": 3417, "HSISID": "04092300281", "NAME": "INTERFOOD 3 HERMANOS MEAT MARKET", "ADDRESS1": "522  VILLAGE CT ", "ADDRESS2": null, "CITY": "GARNER", "STATE": "NC", "POSTALCODE": "27529", "PHONENUMBER": "(919) 803-1047", "RESTAURANTOPENDATE": 1490832000000, "FACILITYTYPE": "30 - Meat Market", "X": -78.6185934, "Y": 35.70775293, "GEOCODESTATUS": "M", "PERMITID": "Not Provided"}}, {"type": "Feature", "id": 3418, "geometry": {"type": "Point", "coordinates": [-78.76088591912385, 35.79051683877531]}, "properties": {"OBJECTID": 3418, "HSISID": "04092300283", "NAME": "LA BONITA MEAT MARKET", "ADDRESS1": "836-110 E CHATHAM ST ", "ADDRESS2": null, "CITY": "CARY", "STATE": "NC", "POSTALCODE": "27511", "PHONENUMBER": "(919) 650-3161", "RESTAURANTOPENDATE": 1488412800000, "FACILITYTYPE": "30 - Meat Market", "X": -78.76088327, "Y": 35.79050976, "GEOCODESTATUS": "M", "PERMITID": "Not Provided"}}, {"type": "Feature", "id": 3419, "geometry": {"type": "Point", "coordinates": [-78.55323674566081, 35.970074916380476]}, "properties": {"OBJECTID": 3419, "HSISID": "04092300284", "NAME": "FOOD LION #2227 MEAT MARKET", "ADDRESS1": "161 CRENSHAW CORNERS DR ", "ADDRESS2": null, "CITY": "WAKE FOREST", "STATE": "NC", "POSTALCODE": "27587", "PHONENUMBER": "(919) 569-0089", "RESTAURANTOPENDATE": 1516320000000, "FACILITYTYPE": "30 - Meat Market", "X": -78.55323415, "Y": 35.97006779, "GEOCODESTATUS": "M", "PERMITID": "Not Provided"}}, {"type": "Feature", "id": 3420, "geometry": {"type": "Point", "coordinates": [-78.60287599413736, 35.9014490779673]}, "properties": {"OBJECTID": 3420, "HSISID": "04092300282", "NAME": "SPROUTS #540 MEAT MARKET", "ADDRESS1": "9414 FALLS OF NEUSE RD ", "ADDRESS2": null, "CITY": "RALEIGH", "STATE": "NC", "POSTALCODE": "27615", "PHONENUMBER": "(919) 326-2530", "RESTAURANTOPENDATE": 1489449600000, "FACILITYTYPE": "30 - Meat Market", "X": -78.60287339, "Y": 35.90144197, "GEOCODESTATUS": "M", "PERMITID": "Not Provided"}}, {"type": "Feature", "id": 3421, "geometry": {"type": "Point", "coordinates": [-78.37651741303952, 35.79042541332004]}, "properties": {"OBJECTID": 3421, "HSISID": "04092300286", "NAME": "INTERFOOD PLAZA MEAT MARKET", "ADDRESS1": "2971 WENDELL BLVD ", "ADDRESS2": null, "CITY": "WENDELL", "STATE": "NC", "POSTALCODE": "27591", "PHONENUMBER": "(919) 365-7555", "RESTAURANTOPENDATE": 1544572800000, "FACILITYTYPE": "30 - Meat Market", "X": -78.37651488, "Y": 35.79041832, "GEOCODESTATUS": "M", "PERMITID": "Not Provided"}}, {"type": "Feature", "id": 3422, "geometry": {"type": "Point", "coordinates": [-78.60293016159132, 35.848025078382214]}, "properties": {"OBJECTID": 3422, "HSISID": "04092300287", "NAME": "AGORI INTERNATIONAL AFRICAN MARKET", "ADDRESS1": "4701 ATLANTIC AVE ", "ADDRESS2": "SUITE 111", "CITY": "RALEIGH", "STATE": "NC", "POSTALCODE": "27604", "PHONENUMBER": "(919) 747-9905", "RESTAURANTOPENDATE": 1552435200000, "FACILITYTYPE": "30 - Meat Market", "X": -78.60292756, "Y": 35.84801798, "GEOCODESTATUS": "M", "PERMITID": "Not Provided"}}, {"type": "Feature", "id": 3423, "geometry": {"type": "Point", "coordinates": [-78.7641824080084, 35.79107450311451]}, "properties": {"OBJECTID": 3423, "HSISID": "04092300288", "NAME": "CARY AFRICAN AND CARIBBEAN MARKET", "ADDRESS1": "1435 SE MAYNARD ST ", "ADDRESS2": null, "CITY": "CARY", "STATE": "NC", "POSTALCODE": "27511", "PHONENUMBER": "(919) 462-3500", "RESTAURANTOPENDATE": 1554422400000, "FACILITYTYPE": "30 - Meat Market", "X": -78.76417976, "Y": 35.79106743, "GEOCODESTATUS": "M", "PERMITID": "Not Provided"}}, {"type": "Feature", "id": 3424, "geometry": {"type": "Point", "coordinates": [-78.58192108660178, 35.79631317377899]}, "properties": {"OBJECTID": 3424, "HSISID": "04092300290", "NAME": "CAROLINA INTERNATIONAL MART", "ADDRESS1": "3540 MAITLAND DR SUITE 110", "ADDRESS2": null, "CITY": "RALEIGH", "STATE": "NC", "POSTALCODE": "27610", "PHONENUMBER": "(919) 255-1640", "RESTAURANTOPENDATE": 1595548800000, "FACILITYTYPE": "30 - Meat Market", "X": -78.58191849, "Y": 35.79630609, "GEOCODESTATUS": "M", "PERMITID": "Not Provided"}}, {"type": "Feature", "id": 3425, "geometry": {"type": "Point", "coordinates": [-78.62700057752488, 35.89304517364213]}, "properties": {"OBJECTID": 3425, "HSISID": "04092300289", "NAME": "FOOD LION #2244 MEAT/SEAFOOD", "ADDRESS1": "7905 FALLS OF NEUSE ROAD", "ADDRESS2": null, "CITY": "RALEIGH", "STATE": "NC", "POSTALCODE": "27615", "PHONENUMBER": "(919) 847-8159", "RESTAURANTOPENDATE": 1572307200000, "FACILITYTYPE": "30 - Meat Market", "X": -78.62699797, "Y": 35.89303807, "GEOCODESTATUS": "M", "PERMITID": "Not Provided"}}, {"type": "Feature", "id": 3426, "geometry": {"type": "Point", "coordinates": [-78.64490250058262, 35.78790507782399]}, "properties": {"OBJECTID": 3426, "HSISID": "04092300292", "NAME": "PUBLIX #1652 MEAT MARKET", "ADDRESS1": "417 W PEACE ST ", "ADDRESS2": "SUITE 100", "CITY": "RALEIGH", "STATE": "NC", "POSTALCODE": "27603", "PHONENUMBER": "(919) 755-5444", "RESTAURANTOPENDATE": 1598400000000, "FACILITYTYPE": "30 - Meat Market", "X": -78.64489989, "Y": 35.787898, "GEOCODESTATUS": "M", "PERMITID": "Not Provided"}}, {"type": "Feature", "id": 3427, "geometry": {"type": "Point", "coordinates": [-78.8412240834068, 35.85590999979157]}, "properties": {"OBJECTID": 3427, "HSISID": "04092300293", "NAME": "BOMBAY CENTRAL HALAL MEAT", "ADDRESS1": "10966 CHAPEL HILL RD ", "ADDRESS2": null, "CITY": "MORRISVILLE", "STATE": "NC", "POSTALCODE": "27560", "PHONENUMBER": "(373) 439-9030", "RESTAURANTOPENDATE": 1618185600000, "FACILITYTYPE": "30 - Meat Market", "X": -78.84122141, "Y": 35.85590291, "GEOCODESTATUS": "M", "PERMITID": "Not Provided"}}, {"type": "Feature", "id": 3428, "geometry": {"type": "Point", "coordinates": [-78.31372625726195, 35.824291658882316]}, "properties": {"OBJECTID": 3428, "HSISID": "04092300295", "NAME": "COMPARE FOODS MEAT MARKET", "ADDRESS1": "320 N ARENDELL AVE ", "ADDRESS2": null, "CITY": "ZEBULON", "STATE": "NC", "POSTALCODE": "27597", "PHONENUMBER": "(919) 269-9481", "RESTAURANTOPENDATE": 1659312000000, "FACILITYTYPE": "30 - Meat Market", "X": -78.31372374, "Y": 35.82428456, "GEOCODESTATUS": "M", "PERMITID": "Not Provided"}}, {"type": "Feature", "id": 3429, "geometry": {"type": "Point", "coordinates": [-78.59728450564927, 35.85670082703522]}, "properties": {"OBJECTID": 3429, "HSISID": "04092300294", "NAME": "CARNICERIA LAGOS & ROSTICERIA LAGOS", "ADDRESS1": "5440 ATLANTIC SPRINGS RD", "ADDRESS2": "SUITE 114", "CITY": "RALEIGH", "STATE": "NC", "POSTALCODE": "27616-1855", "PHONENUMBER": "(919) 797-2734", "RESTAURANTOPENDATE": 1624492800000, "FACILITYTYPE": "30 - Meat Market", "X": -78.59728191, "Y": 35.85669373, "GEOCODESTATUS": "M", "PERMITID": "Not Provided"}}, {"type": "Feature", "id": 3430, "geometry": {"type": "Point", "coordinates": [-78.57108774324851, 35.86643916148612]}, "properties": {"OBJECTID": 3430, "HSISID": "04092300297", "NAME": "DUKKAN MARKET   BUTCHER SHOP", "ADDRESS1": "7810 TARGET  CIR ", "ADDRESS2": "STE 105", "CITY": "RALEIGH", "STATE": "NC", "POSTALCODE": "27616", "PHONENUMBER": "(919) 703-0031", "RESTAURANTOPENDATE": 1665619200000, "FACILITYTYPE": "30 - Meat Market", "X": -78.57108515, "Y": 35.86643206, "GEOCODESTATUS": "M", "PERMITID": "Not Provided"}}, {"type": "Feature", "id": 3697, "geometry": {"type": "Point", "coordinates": [-78.65476233517741, 35.72583274850445]}, "properties": {"OBJECTID": 3697, "HSISID": "04092025677", "NAME": "ARABIAN DELIGHTS MARKET", "ADDRESS1": "1504 GARNER STATION BLVD", "ADDRESS2": null, "CITY": "RALEIGH", "STATE": "NC", "POSTALCODE": "27603", "PHONENUMBER": null, "RESTAURANTOPENDATE": 1746144000000, "FACILITYTYPE": "2 - Food Stands", "X": -78.65475972, "Y": 35.72582568, "GEOCODESTATUS": "M", "PERMITID": "Not Provided"}}, {"type": "Feature", "id": 3701, "geometry": {"type": "Point", "coordinates": [-78.63903083820921, 35.752059670156385]}, "properties": {"OBJECTID": 3701, "HSISID": "04092025678", "NAME": "THE SMITTY EXPERIENCE", "ADDRESS1": "2161 S WILMINGTON ST", "ADDRESS2": null, "CITY": "RALEIGH", "STATE": "NC", "POSTALCODE": "27603", "PHONENUMBER": "(321) 210-5819", "RESTAURANTOPENDATE": 1746230400000, "FACILITYTYPE": "2 - Food Stands", "X": -78.63902823, "Y": 35.7520526, "GEOCODESTATUS": "M", "PERMITID": "Not Provided"}}, {"type": "Feature", "id": 3702, "geometry": {"type": "Point", "coordinates": [-78.65006017109974, 35.69421717330403]}, "properties": {"OBJECTID": 3702, "HSISID": "04092025679", "NAME": "LET IT BRIE CHARCUTERIE BOARDS", "ADDRESS1": "160 SOMMERVILLE PARK RD", "ADDRESS2": null, "CITY": "RALEIGH", "STATE": "NC", "POSTALCODE": "27603", "PHONENUMBER": "(803) 960-9646", "RESTAURANTOPENDATE": 1746230400000, "FACILITYTYPE": "2 - Food Stands", "X": -78.65005756, "Y": 35.69421011, "GEOCODESTATUS": "M", "PERMITID": "Not Provided"}}, {"type": "Feature", "id": 3704, "geometry": {"type": "Point", "coordinates": [-78.83237300268247, 35.84364400568444]}, "properties": {"OBJECTID": 3704, "HSISID": "04092025680", "NAME": "APNA BAZAR", "ADDRESS1": "1317 COPELAND OAKS DR", "ADDRESS2": null, "CITY": "MORRISVILLE", "STATE": "NC", "POSTALCODE": "27560", "PHONENUMBER": "(919) 461-3969", "RESTAURANTOPENDATE": 1746230400000, "FACILITYTYPE": "2 - Food Stands", "X": -78.83237033, "Y": 35.84363692, "GEOCODESTATUS": "M", "PERMITID": "Not Provided"}}, {"type": "Feature", "id": 3710, "geometry": {"type": "Point", "coordinates": [-78.67526824808434, 35.78962583806203]}, "properties": {"OBJECTID": 3710, "HSISID": "04092025681", "NAME": "SOUTHERN BURN CHICKEN", "ADDRESS1": "2906 HILLSBOROUGH ST", "ADDRESS2": null, "CITY": "RALEIGH", "STATE": "NC", "POSTALCODE": "27607", "PHONENUMBER": "(919) 301-8856", "RESTAURANTOPENDATE": 1745366400000, "FACILITYTYPE": "2 - Food Stands", "X": -78.67526563, "Y": 35.78961876, "GEOCODESTATUS": "M", "PERMITID": "Not Provided"}}, {"type": "Feature", "id": 3997, "geometry": {"type": "Point", "coordinates": [-78.64841099082702, 35.727435754108235]}, "properties": {"OBJECTID": 3997, "HSISID": "04092025743", "NAME": "FARVA EATS @ THE KITCHEN SPACE - ROOM #5", "ADDRESS1": "3805 S WILMINGTON ST", "ADDRESS2": null, "CITY": "RALEIGH", "STATE": "NC", "POSTALCODE": "27603", "PHONENUMBER": "(919) 247-0563", "RESTAURANTOPENDATE": 1763078400000, "FACILITYTYPE": "2 - Food Stands", "X": -78.64840838, "Y": 35.727428689999996, "GEOCODESTATUS": "M", "PERMITID": "Not Provided"}}, {"type": "Feature", "id": 4003, "geometry": {"type": "Point", "coordinates": [-78.64841099082702, 35.727435754108235]}, "properties": {"OBJECTID": 4003, "HSISID": "04092025744", "NAME": "LA MAFIA @ THE KITCHEN SPACE", "ADDRESS1": "3805 S WILMINGTON ST", "ADDRESS2": null, "CITY": "RALEIGH", "STATE": "NC", "POSTALCODE": "27603", "PHONENUMBER": "(919) 455-4000", "RESTAURANTOPENDATE": 1764028800000, "FACILITYTYPE": "2 - Food Stands", "X": -78.64840838, "Y": 35.727428689999996, "GEOCODESTATUS": "M", "PERMITID": "Not Provided"}}, {"type": "Feature", "id": 4012, "geometry": {"type": "Point", "coordinates": [-78.63936750018618, 35.77441558688331]}, "properties": {"OBJECTID": 4012, "HSISID": "04092025745", "NAME": "VELOCE ITALIAN MARKET", "ADDRESS1": "443 FAYETTEVILLE ST", "ADDRESS2": null, "CITY": "RALEIGH", "STATE": "NC", "POSTALCODE": "27601", "PHONENUMBER": "(919) 307-3703", "RESTAURANTOPENDATE": 1763424000000, "FACILITYTYPE": "2 - Food Stands", "X": -78.63936489, "Y": 35.77440851, "GEOCODESTATUS": "M", "PERMITID": "Not Provided"}}, {"type": "Feature", "id": 3431, "geometry": {"type": "Point", "coordinates": [-78.5780517567313, 35.84169891625377]}, "properties": {"OBJECTID": 3431, "HSISID": "04092300298", "NAME": "IGNIS HALAL MARKET", "ADDRESS1": "4237 LOUISBURG RD", "ADDRESS2": "UNIT 102", "CITY": "RALEIGH", "STATE": "NC", "POSTALCODE": "27604", "PHONENUMBER": "(919) 703-0058", "RESTAURANTOPENDATE": 1681689600000, "FACILITYTYPE": "30 - Meat Market", "X": -78.57804916, "Y": 35.84169182, "GEOCODESTATUS": "M", "PERMITID": "Not Provided"}}, {"type": "Feature", "id": 3432, "geometry": {"type": "Point", "coordinates": [-78.83292899093541, 35.63500441341817]}, "properties": {"OBJECTID": 3432, "HSISID": "04092300299", "NAME": "HALAL MEAT MARKET", "ADDRESS1": "7244 GB ALFORD HWY", "ADDRESS2": null, "CITY": "HOLLY SPRINGS", "STATE": "NC", "POSTALCODE": "27540-7661", "PHONENUMBER": null, "RESTAURANTOPENDATE": 1691971200000, "FACILITYTYPE": "30 - Meat Market", "X": -78.83292633, "Y": 35.63499737, "GEOCODESTATUS": "M", "PERMITID": "Not Provided"}}, {"type": "Feature", "id": 3433, "geometry": {"type": "Point", "coordinates": [-78.79210292244547, 35.89997316171332]}, "properties": {"OBJECTID": 3433, "HSISID": "04092300300", "NAME": "FRESH BUTCHER", "ADDRESS1": "10341 MONCREIFFE RD", "ADDRESS2": null, "CITY": "RALEIGH", "STATE": "NC", "POSTALCODE": "27617-7812", "PHONENUMBER": "(574) 302-2884", "RESTAURANTOPENDATE": 1696377600000, "FACILITYTYPE": "30 - Meat Market", "X": -78.79210026, "Y": 35.89996606, "GEOCODESTATUS": "M", "PERMITID": "Not Provided"}}, {"type": "Feature", "id": 3434, "geometry": {"type": "Point", "coordinates": [-78.322987676387, 35.82163716218884]}, "properties": {"OBJECTID": 3434, "HSISID": "04092300301", "NAME": "LATINOS FOOD MARKET MEAT MARKET", "ADDRESS1": "410 W GANNON AVE ", "ADDRESS2": null, "CITY": "ZEBULON", "STATE": "NC", "POSTALCODE": "27597", "PHONENUMBER": "(919) 646-0027", "RESTAURANTOPENDATE": 1695340800000, "FACILITYTYPE": "30 - Meat Market", "X": -78.32298516, "Y": 35.82163006, "GEOCODESTATUS": "M", "PERMITID": "Not Provided"}}, {"type": "Feature", "id": 3435, "geometry": {"type": "Point", "coordinates": [-78.86225325424924, 35.736264418808304]}, "properties": {"OBJECTID": 3435, "HSISID": "04092300304", "NAME": "SUVIDHA MEAT MARKET", "ADDRESS1": "744 HUNTER ST", "ADDRESS2": null, "CITY": "APEX", "STATE": "NC", "POSTALCODE": "27502", "PHONENUMBER": "(919) 267-4901", "RESTAURANTOPENDATE": 1704153600000, "FACILITYTYPE": "30 - Meat Market", "X": -78.86225058, "Y": 35.73625736, "GEOCODESTATUS": "M", "PERMITID": "Not Provided"}}, {"type": "Feature", "id": 3436, "geometry": {"type": "Point", "coordinates": [-78.60855759210428, 35.89822674264508]}, "properties": {"OBJECTID": 3436, "HSISID": "04092300303", "NAME": "BOMBAY CENTRAL CAFE   GROCERY MEAT MARKET", "ADDRESS1": "1910 FALLS VALLEY DR", "ADDRESS2": null, "CITY": "RALEIGH", "STATE": "NC", "POSTALCODE": "27615", "PHONENUMBER": "(919) 977-3883", "RESTAURANTOPENDATE": 1697155200000, "FACILITYTYPE": "30 - Meat Market", "X": -78.60855499, "Y": 35.89821964, "GEOCODESTATUS": "M", "PERMITID": "Not Provided"}}, {"type": "Feature", "id": 3437, "geometry": {"type": "Point", "coordinates": [-78.6585504970866, 35.78994799415039]}, "properties": {"OBJECTID": 3437, "HSISID": "04092300305", "NAME": "FRESH MARKET SEAFOOD AND MEAT MARKET", "ADDRESS1": "400 WOODBURN RD ", "ADDRESS2": null, "CITY": "RALEIGH", "STATE": "NC", "POSTALCODE": "27605-1324", "PHONENUMBER": "(919) 828-7888", "RESTAURANTOPENDATE": 1709769600000, "FACILITYTYPE": "30 - Meat Market", "X": -78.65854788, "Y": 35.78994091, "GEOCODESTATUS": "M", "PERMITID": "Not Provided"}}, {"type": "Feature", "id": 3438, "geometry": {"type": "Point", "coordinates": [-78.60062800548833, 35.83625291022764]}, "properties": {"OBJECTID": 3438, "HSISID": "04092300306", "NAME": "LA CARNECARIA BUTCHER SHOP", "ADDRESS1": "2223 NEW HOPE CHURCH RD", "ADDRESS2": null, "CITY": "RALEIGH", "STATE": "NC", "POSTALCODE": "27604", "PHONENUMBER": "(919) 307-3055", "RESTAURANTOPENDATE": 1714521600000, "FACILITYTYPE": "30 - Meat Market", "X": -78.60062541, "Y": 35.83624582, "GEOCODESTATUS": "M", "PERMITID": "Not Provided"}}, {"type": "Feature", "id": 3439, "geometry": {"type": "Point", "coordinates": [-78.64847183843506, 35.74845883205974]}, "properties": {"OBJECTID": 3439, "HSISID": "04092300307", "NAME": "EL EXITO (MEAT MARKET)", "ADDRESS1": "2601 S SAUNDERS ST ", "ADDRESS2": null, "CITY": "RALEIGH", "STATE": "NC", "POSTALCODE": "27603", "PHONENUMBER": "(919) 292-5618", "RESTAURANTOPENDATE": 1725494400000, "FACILITYTYPE": "30 - Meat Market", "X": -78.64846923, "Y": 35.74845176, "GEOCODESTATUS": "M", "PERMITID": "Not Provided"}}, {"type": "Feature", "id": 3726, "geometry": {"type": "Point", "coordinates": [-78.79498191633586, 35.59418949703308]}, "properties": {"OBJECTID": 3726, "HSISID": "04092025683", "NAME": "ANGADI CAFE DELI", "ADDRESS1": "405 E BROAD ST", "ADDRESS2": null, "CITY": "FUQUAY VARINA", "STATE": "NC", "POSTALCODE": "27526", "PHONENUMBER": null, "RESTAURANTOPENDATE": 1747958400000, "FACILITYTYPE": "2 - Food Stands", "X": -78.79497927, "Y": 35.59418246, "GEOCODESTATUS": "M", "PERMITID": "Not Provided"}}, {"type": "Feature", "id": 3727, "geometry": {"type": "Point", "coordinates": [-78.79498191633586, 35.59418949703308]}, "properties": {"OBJECTID": 3727, "HSISID": "04092300310", "NAME": "ANGADI MEAT MARKET", "ADDRESS1": "405 E BROAD ST", "ADDRESS2": null, "CITY": "FUQUAY VARINA", "STATE": "NC", "POSTALCODE": "27526", "PHONENUMBER": null, "RESTAURANTOPENDATE": 1748563200000, "FACILITYTYPE": "30 - Meat Market", "X": -78.79497927, "Y": 35.59418246, "GEOCODESTATUS": "M", "PERMITID": "Not Provided"}}, {"type": "Feature", "id": 4016, "geometry": {"type": "Point", "coordinates": [-78.79210292244547, 35.89997316171332]}, "properties": {"OBJECTID": 4016, "HSISID": "04092025746", "NAME": "SOO K FOOD", "ADDRESS1": "10341 MONCREIFFE RD", "ADDRESS2": null, "CITY": "RALEIGH", "STATE": "NC", "POSTALCODE": "27617", "PHONENUMBER": "(919) 344-2035", "RESTAURANTOPENDATE": 1765238400000, "FACILITYTYPE": "2 - Food Stands", "X": -78.79210026, "Y": 35.89996606, "GEOCODESTATUS": "M", "PERMITID": "Not Provided"}}, {"type": "Feature", "id": 4018, "geometry": {"type": "Point", "coordinates": [-78.72548374824741, 35.89676899399455]}, "properties": {"OBJECTID": 4018, "HSISID": "04092025747", "NAME": "MEGA PIZZA", "ADDRESS1": "9101 LEESVILLE ROAD", "ADDRESS2": "SUITE 125", "CITY": "RALEIGH", "STATE": "NC", "POSTALCODE": "27613", "PHONENUMBER": "(919) 532-9485", "RESTAURANTOPENDATE": 1764720000000, "FACILITYTYPE": "2 - Food Stands", "X": -78.72548111, "Y": 35.89676189, "GEOCODESTATUS": "M", "PERMITID": "Not Provided"}}, {"type": "Feature", "id": 4020, "geometry": {"type": "Point", "coordinates": [-78.32697750022216, 35.820639167453685]}, "properties": {"OBJECTID": 4020, "HSISID": "04092025748", "NAME": "SAANVI REFUEL", "ADDRESS1": "550 W GANNON AVE", "ADDRESS2": null, "CITY": "ZEBULON", "STATE": "NC", "POSTALCODE": "27597", "PHONENUMBER": "(919) 600-3668", "RESTAURANTOPENDATE": 1765497600000, "FACILITYTYPE": "2 - Food Stands", "X": -78.32697498, "Y": 35.82063207, "GEOCODESTATUS": "M", "PERMITID": "Not Provided"}}, {"type": "Feature", "id": 4023, "geometry": {"type": "Point", "coordinates": [-78.53774799708971, 35.94777207799982]}, "properties": {"OBJECTID": 4023, "HSISID": "04092025749", "NAME": "CARIBBEAN BAKERY & CAFE @ FLAVOR DISTRICT -ROOM 12", "ADDRESS1": "11016 CAPITAL BLVD", "ADDRESS2": "SUITE 12", "CITY": "WAKE FOREST", "STATE": "NC", "POSTALCODE": "27587", "PHONENUMBER": "(904) 763-6022", "RESTAURANTOPENDATE": 1765152000000, "FACILITYTYPE": "2 - Food Stands", "X": -78.53774541, "Y": 35.94776496, "GEOCODESTATUS": "M", "PERMITID": "Not Provided"}}, {"type": "Feature", "id": 4025, "geometry": {"type": "Point", "coordinates": [-78.32294049658951, 35.83832467055367]}, "properties": {"OBJECTID": 4025, "HSISID": "04092025750", "NAME": "DOMINO'S #4489", "ADDRESS1": "1000 HENDRICKS DR", "ADDRESS2": null, "CITY": "ZEBULON", "STATE": "NC", "POSTALCODE": "27597", "PHONENUMBER": "(919) 887-6099", "RESTAURANTOPENDATE": 1765324800000, "FACILITYTYPE": "2 - Food Stands", "X": -78.32293798, "Y": 35.83831757, "GEOCODESTATUS": "M", "PERMITID": "Not Provided"}}, {"type": "Feature", "id": 3449, "geometry": {"type": "Point", "coordinates": [-78.54428591012068, 35.967346743183676]}, "properties": {"OBJECTID": 3449, "HSISID": "04092025616", "NAME": "PAPA MURPHYS NC033", "ADDRESS1": "11721 RETAIL DR", "ADDRESS2": "SUITE 105", "CITY": "WAKE FOREST", "STATE": "NC", "POSTALCODE": "27587", "PHONENUMBER": "(919) 554-9977", "RESTAURANTOPENDATE": 1727740800000, "FACILITYTYPE": "2 - Food Stands", "X": -78.54428332, "Y": 35.96733962, "GEOCODESTATUS": "M", "PERMITID": "Not Provided"}}, {"type": "Feature", "id": 3450, "geometry": {"type": "Point", "coordinates": [-78.54783274849258, 35.72462750277159]}, "properties": {"OBJECTID": 3450, "HSISID": "04092025615", "NAME": "MARCO'S PIZZA #8623", "ADDRESS1": "6220 BATTLE BRIDGE RD, STE 103", "ADDRESS2": null, "CITY": "RALEIGH", "STATE": "NC", "POSTALCODE": "27610", "PHONENUMBER": "(910) 444-3340", "RESTAURANTOPENDATE": 1727049600000, "FACILITYTYPE": "2 - Food Stands", "X": -78.54783017, "Y": 35.72462043, "GEOCODESTATUS": "M", "PERMITID": "Not Provided"}}, {"type": "Feature", "id": 3461, "geometry": {"type": "Point", "coordinates": [-78.64646232387557, 35.8815787546011]}, "properties": {"OBJECTID": 3461, "HSISID": "04092025619", "NAME": "STARBUCKS #67827", "ADDRESS1": "7447 SIX FORKS RD", "ADDRESS2": null, "CITY": "RALEIGH", "STATE": "NC", "POSTALCODE": "27615", "PHONENUMBER": null, "RESTAURANTOPENDATE": 1726790400000, "FACILITYTYPE": "2 - Food Stands", "X": -78.64645971, "Y": 35.88157165, "GEOCODESTATUS": "M", "PERMITID": "Not Provided"}}, {"type": "Feature", "id": 3464, "geometry": {"type": "Point", "coordinates": [-78.6319867451289, 35.765881826451206]}, "properties": {"OBJECTID": 3464, "HSISID": "04092025620", "NAME": "RALEIGH SOUL", "ADDRESS1": "511 BRAGG STREET", "ADDRESS2": null, "CITY": "RALEIGH", "STATE": "NC", "POSTALCODE": "27601", "PHONENUMBER": "(910) 381-3708", "RESTAURANTOPENDATE": 1727740800000, "FACILITYTYPE": "2 - Food Stands", "X": -78.63198414, "Y": 35.76587475, "GEOCODESTATUS": "M", "PERMITID": "Not Provided"}}, {"type": "Feature", "id": 3737, "geometry": {"type": "Point", "coordinates": [-78.64841099082702, 35.727435754108235]}, "properties": {"OBJECTID": 3737, "HSISID": "04092025685", "NAME": "LEANBACK SOUL FOOD @ THE KITCHEN SPACE", "ADDRESS1": "3805 S WILMINGTON ST", "ADDRESS2": null, "CITY": "RALEIGH", "STATE": "NC", "POSTALCODE": "27603", "PHONENUMBER": "(336) 497-1844", "RESTAURANTOPENDATE": 1748044800000, "FACILITYTYPE": "2 - Food Stands", "X": -78.64840838, "Y": 35.727428689999996, "GEOCODESTATUS": "M", "PERMITID": "Not Provided"}}, {"type": "Feature", "id": 3743, "geometry": {"type": "Point", "coordinates": [-78.63740508069571, 35.70995775476447]}, "properties": {"OBJECTID": 3743, "HSISID": "04092141919", "NAME": "GARNER HIGH SCHOOL OUTDOOR CONCESSIONS", "ADDRESS1": "2101 SPRING DR", "ADDRESS2": null, "CITY": "GARNER", "STATE": "NC", "POSTALCODE": "27529", "PHONENUMBER": "(919) 395-0278", "RESTAURANTOPENDATE": 1745884800000, "FACILITYTYPE": "14 - Limited Food", "X": -78.63740248, "Y": 35.70995069, "GEOCODESTATUS": "M", "PERMITID": "Not Provided"}}, {"type": "Feature", "id": 3746, "geometry": {"type": "Point", "coordinates": [-78.91833675389864, 35.7420598327013]}, "properties": {"OBJECTID": 3746, "HSISID": "04092025686", "NAME": "PAPA JOHN'S #5522", "ADDRESS1": "2830 TEACHEY PL", "ADDRESS2": null, "CITY": "APEX", "STATE": "NC", "POSTALCODE": "27523", "PHONENUMBER": null, "RESTAURANTOPENDATE": 1749168000000, "FACILITYTYPE": "2 - Food Stands", "X": -78.91833406, "Y": 35.74205277, "GEOCODESTATUS": "M", "PERMITID": "Not Provided"}}, {"type": "Feature", "id": 4035, "geometry": {"type": "Point", "coordinates": [-78.50566808330491, 35.89704908338988]}, "properties": {"OBJECTID": 4035, "HSISID": "04092025751", "NAME": "SHEETZ #925", "ADDRESS1": "2825 FORESTVILLE RD", "ADDRESS2": null, "CITY": "RALEIGH", "STATE": "NC", "POSTALCODE": "27616", "PHONENUMBER": "(984) 400-7073", "RESTAURANTOPENDATE": 1766361600000, "FACILITYTYPE": "2 - Food Stands", "X": -78.50566551, "Y": 35.89704198, "GEOCODESTATUS": "M", "PERMITID": "Not Provided"}}, {"type": "Feature", "id": 4038, "geometry": {"type": "Point", "coordinates": [-78.43515867334222, 35.774134742566126]}, "properties": {"OBJECTID": 4038, "HSISID": "04092025752", "NAME": "MARCO'S PIZZA #8715", "ADDRESS1": "1940 GOLDEN SPUR LN", "ADDRESS2": "STE 101", "CITY": "WENDELL", "STATE": "NC", "POSTALCODE": "27591", "PHONENUMBER": "(919) 917-9990", "RESTAURANTOPENDATE": 1767139200000, "FACILITYTYPE": "2 - Food Stands", "X": -78.43515613, "Y": 35.77412766, "GEOCODESTATUS": "M", "PERMITID": "Not Provided"}}, {"type": "Feature", "id": 4045, "geometry": {"type": "Point", "coordinates": [-78.63936750018618, 35.77441558688331]}, "properties": {"OBJECTID": 4045, "HSISID": "04092025753", "NAME": "PITA BOWL", "ADDRESS1": "438 FAYETTEVILLE STREET", "ADDRESS2": null, "CITY": "RALEIGH", "STATE": "NC", "POSTALCODE": "27601", "PHONENUMBER": "(919) 412-4986", "RESTAURANTOPENDATE": 1767657600000, "FACILITYTYPE": "2 - Food Stands", "X": -78.63936489, "Y": 35.77440851, "GEOCODESTATUS": "M", "PERMITID": "Not Provided"}}, {"type": "Feature", "id": 4051, "geometry": {"type": "Point", "coordinates": [-78.45454349965568, 35.92605516206715]}, "properties": {"OBJECTID": 4051, "HSISID": "04092025754", "NAME": "THE NAKED EMPANADA", "ADDRESS1": "207 N MAIN ST", "ADDRESS2": null, "CITY": "ROLESVILLE", "STATE": "NC", "POSTALCODE": "27571", "PHONENUMBER": null, "RESTAURANTOPENDATE": 1768176000000, "FACILITYTYPE": "2 - Food Stands", "X": -78.45454094, "Y": 35.92604805, "GEOCODESTATUS": "M", "PERMITID": "Not Provided"}}, {"type": "Feature", "id": 3475, "geometry": {"type": "Point", "coordinates": [-78.53774799708971, 35.94777207799982]}, "properties": {"OBJECTID": 3475, "HSISID": "04092025622", "NAME": "PHILLIPS HUMBLE CATERING AT FLAVOR DISTRICT", "ADDRESS1": "11016 CAPITAL BLVD", "ADDRESS2": null, "CITY": "WAKE FOREST", "STATE": "NC", "POSTALCODE": "27587", "PHONENUMBER": null, "RESTAURANTOPENDATE": 1726185600000, "FACILITYTYPE": "2 - Food Stands", "X": -78.53774541, "Y": 35.94776496, "GEOCODESTATUS": "M", "PERMITID": "Not Provided"}}, {"type": "Feature", "id": 3476, "geometry": {"type": "Point", "coordinates": [-78.51100474820126, 35.94015033492163]}, "properties": {"OBJECTID": 3476, "HSISID": "04092141907", "NAME": "HERITAGE HIGH OUTDOOR CONCESSION", "ADDRESS1": "1150 FORESTVILLE RD", "ADDRESS2": null, "CITY": "WAKE FOREST", "STATE": "NC", "POSTALCODE": "27587", "PHONENUMBER": "(919) 621-1573", "RESTAURANTOPENDATE": 1728518400000, "FACILITYTYPE": "14 - Limited Food", "X": -78.51100217, "Y": 35.94014322, "GEOCODESTATUS": "M", "PERMITID": "Not Provided"}}, {"type": "Feature", "id": 3477, "geometry": {"type": "Point", "coordinates": [-78.51100474820126, 35.94015033492163]}, "properties": {"OBJECTID": 3477, "HSISID": "04092141908", "NAME": "HERITAGE HIGH SCHOOL INDOOR CONCESSION", "ADDRESS1": "1150 FORESTVILLE RD", "ADDRESS2": null, "CITY": "WAKE FOREST", "STATE": "NC", "POSTALCODE": "27587", "PHONENUMBER": "(919) 621-1573", "RESTAURANTOPENDATE": 1728518400000, "FACILITYTYPE": "14 - Limited Food", "X": -78.51100217, "Y": 35.94014322, "GEOCODESTATUS": "M", "PERMITID": "Not Provided"}}, {"type": "Feature", "id": 3480, "geometry": {"type": "Point", "coordinates": [-78.86276499749108, 35.73803674828795]}, "properties": {"OBJECTID": 3480, "HSISID": "04092025624", "NAME": "PAPA MURPHY'S NC #004", "ADDRESS1": "756 W WILLIAMS ST", "ADDRESS2": null, "CITY": "APEX", "STATE": "NC", "POSTALCODE": "27502", "PHONENUMBER": "(919) 249-4949", "RESTAURANTOPENDATE": 1729123200000, "FACILITYTYPE": "2 - Food Stands", "X": -78.86276232, "Y": 35.73802969, "GEOCODESTATUS": "M", "PERMITID": "Not Provided"}}, {"type": "Feature", "id": 3483, "geometry": {"type": "Point", "coordinates": [-78.6997542579056, 35.663374089162915]}, "properties": {"OBJECTID": 3483, "HSISID": "04092025626", "NAME": "PAPA JOHN'S #5405", "ADDRESS1": "8109 FAYETTEVILLE RD", "ADDRESS2": "SUITE 113", "CITY": "RALEIGH", "STATE": "NC", "POSTALCODE": "27603", "PHONENUMBER": null, "RESTAURANTOPENDATE": 1729209600000, "FACILITYTYPE": "2 - Food Stands", "X": -78.69975164, "Y": 35.66336704, "GEOCODESTATUS": "M", "PERMITID": "Not Provided"}}, {"type": "Feature", "id": 3752, "geometry": {"type": "Point", "coordinates": [-78.67901258449827, 35.839324340867115]}, "properties": {"OBJECTID": 3752, "HSISID": "04092025687", "NAME": "CHICK-FIL-A CRABTREE VALLEY MALL", "ADDRESS1": "4325 GLENWOOD AVE SUITE 2047", "ADDRESS2": null, "CITY": "RALEIGH", "STATE": "NC", "POSTALCODE": "27612", "PHONENUMBER": "(919) 782-1911", "RESTAURANTOPENDATE": 1748822400000, "FACILITYTYPE": "2 - Food Stands", "X": -78.67900996, "Y": 35.83931725, "GEOCODESTATUS": "M", "PERMITID": "Not Provided"}}, {"type": "Feature", "id": 3761, "geometry": {"type": "Point", "coordinates": [-78.64841099082702, 35.727435754108235]}, "properties": {"OBJECTID": 3761, "HSISID": "04092025689", "NAME": "STACY'S SOUL KITCHEN @ THE KITCHEN SPACE", "ADDRESS1": "3805 S WILMINGTON ST", "ADDRESS2": null, "CITY": "RALEIGH", "STATE": "NC", "POSTALCODE": "27603", "PHONENUMBER": "(919) 332-9712", "RESTAURANTOPENDATE": 1749254400000, "FACILITYTYPE": "2 - Food Stands", "X": -78.64840838, "Y": 35.727428689999996, "GEOCODESTATUS": "M", "PERMITID": "Not Provided"}}, {"type": "Feature", "id": 3765, "geometry": {"type": "Point", "coordinates": [-78.47703799427619, 35.90846949718422]}, "properties": {"OBJECTID": 3765, "HSISID": "04092300311", "NAME": "PUBLIX #1855 MEAT", "ADDRESS1": "821 S MAIN ST", "ADDRESS2": null, "CITY": "ROLESVILLE", "STATE": "NC", "POSTALCODE": "27571", "PHONENUMBER": "(919) 263-6027", "RESTAURANTOPENDATE": 1747785600000, "FACILITYTYPE": "30 - Meat Market", "X": -78.47703543, "Y": 35.90846239, "GEOCODESTATUS": "M", "PERMITID": "Not Provided"}}, {"type": "Feature", "id": 3766, "geometry": {"type": "Point", "coordinates": [-78.47703799427619, 35.90846949718422]}, "properties": {"OBJECTID": 3766, "HSISID": "04092025690", "NAME": "PUBLIX #1855 DELI", "ADDRESS1": "821 S MAIN ST", "ADDRESS2": null, "CITY": "ROLESVILLE", "STATE": "NC", "POSTALCODE": "27571", "PHONENUMBER": "(919) 263-6027", "RESTAURANTOPENDATE": 1747785600000, "FACILITYTYPE": "2 - Food Stands", "X": -78.47703543, "Y": 35.90846239, "GEOCODESTATUS": "M", "PERMITID": "Not Provided"}}, {"type": "Feature", "id": 3767, "geometry": {"type": "Point", "coordinates": [-78.47703799427619, 35.90846949718422]}, "properties": {"OBJECTID": 3767, "HSISID": "04092025691", "NAME": "PUBLIX #1855 SEAFOOD", "ADDRESS1": "821 S MAIN ST", "ADDRESS2": null, "CITY": "ROLESVILLE", "STATE": "NC", "POSTALCODE": "27571", "PHONENUMBER": "(919) 263-6027", "RESTAURANTOPENDATE": 1747785600000, "FACILITYTYPE": "2 - Food Stands", "X": -78.47703543, "Y": 35.90846239, "GEOCODESTATUS": "M", "PERMITID": "Not Provided"}}, {"type": "Feature", "id": 3768, "geometry": {"type": "Point", "coordinates": [-78.47703799427619, 35.90846949718422]}, "properties": {"OBJECTID": 3768, "HSISID": "04092025692", "NAME": "PUBLIX #1855 PRODUCE", "ADDRESS1": "821 S MAIN ST", "ADDRESS2": null, "CITY": "ROLESVILLE", "STATE": "NC", "POSTALCODE": "27571", "PHONENUMBER": "(919) 263-6027", "RESTAURANTOPENDATE": 1747785600000, "FACILITYTYPE": "2 - Food Stands", "X": -78.47703543, "Y": 35.90846239, "GEOCODESTATUS": "M", "PERMITID": "Not Provided"}}, {"type": "Feature", "id": 3769, "geometry": {"type": "Point", "coordinates": [-78.47703799427619, 35.90846949718422]}, "properties": {"OBJECTID": 3769, "HSISID": "04092025693", "NAME": "AFC ZENSHI @ PUBLIX #1855", "ADDRESS1": "821 S MAIN ST", "ADDRESS2": null, "CITY": "ROLESVILLE", "STATE": "NC", "POSTALCODE": "27571", "PHONENUMBER": "(919) 263-6027", "RESTAURANTOPENDATE": 1747785600000, "FACILITYTYPE": "2 - Food Stands", "X": -78.47703543, "Y": 35.90846239, "GEOCODESTATUS": "M", "PERMITID": "Not Provided"}}, {"type": "Feature", "id": 4068, "geometry": {"type": "Point", "coordinates": [-78.64841099082702, 35.727435754108235]}, "properties": {"OBJECTID": 4068, "HSISID": "04092025756", "NAME": "SPICY FAME FOODS @ THE KITCHEN SPACE", "ADDRESS1": "3805 S WILMINGTON ST", "ADDRESS2": null, "CITY": "RALEIGH", "STATE": "NC", "POSTALCODE": "27603", "PHONENUMBER": "(919) 551-2240", "RESTAURANTOPENDATE": 1768953600000, "FACILITYTYPE": "2 - Food Stands", "X": -78.64840838, "Y": 35.727428689999996, "GEOCODESTATUS": "M", "PERMITID": "Not Provided"}}, {"type": "Feature", "id": 4069, "geometry": {"type": "Point", "coordinates": [-78.53774799708971, 35.94777207799982]}, "properties": {"OBJECTID": 4069, "HSISID": "04092025755", "NAME": "TAYSTY'S FUSION CUISINES @ FLAVOR DISTRICT -ROOM7", "ADDRESS1": "11016 CAPITAL BLVD", "ADDRESS2": "SUITE 11", "CITY": "WAKE FOREST", "STATE": "NC", "POSTALCODE": "27587", "PHONENUMBER": null, "RESTAURANTOPENDATE": 1768262400000, "FACILITYTYPE": "2 - Food Stands", "X": -78.53774541, "Y": 35.94776496, "GEOCODESTATUS": "M", "PERMITID": "Not Provided"}}, {"type": "Feature", "id": 3488, "geometry": {"type": "Point", "coordinates": [-78.77067325175553, 35.592614329861014]}, "properties": {"OBJECTID": 3488, "HSISID": "04092025627", "NAME": "PAPA MURPHY'S FUQUAY NC055", "ADDRESS1": "1420 N MAIN STREET", "ADDRESS2": null, "CITY": "FUQUAY-VARINA", "STATE": "NC", "POSTALCODE": "27526", "PHONENUMBER": "(919) 762-7433", "RESTAURANTOPENDATE": 1729814400000, "FACILITYTYPE": "2 - Food Stands", "X": -78.77067061, "Y": 35.5926073, "GEOCODESTATUS": "M", "PERMITID": "Not Provided"}}, {"type": "Feature", "id": 3492, "geometry": {"type": "Point", "coordinates": [-78.6040994908888, 35.74536266516665]}, "properties": {"OBJECTID": 3492, "HSISID": "04092141909", "NAME": "SOUTHEAST RALEIGH HIGH SCHOOL OUTDOOR CONCESSION", "ADDRESS1": "2600 ROCK QUARRY RD", "ADDRESS2": null, "CITY": "RALEIGH", "STATE": "NC", "POSTALCODE": "27610", "PHONENUMBER": "(919) 559-2189", "RESTAURANTOPENDATE": 1729814400000, "FACILITYTYPE": "14 - Limited Food", "X": -78.60409689, "Y": 35.74535559, "GEOCODESTATUS": "M", "PERMITID": "Not Provided"}}, {"type": "Feature", "id": 3493, "geometry": {"type": "Point", "coordinates": [-78.5327071589792, 35.98594241874391]}, "properties": {"OBJECTID": 3493, "HSISID": "04092025628", "NAME": "PAPA JOHNS #5371", "ADDRESS1": "12516 CAPITAL BLVD", "ADDRESS2": null, "CITY": "WAKE FOREST", "STATE": "NC", "POSTALCODE": "27587", "PHONENUMBER": "(919) 229-8514", "RESTAURANTOPENDATE": 1729814400000, "FACILITYTYPE": "2 - Food Stands", "X": -78.53270457, "Y": 35.98593529, "GEOCODESTATUS": "M", "PERMITID": "Not Provided"}}, {"type": "Feature", "id": 3498, "geometry": {"type": "Point", "coordinates": [-78.78194049746463, 35.759771748933424]}, "properties": {"OBJECTID": 3498, "HSISID": "04092025630", "NAME": "PAPA MURPHY'S NC002", "ADDRESS1": "161 SE CARY PKY", "ADDRESS2": null, "CITY": "CARY", "STATE": "NC", "POSTALCODE": "27511", "PHONENUMBER": "(919) 459-8494", "RESTAURANTOPENDATE": 1730764800000, "FACILITYTYPE": "2 - Food Stands", "X": -78.78193785, "Y": 35.75976468, "GEOCODESTATUS": "M", "PERMITID": "Not Provided"}}, {"type": "Feature", "id": 3503, "geometry": {"type": "Point", "coordinates": [-78.50629008981457, 35.94279658654459]}, "properties": {"OBJECTID": 3503, "HSISID": "04092025631", "NAME": "ROMEO'S PIZZA", "ADDRESS1": "3612 ROGERS BRANCH RD SUITE 113", "ADDRESS2": null, "CITY": "WAKE FOREST", "STATE": "NC", "POSTALCODE": "27587", "PHONENUMBER": "(708) 351-1565", "RESTAURANTOPENDATE": 1731369600000, "FACILITYTYPE": "2 - Food Stands", "X": -78.50628751, "Y": 35.94278947, "GEOCODESTATUS": "M", "PERMITID": "Not Provided"}}, {"type": "Feature", "id": 3504, "geometry": {"type": "Point", "coordinates": [-78.7609440000366, 35.901225083898254]}, "properties": {"OBJECTID": 3504, "HSISID": "04092025632", "NAME": "HIWAY DHABA EXPRESS", "ADDRESS1": "6405 WESTGATE ROAD", "ADDRESS2": "STE 133", "CITY": "RALEIGH", "STATE": "NC", "POSTALCODE": "27617", "PHONENUMBER": null, "RESTAURANTOPENDATE": 1731456000000, "FACILITYTYPE": "2 - Food Stands", "X": -78.76094135, "Y": 35.90121798, "GEOCODESTATUS": "M", "PERMITID": "Not Provided"}}, {"type": "Feature", "id": 3774, "geometry": {"type": "Point", "coordinates": [-78.64841099082702, 35.727435754108235]}, "properties": {"OBJECTID": 3774, "HSISID": "04092025694", "NAME": "BUTTERMILK BOUTIQUE @ THE KITCHEN SPACE", "ADDRESS1": "3805 S WILMINGTON ST", "ADDRESS2": null, "CITY": "RALEIGH", "STATE": "NC", "POSTALCODE": "27603", "PHONENUMBER": "(617) 938-8520", "RESTAURANTOPENDATE": 1750464000000, "FACILITYTYPE": "2 - Food Stands", "X": -78.64840838, "Y": 35.727428689999996, "GEOCODESTATUS": "M", "PERMITID": "Not Provided"}}, {"type": "Feature", "id": 3776, "geometry": {"type": "Point", "coordinates": [-78.53774799708971, 35.94777207799982]}, "properties": {"OBJECTID": 3776, "HSISID": "04092025695", "NAME": "WINGS & TURKEY BBQ @ FLAVOR DISTRICT - ROOM 14", "ADDRESS1": "11016 CAPITAL BLVD", "ADDRESS2": null, "CITY": "WAKE FOREST", "STATE": "NC", "POSTALCODE": "27587", "PHONENUMBER": "(984) 303-9832", "RESTAURANTOPENDATE": 1750204800000, "FACILITYTYPE": "2 - Food Stands", "X": -78.53774541, "Y": 35.94776496, "GEOCODESTATUS": "M", "PERMITID": "Not Provided"}}, {"type": "Feature", "id": 3780, "geometry": {"type": "Point", "coordinates": [-78.58045291289199, 35.8853847487203]}, "properties": {"OBJECTID": 3780, "HSISID": "04092025698", "NAME": "COUSINS MAINE LOBSTER COMMISSARY", "ADDRESS1": "3209 GRESHAM LAKE RD", "ADDRESS2": "SUITE 119", "CITY": "RALEIGH", "STATE": "NC", "POSTALCODE": "27615", "PHONENUMBER": "(919) 867-6203", "RESTAURANTOPENDATE": 1750723200000, "FACILITYTYPE": "2 - Food Stands", "X": -78.58045032, "Y": 35.88537765, "GEOCODESTATUS": "M", "PERMITID": "Not Provided"}}, {"type": "Feature", "id": 4071, "geometry": {"type": "Point", "coordinates": [-78.64841099082702, 35.727435754108235]}, "properties": {"OBJECTID": 4071, "HSISID": "04092025758", "NAME": "OAK CITY PIE COMPANY @ THE KITCHEN SPACE", "ADDRESS1": "3805 S WILMINGTON ST", "ADDRESS2": null, "CITY": "RALEIGH", "STATE": "NC", "POSTALCODE": "27603", "PHONENUMBER": "(919) 850-6773", "RESTAURANTOPENDATE": 1768176000000, "FACILITYTYPE": "2 - Food Stands", "X": -78.64840838, "Y": 35.727428689999996, "GEOCODESTATUS": "M", "PERMITID": "Not Provided"}}, {"type": "Feature", "id": 4072, "geometry": {"type": "Point", "coordinates": [-78.62495100889083, 35.79875192195761]}, "properties": {"OBJECTID": 4072, "HSISID": "04092025757", "NAME": "HUBB KITCHENS", "ADDRESS1": "1519 BROOKSIDE DR", "ADDRESS2": null, "CITY": "RALEIGH", "STATE": "NC", "POSTALCODE": "27604", "PHONENUMBER": "(839) 888-2588", "RESTAURANTOPENDATE": 1769126400000, "FACILITYTYPE": "2 - Food Stands", "X": -78.6249484, "Y": 35.79874484, "GEOCODESTATUS": "M", "PERMITID": "Not Provided"}}, {"type": "Feature", "id": 4079, "geometry": {"type": "Point", "coordinates": [-78.64841099082702, 35.727435754108235]}, "properties": {"OBJECTID": 4079, "HSISID": "04092025759", "NAME": "LIMA 31 CATERING & EMPANADAS @ THE KITCHEN SPACE", "ADDRESS1": "3805 S. WILMINGTON STREET", "ADDRESS2": "ROOM #15", "CITY": "RALEIGH", "STATE": "NC", "POSTALCODE": "27603", "PHONENUMBER": "(919) 924-8996", "RESTAURANTOPENDATE": 1770249600000, "FACILITYTYPE": "2 - Food Stands", "X": -78.64840838, "Y": 35.727428689999996, "GEOCODESTATUS": "M", "PERMITID": "Not Provided"}}, {"type": "Feature", "id": 4080, "geometry": {"type": "Point", "coordinates": [-78.65006017109974, 35.69421717330403]}, "properties": {"OBJECTID": 4080, "HSISID": "04092025760", "NAME": "EN POINT VEGAN", "ADDRESS1": "160 SOMMERVILLE PARK", "ADDRESS2": null, "CITY": "RALEIGH", "STATE": "NC", "POSTALCODE": "27603", "PHONENUMBER": "(919) 592-4336", "RESTAURANTOPENDATE": 1769990400000, "FACILITYTYPE": "2 - Food Stands", "X": -78.65005756, "Y": 35.69421011, "GEOCODESTATUS": "M", "PERMITID": "Not Provided"}}, {"type": "Feature", "id": 3517, "geometry": {"type": "Point", "coordinates": [-78.91775916191483, 35.743293837659294]}, "properties": {"OBJECTID": 3517, "HSISID": "04092025636", "NAME": "HARRIS TEETER 335 DELI/SUSHI/PIZZA/SOUP", "ADDRESS1": "2810 TEACHEY PL", "ADDRESS2": null, "CITY": "APEX", "STATE": "NC", "POSTALCODE": "27523", "PHONENUMBER": null, "RESTAURANTOPENDATE": 1732492800000, "FACILITYTYPE": "2 - Food Stands", "X": -78.91775647, "Y": 35.74328678, "GEOCODESTATUS": "M", "PERMITID": "Not Provided"}}, {"type": "Feature", "id": 3518, "geometry": {"type": "Point", "coordinates": [-78.91775916191483, 35.743293837659294]}, "properties": {"OBJECTID": 3518, "HSISID": "04092025637", "NAME": "HARRIS TEETER 335 PRODUCE", "ADDRESS1": "2810 TEACHEY PL", "ADDRESS2": null, "CITY": "APEX", "STATE": "NC", "POSTALCODE": "27523", "PHONENUMBER": null, "RESTAURANTOPENDATE": 1732492800000, "FACILITYTYPE": "2 - Food Stands", "X": -78.91775647, "Y": 35.74328678, "GEOCODESTATUS": "M", "PERMITID": "Not Provided"}}, {"type": "Feature", "id": 3520, "geometry": {"type": "Point", "coordinates": [-78.91775916191483, 35.743293837659294]}, "properties": {"OBJECTID": 3520, "HSISID": "04092025638", "NAME": "HARRIS TEETER 335 MEAT/SEAFOOD", "ADDRESS1": "2810 TEACHEY PL", "ADDRESS2": null, "CITY": "APEX", "STATE": "NC", "POSTALCODE": "27523", "PHONENUMBER": null, "RESTAURANTOPENDATE": 1732492800000, "FACILITYTYPE": "2 - Food Stands", "X": -78.91775647, "Y": 35.74328678, "GEOCODESTATUS": "M", "PERMITID": "Not Provided"}}, {"type": "Feature", "id": 3521, "geometry": {"type": "Point", "coordinates": [-78.61430733516826, 35.85708925110578]}, "properties": {"OBJECTID": 3521, "HSISID": "04092141910", "NAME": "FRIENDSHIP CHRISTIAN SCHOOL CONCESSION", "ADDRESS1": "5510 FALLS OF NEUSE RD", "ADDRESS2": null, "CITY": "RALEIGH", "STATE": "NC", "POSTALCODE": "27609", "PHONENUMBER": null, "RESTAURANTOPENDATE": 1732233600000, "FACILITYTYPE": "14 - Limited Food", "X": -78.61430473, "Y": 35.85708216, "GEOCODESTATUS": "M", "PERMITID": "Not Provided"}}, {"type": "Feature", "id": 3522, "geometry": {"type": "Point", "coordinates": [-78.89379632660201, 35.73783058708408]}, "properties": {"OBJECTID": 3522, "HSISID": "04092025639", "NAME": "AFC ZENSHI @ PUBLIX 1544", "ADDRESS1": "1441 KELLY RD", "ADDRESS2": null, "CITY": "APEX", "STATE": "NC", "POSTALCODE": "27502", "PHONENUMBER": "(919) 579-1752", "RESTAURANTOPENDATE": 1732147200000, "FACILITYTYPE": "2 - Food Stands", "X": -78.89379364, "Y": 35.73782353, "GEOCODESTATUS": "M", "PERMITID": "Not Provided"}}, {"type": "Feature", "id": 3523, "geometry": {"type": "Point", "coordinates": [-78.90353891061324, 35.824876910118476]}, "properties": {"OBJECTID": 3523, "HSISID": "04092025640", "NAME": "AFC ZENSHI @ PUBLIX 1552", "ADDRESS1": "425 EMISSARY DR", "ADDRESS2": null, "CITY": "CARY", "STATE": "NC", "POSTALCODE": "27519", "PHONENUMBER": "(919) 388-7201", "RESTAURANTOPENDATE": 1732147200000, "FACILITYTYPE": "2 - Food Stands", "X": -78.90353622, "Y": 35.82486983, "GEOCODESTATUS": "M", "PERMITID": "Not Provided"}}, {"type": "Feature", "id": 3524, "geometry": {"type": "Point", "coordinates": [-78.79652549975759, 35.707121329408686]}, "properties": {"OBJECTID": 3524, "HSISID": "04092025641", "NAME": "AFC ZENSHI @ PUBLIX 1520", "ADDRESS1": "3480 KILDAIRE FARM RD", "ADDRESS2": null, "CITY": "CARY", "STATE": "NC", "POSTALCODE": "27518", "PHONENUMBER": null, "RESTAURANTOPENDATE": 1732147200000, "FACILITYTYPE": "2 - Food Stands", "X": -78.79652285, "Y": 35.70711427, "GEOCODESTATUS": "M", "PERMITID": "Not Provided"}}, {"type": "Feature", "id": 3798, "geometry": {"type": "Point", "coordinates": [-78.63903083820921, 35.752059670156385]}, "properties": {"OBJECTID": 3798, "HSISID": "04092025700", "NAME": "ROYAL PUNJAB CATERING", "ADDRESS1": "2161 S WILMINGTON ST", "ADDRESS2": null, "CITY": "RALEIGH", "STATE": "NC", "POSTALCODE": "27603", "PHONENUMBER": null, "RESTAURANTOPENDATE": 1751500800000, "FACILITYTYPE": "2 - Food Stands", "X": -78.63902823, "Y": 35.7520526, "GEOCODESTATUS": "M", "PERMITID": "Not Provided"}}, {"type": "Feature", "id": 3525, "geometry": {"type": "Point", "coordinates": [-78.84558824551502, 35.79325965906674]}, "properties": {"OBJECTID": 3525, "HSISID": "04092025642", "NAME": "AFC ZENSHI @ PUBLIX 1466", "ADDRESS1": "1020 BRADFORD PLAZA WAY", "ADDRESS2": null, "CITY": "CARY", "STATE": "NC", "POSTALCODE": "27519", "PHONENUMBER": null, "RESTAURANTOPENDATE": 1732147200000, "FACILITYTYPE": "2 - Food Stands", "X": -78.84558557, "Y": 35.79325258, "GEOCODESTATUS": "M", "PERMITID": "Not Provided"}}, {"type": "Feature", "id": 3526, "geometry": {"type": "Point", "coordinates": [-78.72728891942646, 35.90564467051236]}, "properties": {"OBJECTID": 3526, "HSISID": "04092025643", "NAME": "AFC ZENSHI @ PUBLIX 1551", "ADDRESS1": "9640 LEESVILLE RD", "ADDRESS2": null, "CITY": "RALEIGH", "STATE": "NC", "POSTALCODE": "27613", "PHONENUMBER": "(678) 508-7100", "RESTAURANTOPENDATE": 1732060800000, "FACILITYTYPE": "2 - Food Stands", "X": -78.72728628, "Y": 35.90563757, "GEOCODESTATUS": "M", "PERMITID": "Not Provided"}}, {"type": "Feature", "id": 3527, "geometry": {"type": "Point", "coordinates": [-78.5075985837886, 35.94611683231546]}, "properties": {"OBJECTID": 3527, "HSISID": "04092025644", "NAME": "AFC ZENSHI @ PUBLIX 1514", "ADDRESS1": "1030 FORESTVILLE RD", "ADDRESS2": null, "CITY": "WAKE FOREST", "STATE": "NC", "POSTALCODE": "27587", "PHONENUMBER": "(919) 556-6671", "RESTAURANTOPENDATE": 1731974400000, "FACILITYTYPE": "2 - Food Stands", "X": -78.50759601, "Y": 35.94610971, "GEOCODESTATUS": "M", "PERMITID": "Not Provided"}}, {"type": "Feature", "id": 3528, "geometry": {"type": "Point", "coordinates": [-78.43555934101553, 35.77644791015531]}, "properties": {"OBJECTID": 3528, "HSISID": "04092025645", "NAME": "AFC ZENSHI @ PUBLIX 1744", "ADDRESS1": "2257 WENDELL FALLS PKWY", "ADDRESS2": null, "CITY": "WENDELL", "STATE": "NC", "POSTALCODE": "27591", "PHONENUMBER": null, "RESTAURANTOPENDATE": 1731974400000, "FACILITYTYPE": "2 - Food Stands", "X": -78.43555679, "Y": 35.77644083, "GEOCODESTATUS": "M", "PERMITID": "Not Provided"}}, {"type": "Feature", "id": 3529, "geometry": {"type": "Point", "coordinates": [-78.64490250058262, 35.78790507782399]}, "properties": {"OBJECTID": 3529, "HSISID": "04092025646", "NAME": "AFC ZENSHI @ PUBLIX 1652", "ADDRESS1": "417 W PEACE ST", "ADDRESS2": null, "CITY": "RALEIGH", "STATE": "NC", "POSTALCODE": "27603", "PHONENUMBER": null, "RESTAURANTOPENDATE": 1734566400000, "FACILITYTYPE": "2 - Food Stands", "X": -78.64489989, "Y": 35.787898, "GEOCODESTATUS": "M", "PERMITID": "Not Provided"}}, {"type": "Feature", "id": 3531, "geometry": {"type": "Point", "coordinates": [-78.64569600913487, 35.77946366470373]}, "properties": {"OBJECTID": 3531, "HSISID": "04092025647", "NAME": "TIME SQUARE DELI @ MSFH", "ADDRESS1": "411 W. MORGAN STREET", "ADDRESS2": null, "CITY": "RALEIGH", "STATE": "NC", "POSTALCODE": "27603", "PHONENUMBER": "(984) 200-0080", "RESTAURANTOPENDATE": 1734220800000, "FACILITYTYPE": "2 - Food Stands", "X": -78.6456934, "Y": 35.77945659, "GEOCODESTATUS": "M", "PERMITID": "Not Provided"}}, {"type": "Feature", "id": 3537, "geometry": {"type": "Point", "coordinates": [-78.78286383515577, 35.600876245019684]}, "properties": {"OBJECTID": 3537, "HSISID": "04092300308", "NAME": "MEAT HOUSE", "ADDRESS1": "1109 GALT AVE", "ADDRESS2": null, "CITY": "FUQUAY VARINA", "STATE": "NC", "POSTALCODE": "27526", "PHONENUMBER": null, "RESTAURANTOPENDATE": 1733702400000, "FACILITYTYPE": "30 - Meat Market", "X": -78.78286119, "Y": 35.60086921, "GEOCODESTATUS": "M", "PERMITID": "Not Provided"}}, {"type": "Feature", "id": 3541, "geometry": {"type": "Point", "coordinates": [-78.84651574901424, 35.735463754887]}, "properties": {"OBJECTID": 3541, "HSISID": "04092025648", "NAME": "ROSATI'S APEX", "ADDRESS1": "76 HUNTER ST", "ADDRESS2": "SUITE 104", "CITY": "APEX", "STATE": "NC", "POSTALCODE": "27502", "PHONENUMBER": null, "RESTAURANTOPENDATE": 1733788800000, "FACILITYTYPE": "2 - Food Stands", "X": -78.84651308, "Y": 35.73545669, "GEOCODESTATUS": "M", "PERMITID": "Not Provided"}}, {"type": "Feature", "id": 3808, "geometry": {"type": "Point", "coordinates": [-78.78939875755906, 35.869707251238914]}, "properties": {"OBJECTID": 3808, "HSISID": "04092025703", "NAME": "GUY FIERI'S PIZZA JOINT", "ADDRESS1": "2400 JOHN BRANTLEY BLVD", "ADDRESS2": null, "CITY": "MORRISVILLE", "STATE": "NC", "POSTALCODE": "27560", "PHONENUMBER": "(631) 235-3966", "RESTAURANTOPENDATE": 1748649600000, "FACILITYTYPE": "2 - Food Stands", "X": -78.7893961, "Y": 35.86970016, "GEOCODESTATUS": "M", "PERMITID": "Not Provided"}}, {"type": "Feature", "id": 3809, "geometry": {"type": "Point", "coordinates": [-78.78939875755906, 35.869707251238914]}, "properties": {"OBJECTID": 3809, "HSISID": "04092025704", "NAME": "DUNKIN' #364996", "ADDRESS1": "2400 JOHN BRANTLEY BLVD", "ADDRESS2": null, "CITY": "MORRISVILLE", "STATE": "NC", "POSTALCODE": "27560", "PHONENUMBER": "(786) 866-9854", "RESTAURANTOPENDATE": 1751932800000, "FACILITYTYPE": "2 - Food Stands", "X": -78.7893961, "Y": 35.86970016, "GEOCODESTATUS": "M", "PERMITID": "Not Provided"}}, {"type": "Feature", "id": 3815, "geometry": {"type": "Point", "coordinates": [-78.58184282658569, 35.85545899384858]}, "properties": {"OBJECTID": 3815, "HSISID": "04092025705", "NAME": "HAN-DEE HUGO'S #53 FOODSERVICE", "ADDRESS1": "5101 CAPITAL BLVD", "ADDRESS2": null, "CITY": "RALEIGH", "STATE": "NC", "POSTALCODE": "27616", "PHONENUMBER": "(919) 790-5867", "RESTAURANTOPENDATE": 1750896000000, "FACILITYTYPE": "2 - Food Stands", "X": -78.58184023, "Y": 35.8554519, "GEOCODESTATUS": "M", "PERMITID": "Not Provided"}}, {"type": "Feature", "id": 3816, "geometry": {"type": "Point", "coordinates": [-78.6208010863889, 35.77207567086746]}, "properties": {"OBJECTID": 3816, "HSISID": "04092025706", "NAME": "THYMELY MEALS @ THE COOKHOUSE", "ADDRESS1": "1214 E LENOIR ST", "ADDRESS2": null, "CITY": "RALEIGH", "STATE": "NC", "POSTALCODE": "27610", "PHONENUMBER": "(919) 949-1907", "RESTAURANTOPENDATE": 1752537600000, "FACILITYTYPE": "2 - Food Stands", "X": -78.62079848, "Y": 35.77206859, "GEOCODESTATUS": "M", "PERMITID": "Not Provided"}}, {"type": "Feature", "id": 3824, "geometry": {"type": "Point", "coordinates": [-78.83456766169395, 35.795484921563386]}, "properties": {"OBJECTID": 3824, "HSISID": "04092025709", "NAME": "PRESTONWOOD COUNTRY CLUB AQUATIC CENTER", "ADDRESS1": "320 PRESTONWOOD PKWY", "ADDRESS2": null, "CITY": "CARY", "STATE": "NC", "POSTALCODE": "27513", "PHONENUMBER": null, "RESTAURANTOPENDATE": 1754006400000, "FACILITYTYPE": "2 - Food Stands", "X": -78.83456499, "Y": 35.79547785, "GEOCODESTATUS": "M", "PERMITID": "Not Provided"}}, {"type": "Feature", "id": 3547, "geometry": {"type": "Point", "coordinates": [-78.64569600913487, 35.77946366470373]}, "properties": {"OBJECTID": 3547, "HSISID": "04092025649", "NAME": "FRESCO VELOCE RALEIGH @ MSFH", "ADDRESS1": "411 W MORGAN ST", "ADDRESS2": null, "CITY": "RALEIGH", "STATE": "NC", "POSTALCODE": "27603", "PHONENUMBER": "(919) 369-1626", "RESTAURANTOPENDATE": 1734307200000, "FACILITYTYPE": "2 - Food Stands", "X": -78.6456934, "Y": 35.77945659, "GEOCODESTATUS": "M", "PERMITID": "Not Provided"}}, {"type": "Feature", "id": 3549, "geometry": {"type": "Point", "coordinates": [-78.54259824231805, 35.88063383834538]}, "properties": {"OBJECTID": 3549, "HSISID": "04092141911", "NAME": "NORTH RALEIGH CHRISTIAN ACADEMY OUTDOOR CONCESSION", "ADDRESS1": "7300 PERRY CREEK RD", "ADDRESS2": null, "CITY": "RALEIGH", "STATE": "NC", "POSTALCODE": "27616", "PHONENUMBER": "(919) 573-7900", "RESTAURANTOPENDATE": 1759881600000, "FACILITYTYPE": "14 - Limited Food", "X": -78.54259566, "Y": 35.88062673, "GEOCODESTATUS": "M", "PERMITID": "Not Provided"}}, {"type": "Feature", "id": 3552, "geometry": {"type": "Point", "coordinates": [-78.44140042475738, 35.905914000180125]}, "properties": {"OBJECTID": 3552, "HSISID": "04092141913", "NAME": "ROLESVILLE HIGH INDOOR CONCESSION", "ADDRESS1": "1099 E. YOUNG ST", "ADDRESS2": null, "CITY": "ROLESVILLE", "STATE": "NC", "POSTALCODE": "27571", "PHONENUMBER": "(919) 703-5640", "RESTAURANTOPENDATE": 1734566400000, "FACILITYTYPE": "14 - Limited Food", "X": -78.44139787, "Y": 35.90590689, "GEOCODESTATUS": "M", "PERMITID": "Not Provided"}}, {"type": "Feature", "id": 3554, "geometry": {"type": "Point", "coordinates": [-78.8971237547297, 35.80864200000044]}, "properties": {"OBJECTID": 3554, "HSISID": "04092025650", "NAME": "LAZZA PIZZA", "ADDRESS1": "645 MILLS PARK DR", "ADDRESS2": null, "CITY": "CARY", "STATE": "NC", "POSTALCODE": "27519", "PHONENUMBER": "(919) 367-6027", "RESTAURANTOPENDATE": 1734652800000, "FACILITYTYPE": "2 - Food Stands", "X": -78.89712107, "Y": 35.80863492, "GEOCODESTATUS": "M", "PERMITID": "Not Provided"}}, {"type": "Feature", "id": 3557, "geometry": {"type": "Point", "coordinates": [-78.64569600913487, 35.77946366470373]}, "properties": {"OBJECTID": 3557, "HSISID": "04092025651", "NAME": "THE CRISPY COD @ MSFH", "ADDRESS1": "411 W MORGAN STREET", "ADDRESS2": null, "CITY": "RALEIGH", "STATE": "NC", "POSTALCODE": "27603", "PHONENUMBER": "(919) 412-2262", "RESTAURANTOPENDATE": 1736208000000, "FACILITYTYPE": "2 - Food Stands", "X": -78.6456934, "Y": 35.77945659, "GEOCODESTATUS": "M", "PERMITID": "Not Provided"}}, {"type": "Feature", "id": 3829, "geometry": {"type": "Point", "coordinates": [-78.7072501680782, 35.75020424597991]}, "properties": {"OBJECTID": 3829, "HSISID": "04092025710", "NAME": "REFUEL #1184", "ADDRESS1": "4100 TRYON RD", "ADDRESS2": null, "CITY": "RALEIGH", "STATE": "NC", "POSTALCODE": "27606", "PHONENUMBER": "(843) 388-4966", "RESTAURANTOPENDATE": 1754006400000, "FACILITYTYPE": "2 - Food Stands", "X": -78.70724754, "Y": 35.75019718, "GEOCODESTATUS": "M", "PERMITID": "Not Provided"}}, {"type": "Feature", "id": 3834, "geometry": {"type": "Point", "coordinates": [-78.62444999976589, 35.87397367044404]}, "properties": {"OBJECTID": 3834, "HSISID": "04092025712", "NAME": "ROSATIS PIZZA", "ADDRESS1": "6615 FALLS OF NEUSE RD SUITE 101", "ADDRESS2": null, "CITY": "RALEIGH", "STATE": "NC", "POSTALCODE": "27615", "PHONENUMBER": null, "RESTAURANTOPENDATE": 1754524800000, "FACILITYTYPE": "2 - Food Stands", "X": -78.62444739, "Y": 35.87396657, "GEOCODESTATUS": "M", "PERMITID": "Not Provided"}}, {"type": "Feature", "id": 3837, "geometry": {"type": "Point", "coordinates": [-78.8488966670158, 35.75387641320144]}, "properties": {"OBJECTID": 3837, "HSISID": "04092025713", "NAME": "CINNAMON INDIAN CUISINE", "ADDRESS1": "1015 DAVIS DRIVE", "ADDRESS2": null, "CITY": "APEX", "STATE": "NC", "POSTALCODE": "27523", "PHONENUMBER": "(919) 771-7932", "RESTAURANTOPENDATE": 1754524800000, "FACILITYTYPE": "2 - Food Stands", "X": -78.848894, "Y": 35.75386935, "GEOCODESTATUS": "M", "PERMITID": "Not Provided"}}, {"type": "Feature", "id": 3839, "geometry": {"type": "Point", "coordinates": [-78.64841099082702, 35.727435754108235]}, "properties": {"OBJECTID": 3839, "HSISID": "04092025714", "NAME": "BIANY'S KITCHEN AT THE KITCHEN SPACE", "ADDRESS1": "3805 S WILMINGTON ST", "ADDRESS2": null, "CITY": "RALEIGH", "STATE": "NC", "POSTALCODE": "27603", "PHONENUMBER": "(919) 520-5979", "RESTAURANTOPENDATE": 1753920000000, "FACILITYTYPE": "2 - Food Stands", "X": -78.64840838, "Y": 35.727428689999996, "GEOCODESTATUS": "M", "PERMITID": "Not Provided"}}, {"type": "Feature", "id": 3572, "geometry": {"type": "Point", "coordinates": [-78.46472708399875, 35.917316580536216]}, "properties": {"OBJECTID": 3572, "HSISID": "04092025652", "NAME": "LITTLE CAESARS #3713", "ADDRESS1": "401 S MAIN ST", "ADDRESS2": null, "CITY": "ROLESVILLE", "STATE": "NC", "POSTALCODE": "27571", "PHONENUMBER": "(919) 488-4068", "RESTAURANTOPENDATE": 1735862400000, "FACILITYTYPE": "2 - Food Stands", "X": -78.46472452, "Y": 35.91730947, "GEOCODESTATUS": "M", "PERMITID": "Not Provided"}}, {"type": "Feature", "id": 3574, "geometry": {"type": "Point", "coordinates": [-78.63903083820921, 35.752059670156385]}, "properties": {"OBJECTID": 3574, "HSISID": "04092025653", "NAME": "AMBAARI CAFE", "ADDRESS1": "2161 S WILMINGTON ST", "ADDRESS2": null, "CITY": "RALEIGH", "STATE": "NC", "POSTALCODE": "27603", "PHONENUMBER": "(919) 908-3468", "RESTAURANTOPENDATE": 1736380800000, "FACILITYTYPE": "2 - Food Stands", "X": -78.63902823, "Y": 35.7520526, "GEOCODESTATUS": "M", "PERMITID": "Not Provided"}}, {"type": "Feature", "id": 3848, "geometry": {"type": "Point", "coordinates": [-78.64841099082702, 35.727435754108235]}, "properties": {"OBJECTID": 3848, "HSISID": "04092025715", "NAME": "DRUNK TANK GRILL @ THE KITCHEN SPACE", "ADDRESS1": "3805 S WILMINGTON ST, STE 35", "ADDRESS2": null, "CITY": "RALEIGH", "STATE": "NC", "POSTALCODE": "27603", "PHONENUMBER": "(984) 368-6000", "RESTAURANTOPENDATE": 1755129600000, "FACILITYTYPE": "2 - Food Stands", "X": -78.64840838, "Y": 35.727428689999996, "GEOCODESTATUS": "M", "PERMITID": "Not Provided"}}, {"type": "Feature", "id": 3860, "geometry": {"type": "Point", "coordinates": [-78.64165207503957, 35.70569116811976]}, "properties": {"OBJECTID": 3860, "HSISID": "04092300312", "NAME": "THE KOLA NUT", "ADDRESS1": "5520 ATLANTIC SPRINGS RD", "ADDRESS2": null, "CITY": "RALEIGH", "STATE": "NC", "POSTALCODE": "27616", "PHONENUMBER": "(919) 977-6747", "RESTAURANTOPENDATE": 1756166400000, "FACILITYTYPE": "30 - Meat Market", "X": -78.64164947, "Y": 35.70568411, "GEOCODESTATUS": "M", "PERMITID": "Not Provided"}}, {"type": "Feature", "id": 3587, "geometry": {"type": "Point", "coordinates": [-78.77007600888682, 35.83116975455087]}, "properties": {"OBJECTID": 3587, "HSISID": "04092025654", "NAME": "CAPRI FLAVORS", "ADDRESS1": "867 BASS PRO LN", "ADDRESS2": null, "CITY": "CARY", "STATE": "NC", "POSTALCODE": "27513", "PHONENUMBER": null, "RESTAURANTOPENDATE": 1737417600000, "FACILITYTYPE": "2 - Food Stands", "X": -78.77007336, "Y": 35.83116267, "GEOCODESTATUS": "M", "PERMITID": "Not Provided"}}, {"type": "Feature", "id": 3588, "geometry": {"type": "Point", "coordinates": [-78.57669183537567, 35.842049413348356]}, "properties": {"OBJECTID": 3588, "HSISID": "04092025655", "NAME": "7-ELEVEN", "ADDRESS1": "4245 LOUISBURG ROAD", "ADDRESS2": null, "CITY": "RALEIGH", "STATE": "NC", "POSTALCODE": "27604", "PHONENUMBER": "(860) 371-1035", "RESTAURANTOPENDATE": 1736985600000, "FACILITYTYPE": "2 - Food Stands", "X": -78.57668924, "Y": 35.84204232, "GEOCODESTATUS": "M", "PERMITID": "Not Provided"}}, {"type": "Feature", "id": 3590, "geometry": {"type": "Point", "coordinates": [-78.5894137546288, 35.90603941306413]}, "properties": {"OBJECTID": 3590, "HSISID": "04092025656", "NAME": "DOMINOS #7487", "ADDRESS1": "1121 FALLS RIVER AVE SUITE 104", "ADDRESS2": null, "CITY": "RALEIGH", "STATE": "NC", "POSTALCODE": "27614", "PHONENUMBER": "(919) 870-1155", "RESTAURANTOPENDATE": 1737590400000, "FACILITYTYPE": "2 - Food Stands", "X": -78.58941115, "Y": 35.90603231, "GEOCODESTATUS": "M", "PERMITID": "Not Provided"}}, {"type": "Feature", "id": 3592, "geometry": {"type": "Point", "coordinates": [-78.53774799708971, 35.94777207799982]}, "properties": {"OBJECTID": 3592, "HSISID": "04092025657", "NAME": "THE CORNER VENEZUELAN @ FLAVOR DISTRICT- ROOM #8", "ADDRESS1": "11016 CAPITAL BLVD", "ADDRESS2": null, "CITY": "WAKE FOREST", "STATE": "NC", "POSTALCODE": "27587", "PHONENUMBER": "(919) 539-6780", "RESTAURANTOPENDATE": 1736467200000, "FACILITYTYPE": "2 - Food Stands", "X": -78.53774541, "Y": 35.94776496, "GEOCODESTATUS": "M", "PERMITID": "Not Provided"}}, {"type": "Feature", "id": 3595, "geometry": {"type": "Point", "coordinates": [-78.71583541340713, 35.87111049680558]}, "properties": {"OBJECTID": 3595, "HSISID": "04092025658", "NAME": "LITTLE CAESAR'S #56126", "ADDRESS1": "4800 GROVE BARTON ROAD", "ADDRESS2": null, "CITY": "RALEIGH", "STATE": "NC", "POSTALCODE": "27613", "PHONENUMBER": "(984) 200-7790", "RESTAURANTOPENDATE": 1738281600000, "FACILITYTYPE": "2 - Food Stands", "X": -78.71583278, "Y": 35.8711034, "GEOCODESTATUS": "M", "PERMITID": "Not Provided"}}, {"type": "Feature", "id": 3597, "geometry": {"type": "Point", "coordinates": [-78.60334083581117, 35.78425074294723]}, "properties": {"OBJECTID": 3597, "HSISID": "04092141914", "NAME": "ENLOE HIGH INDOOR CONCESSIONS", "ADDRESS1": "128 CLARENDON CRESCENT", "ADDRESS2": null, "CITY": "RALEIGH", "STATE": "NC", "POSTALCODE": "27610", "PHONENUMBER": "(919) 360-8401", "RESTAURANTOPENDATE": 1736467200000, "FACILITYTYPE": "14 - Limited Food", "X": -78.60333824, "Y": 35.78424366, "GEOCODESTATUS": "M", "PERMITID": "Not Provided"}}, {"type": "Feature", "id": 3863, "geometry": {"type": "Point", "coordinates": [-78.65350490727772, 35.790768084248235]}, "properties": {"OBJECTID": 3863, "HSISID": "04092141920", "NAME": "BROUGHTON HS INDOOR CONCESSION", "ADDRESS1": "723 ST MARYS ST", "ADDRESS2": null, "CITY": "RALEIGH", "STATE": "NC", "POSTALCODE": "27605", "PHONENUMBER": "(919) 602-2432", "RESTAURANTOPENDATE": 1755820800000, "FACILITYTYPE": "14 - Limited Food", "X": -78.65350229, "Y": 35.790760999999996, "GEOCODESTATUS": "M", "PERMITID": "Not Provided"}}, {"type": "Feature", "id": 3865, "geometry": {"type": "Point", "coordinates": [-78.64657532648211, 35.86106725115818]}, "properties": {"OBJECTID": 3865, "HSISID": "04092141921", "NAME": "SHS INSIDE CONCESSIONS", "ADDRESS1": "5500 DIXON DRIVE", "ADDRESS2": null, "CITY": "RALEIGH", "STATE": "NC", "POSTALCODE": "27609", "PHONENUMBER": "(919) 523-5903", "RESTAURANTOPENDATE": 1754956800000, "FACILITYTYPE": "14 - Limited Food", "X": -78.64657271, "Y": 35.86106016, "GEOCODESTATUS": "M", "PERMITID": "Not Provided"}}, {"type": "Feature", "id": 3866, "geometry": {"type": "Point", "coordinates": [-78.8488257573903, 35.628910993558385]}, "properties": {"OBJECTID": 3866, "HSISID": "04092141922", "NAME": "HOLLY SPRINGS HAWKS CONCESSION STAND", "ADDRESS1": "5329 CASS HOLT RD", "ADDRESS2": null, "CITY": "HOLLY SPRINGS", "STATE": "NC", "POSTALCODE": "27540", "PHONENUMBER": "(910) 610-1662", "RESTAURANTOPENDATE": 1755129600000, "FACILITYTYPE": "14 - Limited Food", "X": -78.84882309, "Y": 35.62890395, "GEOCODESTATUS": "M", "PERMITID": "Not Provided"}}, {"type": "Feature", "id": 3868, "geometry": {"type": "Point", "coordinates": [-78.60334083581117, 35.78425074294723]}, "properties": {"OBJECTID": 3868, "HSISID": "04092141923", "NAME": "ENLOE HIGH SCHOOL OUTDOOR CONCESSIONS", "ADDRESS1": "128 CLARENDON CRESCENT", "ADDRESS2": null, "CITY": "RALEIGH", "STATE": "NC", "POSTALCODE": "27610", "PHONENUMBER": "(919) 559-6762", "RESTAURANTOPENDATE": 1756339200000, "FACILITYTYPE": "14 - Limited Food", "X": -78.60333824, "Y": 35.78424366, "GEOCODESTATUS": "M", "PERMITID": "Not Provided"}}, {"type": "Feature", "id": 3869, "geometry": {"type": "Point", "coordinates": [-78.64841099082702, 35.727435754108235]}, "properties": {"OBJECTID": 3869, "HSISID": "04092025716", "NAME": "MIDDLE SPOON CATERING @ THE KITCHEN SPACE", "ADDRESS1": "3805 S WILMINGTON ST", "ADDRESS2": "SUITE 29", "CITY": "RALEIGH", "STATE": "NC", "POSTALCODE": "27603", "PHONENUMBER": null, "RESTAURANTOPENDATE": 1755475200000, "FACILITYTYPE": "2 - Food Stands", "X": -78.64840838, "Y": 35.727428689999996, "GEOCODESTATUS": "M", "PERMITID": "Not Provided"}}, {"type": "Feature", "id": 3872, "geometry": {"type": "Point", "coordinates": [-78.66895943009497, 35.7877713687785]}, "properties": {"OBJECTID": 3872, "HSISID": "04092025717", "NAME": "MEDITERRANEAN DELI @ THE ATRIUM", "ADDRESS1": "2600 FOUNDERS DR", "ADDRESS2": null, "CITY": "RALEIGH", "STATE": "NC", "POSTALCODE": "27607", "PHONENUMBER": null, "RESTAURANTOPENDATE": 1755216000000, "FACILITYTYPE": "2 - Food Stands", "X": -78.66895681, "Y": 35.78776429, "GEOCODESTATUS": "M", "PERMITID": "Not Provided"}}, {"type": "Feature", "id": 3880, "geometry": {"type": "Point", "coordinates": [-78.64569600913487, 35.77946366470373]}, "properties": {"OBJECTID": 3880, "HSISID": "04092025718", "NAME": "BUENA PAPA FRY BAR @ MSFH", "ADDRESS1": "411 W MORGAN STREET", "ADDRESS2": null, "CITY": "RALEIGH", "STATE": "NC", "POSTALCODE": "27603", "PHONENUMBER": "(919) 637-8557", "RESTAURANTOPENDATE": 1755129600000, "FACILITYTYPE": "2 - Food Stands", "X": -78.6456934, "Y": 35.77945659, "GEOCODESTATUS": "M", "PERMITID": "Not Provided"}}, {"type": "Feature", "id": 3607, "geometry": {"type": "Point", "coordinates": [-78.78267740763933, 35.59366682674501]}, "properties": {"OBJECTID": 3607, "HSISID": "04092025660", "NAME": "PIZZA HUT #1303", "ADDRESS1": "1009 E BROAD ST", "ADDRESS2": null, "CITY": "FUQUAY-VARINA", "STATE": "NC", "POSTALCODE": "27526", "PHONENUMBER": "(919) 552-0771", "RESTAURANTOPENDATE": 1738540800000, "FACILITYTYPE": "2 - Food Stands", "X": -78.78267477, "Y": 35.59365979, "GEOCODESTATUS": "M", "PERMITID": "Not Provided"}}, {"type": "Feature", "id": 3610, "geometry": {"type": "Point", "coordinates": [-78.72285074580057, 35.627714999597856]}, "properties": {"OBJECTID": 3610, "HSISID": "04092141915", "NAME": "HILLTOP CHRISTIAN SCHOOL CONCESSION STAND", "ADDRESS1": "10212 FAYETTEVILLE RD", "ADDRESS2": null, "CITY": "FUQUAY-VARINA", "STATE": "NC", "POSTALCODE": "27526", "PHONENUMBER": "(336) 260-5529", "RESTAURANTOPENDATE": 1738281600000, "FACILITYTYPE": "14 - Limited Food", "X": -78.72284812, "Y": 35.62770796, "GEOCODESTATUS": "M", "PERMITID": "Not Provided"}}, {"type": "Feature", "id": 3611, "geometry": {"type": "Point", "coordinates": [-78.81920466138918, 35.61278399984745]}, "properties": {"OBJECTID": 3611, "HSISID": "04092141916", "NAME": "SOUTHERN WAKE ACADEMY CONCESSION STAND", "ADDRESS1": "5108 OLD POWELL RD", "ADDRESS2": null, "CITY": "HOLLY SPRINGS", "STATE": "NC", "POSTALCODE": "27540", "PHONENUMBER": "(919) 567-9955", "RESTAURANTOPENDATE": 1738713600000, "FACILITYTYPE": "14 - Limited Food", "X": -78.81920201, "Y": 35.61277696, "GEOCODESTATUS": "M", "PERMITID": "Not Provided"}}, {"type": "Feature", "id": 3615, "geometry": {"type": "Point", "coordinates": [-78.56010399695504, 35.73197091579393]}, "properties": {"OBJECTID": 3615, "HSISID": "04092025661", "NAME": "PIZZA HUT #42446", "ADDRESS1": "5416 ROCK QUARRY RD, STE 101", "ADDRESS2": null, "CITY": "RALEIGH", "STATE": "NC", "POSTALCODE": "27610", "PHONENUMBER": "(919) 851-0200", "RESTAURANTOPENDATE": 1738886400000, "FACILITYTYPE": "2 - Food Stands", "X": -78.56010141, "Y": 35.73196384, "GEOCODESTATUS": "M", "PERMITID": "Not Provided"}}, {"type": "Feature", "id": 3616, "geometry": {"type": "Point", "coordinates": [-78.46696042497071, 35.9211878381475]}, "properties": {"OBJECTID": 3616, "HSISID": "04092025662", "NAME": "PIZZA HUT", "ADDRESS1": "6330 ROGERS RD", "ADDRESS2": null, "CITY": "ROLESVILLE", "STATE": "NC", "POSTALCODE": "27571", "PHONENUMBER": "(919) 424-4444", "RESTAURANTOPENDATE": 1738886400000, "FACILITYTYPE": "2 - Food Stands", "X": -78.46695786, "Y": 35.92118072, "GEOCODESTATUS": "M", "PERMITID": "Not Provided"}}, {"type": "Feature", "id": 3618, "geometry": {"type": "Point", "coordinates": [-78.6307065929751, 35.75697291625184]}, "properties": {"OBJECTID": 3618, "HSISID": "04092025663", "NAME": "CHEEF", "ADDRESS1": "1805 GARNER RD", "ADDRESS2": "SUITE 1813", "CITY": "RALEIGH", "STATE": "NC", "POSTALCODE": "27610", "PHONENUMBER": "(919) 369-3174", "RESTAURANTOPENDATE": 1738800000000, "FACILITYTYPE": "2 - Food Stands", "X": -78.63070399, "Y": 35.75696584, "GEOCODESTATUS": "M", "PERMITID": "Not Provided"}}, {"type": "Feature", "id": 3882, "geometry": {"type": "Point", "coordinates": [-78.51676525198481, 35.84328367005516]}, "properties": {"OBJECTID": 3882, "HSISID": "04092025719", "NAME": "AFC ZENSHI @ PUBLIX #1886", "ADDRESS1": "7330 BUFFALOE RD", "ADDRESS2": null, "CITY": "RALEIGH", "STATE": "NC", "POSTALCODE": "27616", "PHONENUMBER": "(310) 667-0361", "RESTAURANTOPENDATE": 1755561600000, "FACILITYTYPE": "2 - Food Stands", "X": -78.51676268, "Y": 35.84327657, "GEOCODESTATUS": "M", "PERMITID": "Not Provided"}}, {"type": "Feature", "id": 3883, "geometry": {"type": "Point", "coordinates": [-78.51676525198481, 35.84328367005516]}, "properties": {"OBJECTID": 3883, "HSISID": "04092025720", "NAME": "PUBLIX #1886 PRODUCE", "ADDRESS1": "7330 BUFFALOE RD", "ADDRESS2": null, "CITY": "RALEIGH", "STATE": "NC", "POSTALCODE": "27616", "PHONENUMBER": "(919) 679-6584", "RESTAURANTOPENDATE": 1755561600000, "FACILITYTYPE": "2 - Food Stands", "X": -78.51676268, "Y": 35.84327657, "GEOCODESTATUS": "M", "PERMITID": "Not Provided"}}, {"type": "Feature", "id": 3884, "geometry": {"type": "Point", "coordinates": [-78.51676525198481, 35.84328367005516]}, "properties": {"OBJECTID": 3884, "HSISID": "04092300313", "NAME": "PUBLIX #1886 MEAT MARKET", "ADDRESS1": "7330 BUFFALOE RD", "ADDRESS2": null, "CITY": "RALEIGH", "STATE": "NC", "POSTALCODE": "27616", "PHONENUMBER": "(919) 679-6584", "RESTAURANTOPENDATE": 1755561600000, "FACILITYTYPE": "30 - Meat Market", "X": -78.51676268, "Y": 35.84327657, "GEOCODESTATUS": "M", "PERMITID": "Not Provided"}}, {"type": "Feature", "id": 3885, "geometry": {"type": "Point", "coordinates": [-78.51676525198481, 35.84328367005516]}, "properties": {"OBJECTID": 3885, "HSISID": "04092025721", "NAME": "PUBLIX #1886 SEAFOOD", "ADDRESS1": "7330 BUFFALOE RD", "ADDRESS2": null, "CITY": "RALEIGH", "STATE": "NC", "POSTALCODE": "27616", "PHONENUMBER": "(919) 679-6584", "RESTAURANTOPENDATE": 1755561600000, "FACILITYTYPE": "2 - Food Stands", "X": -78.51676268, "Y": 35.84327657, "GEOCODESTATUS": "M", "PERMITID": "Not Provided"}}, {"type": "Feature", "id": 3893, "geometry": {"type": "Point", "coordinates": [-78.32120841621158, 35.83591082621588]}, "properties": {"OBJECTID": 3893, "HSISID": "04092025726", "NAME": "7-ELEVEN #42378", "ADDRESS1": "1106 N ARENDELL AVE", "ADDRESS2": null, "CITY": "ZEBULON", "STATE": "NC", "POSTALCODE": "27597", "PHONENUMBER": "(336) 486-1213", "RESTAURANTOPENDATE": 1754956800000, "FACILITYTYPE": "2 - Food Stands", "X": -78.3212059, "Y": 35.83590372, "GEOCODESTATUS": "M", "PERMITID": "Not Provided"}}, {"type": "Feature", "id": 3896, "geometry": {"type": "Point", "coordinates": [-78.78939875755906, 35.869707251238914]}, "properties": {"OBJECTID": 3896, "HSISID": "04092025727", "NAME": "HALF MOON EMPANADAS", "ADDRESS1": "2400 JOHN BRANTLEY BLVD", "ADDRESS2": null, "CITY": "MORRISVILLE", "STATE": "NC", "POSTALCODE": "27560", "PHONENUMBER": "(856) 470-8564", "RESTAURANTOPENDATE": 1756339200000, "FACILITYTYPE": "2 - Food Stands", "X": -78.7893961, "Y": 35.86970016, "GEOCODESTATUS": "M", "PERMITID": "Not Provided"}}, {"type": "Feature", "id": 3619, "geometry": {"type": "Point", "coordinates": [-78.6040994908888, 35.74536266516665]}, "properties": {"OBJECTID": 3619, "HSISID": "04092141917", "NAME": "SOUTHEAST RALEIGH HIGH SCHOOL INDOOR CONCESSION", "ADDRESS1": "2600 ROCK QUARRY RD", "ADDRESS2": null, "CITY": "RALEIGH", "STATE": "NC", "POSTALCODE": "27610", "PHONENUMBER": "(919) 559-2189", "RESTAURANTOPENDATE": 1739232000000, "FACILITYTYPE": "14 - Limited Food", "X": -78.60409689, "Y": 35.74535559, "GEOCODESTATUS": "M", "PERMITID": "Not Provided"}}, {"type": "Feature", "id": 3621, "geometry": {"type": "Point", "coordinates": [-78.6951827667574, 36.023012773889704]}, "properties": {"OBJECTID": 3621, "HSISID": "04092025664", "NAME": "SANDY PLAIN MINI MART FOOD SERVICE", "ADDRESS1": "148301 CREEDMOOR RD", "ADDRESS2": null, "CITY": "WAKE FOREST", "STATE": "NC", "POSTALCODE": "27587", "PHONENUMBER": "(948) 251-9006", "RESTAURANTOPENDATE": 1737676800000, "FACILITYTYPE": "2 - Food Stands", "X": -78.69518013, "Y": 36.02300565, "GEOCODESTATUS": "M", "PERMITID": "Not Provided"}}, {"type": "Feature", "id": 3628, "geometry": {"type": "Point", "coordinates": [-78.58373349716673, 35.836243826309925]}, "properties": {"OBJECTID": 3628, "HSISID": "04092025665", "NAME": "PIZZA HUT #42440", "ADDRESS1": "4011 CAPITAL BLVD. SUITE 119", "ADDRESS2": null, "CITY": "RALEIGH", "STATE": "NC", "POSTALCODE": "27604", "PHONENUMBER": "(917) 583-8927", "RESTAURANTOPENDATE": 1738886400000, "FACILITYTYPE": "2 - Food Stands", "X": -78.5837309, "Y": 35.83623673, "GEOCODESTATUS": "M", "PERMITID": "Not Provided"}}, {"type": "Feature", "id": 3629, "geometry": {"type": "Point", "coordinates": [-78.67829149365654, 35.79042633546542]}, "properties": {"OBJECTID": 3629, "HSISID": "04092025666", "NAME": "PIZZA HUT #42424", "ADDRESS1": "3116 HILLSBOROUGH STREET SUITE 103", "ADDRESS2": null, "CITY": "RALEIGH", "STATE": "NC", "POSTALCODE": "27607", "PHONENUMBER": "(917) 583-8927", "RESTAURANTOPENDATE": 1738886400000, "FACILITYTYPE": "2 - Food Stands", "X": -78.67828887, "Y": 35.79041926, "GEOCODESTATUS": "M", "PERMITID": "Not Provided"}}, {"type": "Feature", "id": 3635, "geometry": {"type": "Point", "coordinates": [-78.74764342466196, 35.53753399377055]}, "properties": {"OBJECTID": 3635, "HSISID": "04092025667", "NAME": "CIRCLE K #7212", "ADDRESS1": "8380 S NC 55 HWY", "ADDRESS2": null, "CITY": "ANGIER", "STATE": "NC", "POSTALCODE": "27501", "PHONENUMBER": null, "RESTAURANTOPENDATE": 1741910400000, "FACILITYTYPE": "2 - Food Stands", "X": -78.7476408, "Y": 35.53752697, "GEOCODESTATUS": "M", "PERMITID": "Not Provided"}}, {"type": "Feature", "id": 3908, "geometry": {"type": "Point", "coordinates": [-78.63785024549544, 35.7766031732571]}, "properties": {"OBJECTID": 3908, "HSISID": "04092025728", "NAME": "CARROLL'S KITCHEN COMMISSARY", "ADDRESS1": "301 S WILMINGTON ST.", "ADDRESS2": "STE 105", "CITY": "RALEIGH", "STATE": "NC", "POSTALCODE": "27601", "PHONENUMBER": "(919) 670-3622", "RESTAURANTOPENDATE": 1758153600000, "FACILITYTYPE": "2 - Food Stands", "X": -78.63784764, "Y": 35.7765961, "GEOCODESTATUS": "M", "PERMITID": "Not Provided"}}, {"type": "Feature", "id": 3909, "geometry": {"type": "Point", "coordinates": [-78.64657532648211, 35.86106725115818]}, "properties": {"OBJECTID": 3909, "HSISID": "04092141924", "NAME": "SHS OUTSIDE CONCESSIONS", "ADDRESS1": "5500 DIXON DRIVE", "ADDRESS2": null, "CITY": "RALEIGH", "STATE": "NC", "POSTALCODE": "27609", "PHONENUMBER": "(919) 523-5903", "RESTAURANTOPENDATE": 1757980800000, "FACILITYTYPE": "14 - Limited Food", "X": -78.64657271, "Y": 35.86106016, "GEOCODESTATUS": "M", "PERMITID": "Not Provided"}}, {"type": "Feature", "id": 3913, "geometry": {"type": "Point", "coordinates": [-78.73714215901555, 35.575308670340355]}, "properties": {"OBJECTID": 3913, "HSISID": "04092141925", "NAME": "WILLOW SPRINGS HS OUTDOOR HOME CONCESSIONS", "ADDRESS1": "1704 OLD HONEYCUTT RD", "ADDRESS2": null, "CITY": "FUQUAY-VARINA", "STATE": "NC", "POSTALCODE": "27526", "PHONENUMBER": "(919) 656-2523", "RESTAURANTOPENDATE": 1758499200000, "FACILITYTYPE": "14 - Limited Food", "X": -78.73713953, "Y": 35.57530164, "GEOCODESTATUS": "M", "PERMITID": "Not Provided"}}, {"type": "Feature", "id": 3914, "geometry": {"type": "Point", "coordinates": [-78.73714215901555, 35.575308670340355]}, "properties": {"OBJECTID": 3914, "HSISID": "04092141926", "NAME": "WILLOW SPRINGS HS OUTDOOR VISITOR CONCESSIONS", "ADDRESS1": "1704 OLD HONEYCUTT RD", "ADDRESS2": null, "CITY": "FUQUAY-VARINA", "STATE": "NC", "POSTALCODE": "27526", "PHONENUMBER": "(919) 656-2523", "RESTAURANTOPENDATE": 1758499200000, "FACILITYTYPE": "14 - Limited Food", "X": -78.73713953, "Y": 35.57530164, "GEOCODESTATUS": "M", "PERMITID": "Not Provided"}}, {"type": "Feature", "id": 3916, "geometry": {"type": "Point", "coordinates": [-78.53774799708971, 35.94777207799982]}, "properties": {"OBJECTID": 3916, "HSISID": "04092025729", "NAME": "LORI'S @ FLAVOR DISTRICT", "ADDRESS1": "11016 CAPITAL BLVD", "ADDRESS2": "SUITE 13", "CITY": "WAKE FOREST", "STATE": "NC", "POSTALCODE": "27587", "PHONENUMBER": "(919) 610-5752", "RESTAURANTOPENDATE": 1757635200000, "FACILITYTYPE": "2 - Food Stands", "X": -78.53774541, "Y": 35.94776496, "GEOCODESTATUS": "M", "PERMITID": "Not Provided"}}, {"type": "Feature", "id": 3917, "geometry": {"type": "Point", "coordinates": [-78.64841099082702, 35.727435754108235]}, "properties": {"OBJECTID": 3917, "HSISID": "04092025730", "NAME": "ROGUE PROVISIONS @ THE KITCHEN SPACE", "ADDRESS1": "3805 S WILMINGTON ST", "ADDRESS2": null, "CITY": "RALEIGH", "STATE": "NC", "POSTALCODE": "27603", "PHONENUMBER": "(919) 271-2915", "RESTAURANTOPENDATE": 1758067200000, "FACILITYTYPE": "2 - Food Stands", "X": -78.64840838, "Y": 35.727428689999996, "GEOCODESTATUS": "M", "PERMITID": "Not Provided"}}, {"type": "Feature", "id": 3638, "geometry": {"type": "Point", "coordinates": [-78.64841099082702, 35.727435754108235]}, "properties": {"OBJECTID": 3638, "HSISID": "04092025668", "NAME": "LAYTON'S CATERING @ THE KITCHEN SPACE", "ADDRESS1": "3805 S WILMINGTON ST", "ADDRESS2": null, "CITY": "RALEIGH", "STATE": "NC", "POSTALCODE": "27603", "PHONENUMBER": "(919) 625-2841", "RESTAURANTOPENDATE": 1740787200000, "FACILITYTYPE": "2 - Food Stands", "X": -78.64840838, "Y": 35.727428689999996, "GEOCODESTATUS": "M", "PERMITID": "Not Provided"}}, {"type": "Feature", "id": 3640, "geometry": {"type": "Point", "coordinates": [-78.31274400022016, 35.826282000054235]}, "properties": {"OBJECTID": 3640, "HSISID": "04092025669", "NAME": "EL RINCON DEL SABOR", "ADDRESS1": "414 SHEPARD SCHOOL RD", "ADDRESS2": null, "CITY": "ZEBULON", "STATE": "NC", "POSTALCODE": "27597", "PHONENUMBER": "(919) 395-4244", "RESTAURANTOPENDATE": 1737676800000, "FACILITYTYPE": "2 - Food Stands", "X": -78.31274149, "Y": 35.8262749, "GEOCODESTATUS": "M", "PERMITID": "Not Provided"}}, {"type": "Feature", "id": 3647, "geometry": {"type": "Point", "coordinates": [-78.88100950511206, 35.70203792150333]}, "properties": {"OBJECTID": 3647, "HSISID": "04092025672", "NAME": "PLEASANT PARK CONCESSION", "ADDRESS1": "2211 RECREATION DR", "ADDRESS2": null, "CITY": "APEX", "STATE": "NC", "POSTALCODE": "27502", "PHONENUMBER": null, "RESTAURANTOPENDATE": 1741564800000, "FACILITYTYPE": "2 - Food Stands", "X": -78.88100683, "Y": 35.70203087, "GEOCODESTATUS": "M", "PERMITID": "Not Provided"}}, {"type": "Feature", "id": 3924, "geometry": {"type": "Point", "coordinates": [-78.67494159237495, 35.78889633536378]}, "properties": {"OBJECTID": 3924, "HSISID": "04092025731", "NAME": "RUSH BOWLS", "ADDRESS1": "2811 HILLSBOROUGH ST SUITE 105", "ADDRESS2": null, "CITY": "RALEIGH", "STATE": "NC", "POSTALCODE": "27607", "PHONENUMBER": "(919) 444-5645", "RESTAURANTOPENDATE": 1759276800000, "FACILITYTYPE": "2 - Food Stands", "X": -78.67493897, "Y": 35.78888926, "GEOCODESTATUS": "M", "PERMITID": "Not Provided"}}, {"type": "Feature", "id": 3930, "geometry": {"type": "Point", "coordinates": [-78.45915225437868, 35.92341033553249]}, "properties": {"OBJECTID": 3930, "HSISID": "04092025732", "NAME": "PAPA JOHN'S", "ADDRESS1": "101 ROLESVILLE CENTER RD", "ADDRESS2": "SUITE 105", "CITY": "ROLESVILLE", "STATE": "NC", "POSTALCODE": "27571", "PHONENUMBER": null, "RESTAURANTOPENDATE": 1759190400000, "FACILITYTYPE": "2 - Food Stands", "X": -78.45914969, "Y": 35.92340322, "GEOCODESTATUS": "M", "PERMITID": "Not Provided"}}, {"type": "Feature", "id": 3934, "geometry": {"type": "Point", "coordinates": [-78.54853441369262, 35.724285586585374]}, "properties": {"OBJECTID": 3934, "HSISID": "04092025733", "NAME": "LITTLE CAESARS PIZZA #25", "ADDRESS1": "6109 ROCK QUARRY RD", "ADDRESS2": "SUITE 120", "CITY": "RALEIGH", "STATE": "NC", "POSTALCODE": "27610", "PHONENUMBER": "(919) 727-8680", "RESTAURANTOPENDATE": 1759104000000, "FACILITYTYPE": "2 - Food Stands", "X": -78.54853184, "Y": 35.72427852, "GEOCODESTATUS": "M", "PERMITID": "Not Provided"}}, {"type": "Feature", "id": 2547, "geometry": {"type": "Point", "coordinates": [-78.67901258449827, 35.839324340867115]}, "properties": {"OBJECTID": 2547, "HSISID": "04092021775", "NAME": "SARKU JAPAN", "ADDRESS1": "4325-2053 GLENWOOD AVE ", "ADDRESS2": null, "CITY": "RALEIGH", "STATE": "NC", "POSTALCODE": "27612", "PHONENUMBER": "(919) 881-1130", "RESTAURANTOPENDATE": 1388707200000, "FACILITYTYPE": "2 - Food Stands", "X": -78.67900996, "Y": 35.83931725, "GEOCODESTATUS": "M", "PERMITID": "Not Provided"}}, {"type": "Feature", "id": 2548, "geometry": {"type": "Point", "coordinates": [-78.78398075744285, 35.76972658674307]}, "properties": {"OBJECTID": 2548, "HSISID": "04092021780", "NAME": "CATERING BY DESIGN", "ADDRESS1": "132 KILMAYNE DR ", "ADDRESS2": null, "CITY": "CARY", "STATE": "NC", "POSTALCODE": "27511-4465", "PHONENUMBER": "(919) 481-2366", "RESTAURANTOPENDATE": 1389830400000, "FACILITYTYPE": "2 - Food Stands", "X": -78.7839781, "Y": 35.76971952, "GEOCODESTATUS": "M", "PERMITID": "Not Provided"}}, {"type": "Feature", "id": 2549, "geometry": {"type": "Point", "coordinates": [-78.67872575693278, 35.78448683849096]}, "properties": {"OBJECTID": 2549, "HSISID": "04092021785", "NAME": "ONE EARTH", "ADDRESS1": "2610 CATES AVE ", "ADDRESS2": null, "CITY": "RALEIGH", "STATE": "NC", "POSTALCODE": "27695", "PHONENUMBER": "(919) 515-9245", "RESTAURANTOPENDATE": 1394496000000, "FACILITYTYPE": "2 - Food Stands", "X": -78.67872314, "Y": 35.784479759999996, "GEOCODESTATUS": "M", "PERMITID": "Not Provided"}}, {"type": "Feature", "id": 2550, "geometry": {"type": "Point", "coordinates": [-78.67872575693278, 35.78448683849096]}, "properties": {"OBJECTID": 2550, "HSISID": "04092021786", "NAME": "PORT CITY JAVA TALLEY", "ADDRESS1": "2610 CATES AVE ", "ADDRESS2": null, "CITY": "RALEIGH", "STATE": "NC", "POSTALCODE": "27695", "PHONENUMBER": "(919) 513-7057", "RESTAURANTOPENDATE": 1394496000000, "FACILITYTYPE": "2 - Food Stands", "X": -78.67872314, "Y": 35.784479759999996, "GEOCODESTATUS": "M", "PERMITID": "Not Provided"}}, {"type": "Feature", "id": 2551, "geometry": {"type": "Point", "coordinates": [-78.59474508046843, 35.8486733295524]}, "properties": {"OBJECTID": 2551, "HSISID": "04092021781", "NAME": "CATERING CONCEPTS D/B/A CHOW TIME FOOD HALL", "ADDRESS1": "2411 E MILLBROOK RD ", "ADDRESS2": "#106", "CITY": "RALEIGH", "STATE": "NC", "POSTALCODE": "27604", "PHONENUMBER": "(919) 669-8889", "RESTAURANTOPENDATE": 1391126400000, "FACILITYTYPE": "2 - Food Stands", "X": -78.59474248, "Y": 35.84866623, "GEOCODESTATUS": "M", "PERMITID": "Not Provided"}}, {"type": "Feature", "id": 2552, "geometry": {"type": "Point", "coordinates": [-78.78939875755906, 35.869707251238914]}, "properties": {"OBJECTID": 2552, "HSISID": "04092021787", "NAME": "STARBUCKS TERMINAL 1", "ADDRESS1": "1600 JOHN BRANTLEY BLVD ", "ADDRESS2": null, "CITY": "MORRISVILLE", "STATE": "NC", "POSTALCODE": "27560", "PHONENUMBER": null, "RESTAURANTOPENDATE": 1397001600000, "FACILITYTYPE": "2 - Food Stands", "X": -78.7893961, "Y": 35.86970016, "GEOCODESTATUS": "M", "PERMITID": "Not Provided"}}, {"type": "Feature", "id": 2553, "geometry": {"type": "Point", "coordinates": [-78.88825059273711, 35.844156586889284]}, "properties": {"OBJECTID": 2553, "HSISID": "04092021792", "NAME": "HARRIS TEETER #236 - DELI", "ADDRESS1": "7145 O'KELLY CHAPEL RD ", "ADDRESS2": null, "CITY": "CARY", "STATE": "NC", "POSTALCODE": "27519", "PHONENUMBER": "(919) 465-9432", "RESTAURANTOPENDATE": 1402012800000, "FACILITYTYPE": "2 - Food Stands", "X": -78.8882479, "Y": 35.8441495, "GEOCODESTATUS": "M", "PERMITID": "Not Provided"}}, {"type": "Feature", "id": 2554, "geometry": {"type": "Point", "coordinates": [-78.88825059273711, 35.844156586889284]}, "properties": {"OBJECTID": 2554, "HSISID": "04092021793", "NAME": "HARRIS TEETER #236 - PRODUCE", "ADDRESS1": "7145 O'KELLY CHAPEL RD ", "ADDRESS2": null, "CITY": "CARY", "STATE": "NC", "POSTALCODE": "27519", "PHONENUMBER": null, "RESTAURANTOPENDATE": 1402012800000, "FACILITYTYPE": "2 - Food Stands", "X": -78.8882479, "Y": 35.8441495, "GEOCODESTATUS": "M", "PERMITID": "Not Provided"}}, {"type": "Feature", "id": 2555, "geometry": {"type": "Point", "coordinates": [-78.57997624877045, 35.78098516764529]}, "properties": {"OBJECTID": 2555, "HSISID": "04092021795", "NAME": "S   E CATERING", "ADDRESS1": "3401 CARL SANDBURG COURT", "ADDRESS2": null, "CITY": "RALEIGH", "STATE": "NC", "POSTALCODE": "27610", "PHONENUMBER": "(919) 212-8580", "RESTAURANTOPENDATE": 1402358400000, "FACILITYTYPE": "2 - Food Stands", "X": -78.57997366, "Y": 35.78097809, "GEOCODESTATUS": "M", "PERMITID": "Not Provided"}}, {"type": "Feature", "id": 2556, "geometry": {"type": "Point", "coordinates": [-78.88825059273711, 35.844156586889284]}, "properties": {"OBJECTID": 2556, "HSISID": "04092021794", "NAME": "HARRIS TEETER #236 - MEAT/SEAFOOD", "ADDRESS1": "7145 O'KELLY CHAPEL RD ", "ADDRESS2": null, "CITY": "CARY", "STATE": "NC", "POSTALCODE": "27519", "PHONENUMBER": null, "RESTAURANTOPENDATE": 1402012800000, "FACILITYTYPE": "2 - Food Stands", "X": -78.8882479, "Y": 35.8441495, "GEOCODESTATUS": "M", "PERMITID": "Not Provided"}}, {"type": "Feature", "id": 2557, "geometry": {"type": "Point", "coordinates": [-78.8569525896548, 35.83746075449289]}, "properties": {"OBJECTID": 2557, "HSISID": "04092021797", "NAME": "CIRCLE K #1403", "ADDRESS1": "4019 DAVIS DRIVE", "ADDRESS2": null, "CITY": "MORRISVILLE", "STATE": "NC", "POSTALCODE": "27560", "PHONENUMBER": "(919) 380-8846", "RESTAURANTOPENDATE": 1402963200000, "FACILITYTYPE": "2 - Food Stands", "X": -78.85694991, "Y": 35.83745367, "GEOCODESTATUS": "M", "PERMITID": "Not Provided"}}, {"type": "Feature", "id": 2558, "geometry": {"type": "Point", "coordinates": [-78.67901258449827, 35.839324340867115]}, "properties": {"OBJECTID": 2558, "HSISID": "04092021807", "NAME": "KABOBI", "ADDRESS1": "4325  GLENWOOD AVE ", "ADDRESS2": "STE 2054", "CITY": "RALEIGH", "STATE": "NC", "POSTALCODE": "27612", "PHONENUMBER": "(919) 783-0506", "RESTAURANTOPENDATE": 1407283200000, "FACILITYTYPE": "2 - Food Stands", "X": -78.67900996, "Y": 35.83931725, "GEOCODESTATUS": "M", "PERMITID": "Not Provided"}}, {"type": "Feature", "id": 2559, "geometry": {"type": "Point", "coordinates": [-78.62039150354029, 35.823338832503715]}, "properties": {"OBJECTID": 2559, "HSISID": "04092021801", "NAME": "JET'S PIZZA", "ADDRESS1": "3004 WAKE FOREST ROAD", "ADDRESS2": "SUITE 110", "CITY": "RALEIGH", "STATE": "NC", "POSTALCODE": "27609", "PHONENUMBER": "(919) 877-8660", "RESTAURANTOPENDATE": 1404345600000, "FACILITYTYPE": "2 - Food Stands", "X": -78.6203889, "Y": 35.82333174, "GEOCODESTATUS": "M", "PERMITID": "Not Provided"}}, {"type": "Feature", "id": 2560, "geometry": {"type": "Point", "coordinates": [-78.76155899197015, 35.74560616778627]}, "properties": {"OBJECTID": 2560, "HSISID": "04092021811", "NAME": "LOWES FOODS #162 PRODUCE", "ADDRESS1": "6430 TRYON ROAD", "ADDRESS2": null, "CITY": "CARY", "STATE": "NC", "POSTALCODE": "27513", "PHONENUMBER": "(919) 859-9335", "RESTAURANTOPENDATE": 1411603200000, "FACILITYTYPE": "2 - Food Stands", "X": -78.76155635, "Y": 35.7455991, "GEOCODESTATUS": "M", "PERMITID": "Not Provided"}}, {"type": "Feature", "id": 2561, "geometry": {"type": "Point", "coordinates": [-78.76155899197015, 35.74560616778627]}, "properties": {"OBJECTID": 2561, "HSISID": "04092021812", "NAME": "LOWES FOODS #162 DELI", "ADDRESS1": "6430 TRYON ROAD", "ADDRESS2": null, "CITY": "CARY", "STATE": "NC", "POSTALCODE": "27513", "PHONENUMBER": "(919) 859-9335", "RESTAURANTOPENDATE": 1411603200000, "FACILITYTYPE": "2 - Food Stands", "X": -78.76155635, "Y": 35.7455991, "GEOCODESTATUS": "M", "PERMITID": "Not Provided"}}, {"type": "Feature", "id": 2562, "geometry": {"type": "Point", "coordinates": [-78.76562366458889, 35.77486508330142]}, "properties": {"OBJECTID": 2562, "HSISID": "04092021814", "NAME": "HARRIS TEETER #430 - DELI", "ADDRESS1": "885 WALNUT ST.", "ADDRESS2": null, "CITY": "CARY", "STATE": "NC", "POSTALCODE": "27511", "PHONENUMBER": "(919) 481-4251", "RESTAURANTOPENDATE": 1413331200000, "FACILITYTYPE": "2 - Food Stands", "X": -78.76562102, "Y": 35.77485801, "GEOCODESTATUS": "M", "PERMITID": "Not Provided"}}, {"type": "Feature", "id": 2563, "geometry": {"type": "Point", "coordinates": [-78.76562366458889, 35.77486508330142]}, "properties": {"OBJECTID": 2563, "HSISID": "04092021815", "NAME": "HARRIS TEETER #430 - PRODUCE", "ADDRESS1": "885 WALNUT ST ", "ADDRESS2": null, "CITY": "CARY", "STATE": "NC", "POSTALCODE": "27511", "PHONENUMBER": "(919) 481-4251", "RESTAURANTOPENDATE": 1413331200000, "FACILITYTYPE": "2 - Food Stands", "X": -78.76562102, "Y": 35.77485801, "GEOCODESTATUS": "M", "PERMITID": "Not Provided"}}, {"type": "Feature", "id": 2564, "geometry": {"type": "Point", "coordinates": [-78.76562366458889, 35.77486508330142]}, "properties": {"OBJECTID": 2564, "HSISID": "04092021816", "NAME": "HARRIS TEETER #430 - MEAT/SEAFOOD", "ADDRESS1": "885 WALNUT STREET", "ADDRESS2": null, "CITY": "CARY", "STATE": "NC", "POSTALCODE": "27511", "PHONENUMBER": "(919) 481-4251", "RESTAURANTOPENDATE": 1413331200000, "FACILITYTYPE": "2 - Food Stands", "X": -78.76562102, "Y": 35.77485801, "GEOCODESTATUS": "M", "PERMITID": "Not Provided"}}, {"type": "Feature", "id": 2565, "geometry": {"type": "Point", "coordinates": [-78.84558824551502, 35.79325965906674]}, "properties": {"OBJECTID": 2565, "HSISID": "04092021818", "NAME": "PUBLIX #1466 SEAFOOD", "ADDRESS1": "1020 BRADFORD PLAZA WAY", "ADDRESS2": null, "CITY": "CARY", "STATE": "NC", "POSTALCODE": "27513", "PHONENUMBER": "(919) 460-2082", "RESTAURANTOPENDATE": 1414454400000, "FACILITYTYPE": "2 - Food Stands", "X": -78.84558557, "Y": 35.79325258, "GEOCODESTATUS": "M", "PERMITID": "Not Provided"}}, {"type": "Feature", "id": 2566, "geometry": {"type": "Point", "coordinates": [-78.84558824551502, 35.79325965906674]}, "properties": {"OBJECTID": 2566, "HSISID": "04092021819", "NAME": "PUBLIX #1466 PRODUCE", "ADDRESS1": "1020 BRADFORD PLAZA WAY", "ADDRESS2": null, "CITY": "CARY", "STATE": "NC", "POSTALCODE": "27513", "PHONENUMBER": "(919) 460-2082", "RESTAURANTOPENDATE": 1414454400000, "FACILITYTYPE": "2 - Food Stands", "X": -78.84558557, "Y": 35.79325258, "GEOCODESTATUS": "M", "PERMITID": "Not Provided"}}, {"type": "Feature", "id": 2567, "geometry": {"type": "Point", "coordinates": [-78.66476907768632, 35.83067332968174]}, "properties": {"OBJECTID": 2567, "HSISID": "04092021826", "NAME": "THE WOMANS CLUB KITCHEN", "ADDRESS1": "3300 WOMAN`S CLUB DR ", "ADDRESS2": null, "CITY": "RALEIGH", "STATE": "NC", "POSTALCODE": "27612", "PHONENUMBER": "(919) 782-5599", "RESTAURANTOPENDATE": 1422403200000, "FACILITYTYPE": "2 - Food Stands", "X": -78.66476646, "Y": 35.83066624, "GEOCODESTATUS": "M", "PERMITID": "Not Provided"}}, {"type": "Feature", "id": 2568, "geometry": {"type": "Point", "coordinates": [-78.67971508698062, 35.85737758707003]}, "properties": {"OBJECTID": 2568, "HSISID": "04092021830", "NAME": "STARBUCKS AT HARRIS TEETER #319", "ADDRESS1": "2051 W. MILLBROOK ROAD", "ADDRESS2": null, "CITY": "RALEIGH", "STATE": "NC", "POSTALCODE": "27612", "PHONENUMBER": "(919) 787-1364", "RESTAURANTOPENDATE": 1423785600000, "FACILITYTYPE": "2 - Food Stands", "X": -78.67971246, "Y": 35.85737049, "GEOCODESTATUS": "M", "PERMITID": "Not Provided"}}, {"type": "Feature", "id": 2569, "geometry": {"type": "Point", "coordinates": [-78.67971508698062, 35.85737758707003]}, "properties": {"OBJECTID": 2569, "HSISID": "04092021831", "NAME": "HARRIS TEETER #319 MEAT   SEAFOOD", "ADDRESS1": "2051 W. MILLBROOK ROAD", "ADDRESS2": null, "CITY": "RALEIGH", "STATE": "NC", "POSTALCODE": "27612", "PHONENUMBER": "(919) 787-1364", "RESTAURANTOPENDATE": 1423785600000, "FACILITYTYPE": "2 - Food Stands", "X": -78.67971246, "Y": 35.85737049, "GEOCODESTATUS": "M", "PERMITID": "Not Provided"}}, {"type": "Feature", "id": 2570, "geometry": {"type": "Point", "coordinates": [-78.67971508698062, 35.85737758707003]}, "properties": {"OBJECTID": 2570, "HSISID": "04092021832", "NAME": "HARRIS TEETER #319 DELI", "ADDRESS1": "2051 W. MILLBROOK ROAD", "ADDRESS2": null, "CITY": "RALEIGH", "STATE": "NC", "POSTALCODE": "27612", "PHONENUMBER": "(919) 787-1364", "RESTAURANTOPENDATE": 1423785600000, "FACILITYTYPE": "2 - Food Stands", "X": -78.67971246, "Y": 35.85737049, "GEOCODESTATUS": "M", "PERMITID": "Not Provided"}}, {"type": "Feature", "id": 2571, "geometry": {"type": "Point", "coordinates": [-78.67971508698062, 35.85737758707003]}, "properties": {"OBJECTID": 2571, "HSISID": "04092021833", "NAME": "HARRIS TEETER #319 PRODUCE", "ADDRESS1": "2051 W. MILLBROOK ROAD", "ADDRESS2": null, "CITY": "RALEIGH", "STATE": "NC", "POSTALCODE": "27612", "PHONENUMBER": "(919) 787-1364", "RESTAURANTOPENDATE": 1423785600000, "FACILITYTYPE": "2 - Food Stands", "X": -78.67971246, "Y": 35.85737049, "GEOCODESTATUS": "M", "PERMITID": "Not Provided"}}, {"type": "Feature", "id": 2572, "geometry": {"type": "Point", "coordinates": [-78.76838683271491, 35.800442496958084]}, "properties": {"OBJECTID": 2572, "HSISID": "04092021836", "NAME": "FOOD LION #727 DELI", "ADDRESS1": "900 NE MAYNARD RD ", "ADDRESS2": null, "CITY": "CARY", "STATE": "NC", "POSTALCODE": "27513", "PHONENUMBER": "(919) 460-6274", "RESTAURANTOPENDATE": 1424995200000, "FACILITYTYPE": "2 - Food Stands", "X": -78.76838418, "Y": 35.80043542, "GEOCODESTATUS": "M", "PERMITID": "Not Provided"}}, {"type": "Feature", "id": 2573, "geometry": {"type": "Point", "coordinates": [-78.578851500386, 35.75019524569798]}, "properties": {"OBJECTID": 2573, "HSISID": "04092021844", "NAME": "COASTAL CREDIT WEST MAIN CONCESSION", "ADDRESS1": "3801 ROCK QUARRY  RD ", "ADDRESS2": null, "CITY": "RALEIGH", "STATE": "NC", "POSTALCODE": "27610", "PHONENUMBER": "(727) 481-1436", "RESTAURANTOPENDATE": 1430265600000, "FACILITYTYPE": "2 - Food Stands", "X": -78.57884891, "Y": 35.75018817, "GEOCODESTATUS": "M", "PERMITID": "Not Provided"}}, {"type": "Feature", "id": 2574, "geometry": {"type": "Point", "coordinates": [-78.57953865892802, 35.76725099961572]}, "properties": {"OBJECTID": 2574, "HSISID": "04092021846", "NAME": "FOOD LION #586 PRODUCE", "ADDRESS1": "3416 POOLE RD ", "ADDRESS2": null, "CITY": "RALEIGH", "STATE": "NC", "POSTALCODE": "27610", "PHONENUMBER": "(919) 231-6202", "RESTAURANTOPENDATE": 1429833600000, "FACILITYTYPE": "2 - Food Stands", "X": -78.57953607, "Y": 35.76724392, "GEOCODESTATUS": "M", "PERMITID": "Not Provided"}}, {"type": "Feature", "id": 2575, "geometry": {"type": "Point", "coordinates": [-78.578851500386, 35.75019524569798]}, "properties": {"OBJECTID": 2575, "HSISID": "04092021845", "NAME": "COASTAL CREDIT EAST MAIN CONCESSION", "ADDRESS1": "3801 ROCK QUARRY RD ", "ADDRESS2": null, "CITY": "RALEIGH", "STATE": "NC", "POSTALCODE": "27601", "PHONENUMBER": "(727) 481-1436", "RESTAURANTOPENDATE": 1430265600000, "FACILITYTYPE": "2 - Food Stands", "X": -78.57884891, "Y": 35.75018817, "GEOCODESTATUS": "M", "PERMITID": "Not Provided"}}, {"type": "Feature", "id": 2576, "geometry": {"type": "Point", "coordinates": [-78.72548374824741, 35.89676899399455]}, "properties": {"OBJECTID": 2576, "HSISID": "04092021854", "NAME": "FOOD LION #536 PRODUCE", "ADDRESS1": "9101 LEESVILLE RD ", "ADDRESS2": null, "CITY": "RALEIGH", "STATE": "NC", "POSTALCODE": "27613", "PHONENUMBER": "(919) 848-6082", "RESTAURANTOPENDATE": 1433203200000, "FACILITYTYPE": "2 - Food Stands", "X": -78.72548111, "Y": 35.89676189, "GEOCODESTATUS": "M", "PERMITID": "Not Provided"}}, {"type": "Feature", "id": 2577, "geometry": {"type": "Point", "coordinates": [-78.70279991963797, 35.905572251922365]}, "properties": {"OBJECTID": 2577, "HSISID": "04092021847", "NAME": "FOOD LION #2199 PRODUCE", "ADDRESS1": "12345 STRICKLAND RD ", "ADDRESS2": null, "CITY": "RALEIGH", "STATE": "NC", "POSTALCODE": "27613", "PHONENUMBER": "(919) 846-3589", "RESTAURANTOPENDATE": 1430265600000, "FACILITYTYPE": "2 - Food Stands", "X": -78.70279728, "Y": 35.90556515, "GEOCODESTATUS": "M", "PERMITID": "Not Provided"}}, {"type": "Feature", "id": 2578, "geometry": {"type": "Point", "coordinates": [-78.50931375477954, 35.893602167365955]}, "properties": {"OBJECTID": 2578, "HSISID": "04092021860", "NAME": "LOWES FOODS #226 BEEF SHOP", "ADDRESS1": "8440 LOUISBURG RD ", "ADDRESS2": null, "CITY": "RALEIGH", "STATE": "NC", "POSTALCODE": "27616", "PHONENUMBER": "(919) 266-1031", "RESTAURANTOPENDATE": 1437609600000, "FACILITYTYPE": "2 - Food Stands", "X": -78.50931118, "Y": 35.89359506, "GEOCODESTATUS": "M", "PERMITID": "Not Provided"}}, {"type": "Feature", "id": 2579, "geometry": {"type": "Point", "coordinates": [-78.61584124880285, 35.685071329305835]}, "properties": {"OBJECTID": 2579, "HSISID": "04092021861", "NAME": "LOWES FOODS #185 MEAT, SEAFOOD, SAUSAGE", "ADDRESS1": "1845 AVERSBORO RD ", "ADDRESS2": null, "CITY": "GARNER", "STATE": "NC", "POSTALCODE": "27529", "PHONENUMBER": "(919) 779-9907", "RESTAURANTOPENDATE": 1436313600000, "FACILITYTYPE": "2 - Food Stands", "X": -78.61583865, "Y": 35.68506427, "GEOCODESTATUS": "M", "PERMITID": "Not Provided"}}, {"type": "Feature", "id": 2580, "geometry": {"type": "Point", "coordinates": [-78.83687233236992, 35.65966634063028]}, "properties": {"OBJECTID": 2580, "HSISID": "04092021864", "NAME": "FOOD LION #938 PRODUCE", "ADDRESS1": "517 N MAIN ST ", "ADDRESS2": null, "CITY": "HOLLY SPRINGS", "STATE": "NC", "POSTALCODE": "27540", "PHONENUMBER": "(919) 557-1175", "RESTAURANTOPENDATE": 1438128000000, "FACILITYTYPE": "2 - Food Stands", "X": -78.83686967, "Y": 35.65965929, "GEOCODESTATUS": "M", "PERMITID": "Not Provided"}}, {"type": "Feature", "id": 2581, "geometry": {"type": "Point", "coordinates": [-78.77764425378835, 35.59048166464749]}, "properties": {"OBJECTID": 2581, "HSISID": "04092021865", "NAME": "FOOD LION #434 PRODUCE", "ADDRESS1": "1338 N MAIN ST ", "ADDRESS2": null, "CITY": "FUQUAY-VARINA", "STATE": "NC", "POSTALCODE": "27526", "PHONENUMBER": "(919) 552-1388", "RESTAURANTOPENDATE": 1438646400000, "FACILITYTYPE": "2 - Food Stands", "X": -78.77764161, "Y": 35.59047463, "GEOCODESTATUS": "M", "PERMITID": "Not Provided"}}, {"type": "Feature", "id": 2582, "geometry": {"type": "Point", "coordinates": [-78.84201558096794, 35.73511099412888]}, "properties": {"OBJECTID": 2582, "HSISID": "04092021866", "NAME": "FOOD LION #1338 MEAT/SEAFOOD", "ADDRESS1": "620 LAURA DUNCAN RD ", "ADDRESS2": null, "CITY": "APEX", "STATE": "NC", "POSTALCODE": "27502", "PHONENUMBER": "(919) 362-3904", "RESTAURANTOPENDATE": 1439769600000, "FACILITYTYPE": "2 - Food Stands", "X": -78.84201291, "Y": 35.73510393, "GEOCODESTATUS": "M", "PERMITID": "Not Provided"}}, {"type": "Feature", "id": 2583, "geometry": {"type": "Point", "coordinates": [-78.65461324843605, 35.899334413121224]}, "properties": {"OBJECTID": 2583, "HSISID": "04092021867", "NAME": "FOOD LION #1374 PRODUCE", "ADDRESS1": "9525 STRICKLAND RD ", "ADDRESS2": null, "CITY": "RALEIGH", "STATE": "NC", "POSTALCODE": "27615", "PHONENUMBER": "(919) 676-0141", "RESTAURANTOPENDATE": 1440460800000, "FACILITYTYPE": "2 - Food Stands", "X": -78.65461063, "Y": 35.89932731, "GEOCODESTATUS": "M", "PERMITID": "Not Provided"}}, {"type": "Feature", "id": 2584, "geometry": {"type": "Point", "coordinates": [-78.59044484056034, 35.8231495810768]}, "properties": {"OBJECTID": 2584, "HSISID": "04092021868", "NAME": "FOOD LION #1491 PRODUCE", "ADDRESS1": "3151-113 CAPITAL BLVD ", "ADDRESS2": null, "CITY": "RALEIGH", "STATE": "NC", "POSTALCODE": "27604", "PHONENUMBER": "(919) 790-6728", "RESTAURANTOPENDATE": 1440633600000, "FACILITYTYPE": "2 - Food Stands", "X": -78.59044224, "Y": 35.82314249, "GEOCODESTATUS": "M", "PERMITID": "Not Provided"}}, {"type": "Feature", "id": 2585, "geometry": {"type": "Point", "coordinates": [-78.61144832651516, 35.79423408950216]}, "properties": {"OBJECTID": 2585, "HSISID": "04092021869", "NAME": "FOOD LION #757 PRODUCE", "ADDRESS1": "1100-122 RALEIGH BLVD ", "ADDRESS2": null, "CITY": "RALEIGH", "STATE": "NC", "POSTALCODE": "27610", "PHONENUMBER": "(919) 829-7077", "RESTAURANTOPENDATE": 1439942400000, "FACILITYTYPE": "2 - Food Stands", "X": -78.61144572, "Y": 35.79422701, "GEOCODESTATUS": "M", "PERMITID": "Not Provided"}}, {"type": "Feature", "id": 2586, "geometry": {"type": "Point", "coordinates": [-78.61343542490258, 35.71081116198207]}, "properties": {"OBJECTID": 2586, "HSISID": "04092021871", "NAME": "STEVE'S MINI MART", "ADDRESS1": "807 W GARNER RD ", "ADDRESS2": null, "CITY": "GARNER", "STATE": "NC", "POSTALCODE": "27529", "PHONENUMBER": "(919) 779-7713", "RESTAURANTOPENDATE": 1441238400000, "FACILITYTYPE": "2 - Food Stands", "X": -78.61343283, "Y": 35.7108041, "GEOCODESTATUS": "M", "PERMITID": "Not Provided"}}, {"type": "Feature", "id": 2587, "geometry": {"type": "Point", "coordinates": [-78.8112085806839, 35.80458258060538]}, "properties": {"OBJECTID": 2587, "HSISID": "04092021873", "NAME": "FOOD LION #1514 MEAT/SEAFOOD", "ADDRESS1": "9567 CHAPEL HILL RD ", "ADDRESS2": null, "CITY": "MORRISVILLE", "STATE": "NC", "POSTALCODE": "27560", "PHONENUMBER": "(919) 462-1542", "RESTAURANTOPENDATE": 1440979200000, "FACILITYTYPE": "2 - Food Stands", "X": -78.81120592, "Y": 35.8045755, "GEOCODESTATUS": "M", "PERMITID": "Not Provided"}}, {"type": "Feature", "id": 2588, "geometry": {"type": "Point", "coordinates": [-78.77346249748932, 35.69264974901359]}, "properties": {"OBJECTID": 2588, "HSISID": "04092021872", "NAME": "FOOD LION #2198 PRODUCE", "ADDRESS1": "8745 HOLLY SPRINGS RD ", "ADDRESS2": null, "CITY": "CARY", "STATE": "NC", "POSTALCODE": "27539", "PHONENUMBER": "(919) 362-1738", "RESTAURANTOPENDATE": 1441756800000, "FACILITYTYPE": "2 - Food Stands", "X": -78.77345985, "Y": 35.69264269, "GEOCODESTATUS": "M", "PERMITID": "Not Provided"}}, {"type": "Feature", "id": 2589, "geometry": {"type": "Point", "coordinates": [-78.8491882463107, 35.822186581321226]}, "properties": {"OBJECTID": 2589, "HSISID": "04092021876", "NAME": "FOOD LION #2196 PRODUCE", "ADDRESS1": "3609 DAVIS DR ", "ADDRESS2": null, "CITY": "MORRISVILLE", "STATE": "NC", "POSTALCODE": "27560", "PHONENUMBER": "(919) 469-4195", "RESTAURANTOPENDATE": 1442361600000, "FACILITYTYPE": "2 - Food Stands", "X": -78.84918557, "Y": 35.8221795, "GEOCODESTATUS": "M", "PERMITID": "Not Provided"}}, {"type": "Feature", "id": 2590, "geometry": {"type": "Point", "coordinates": [-78.57896690735373, 35.845721748873665]}, "properties": {"OBJECTID": 2590, "HSISID": "04092021878", "NAME": "FOOD LION #247 PRODUCE", "ADDRESS1": "4510 CAPITAL BLVD ", "ADDRESS2": null, "CITY": "RALEIGH", "STATE": "NC", "POSTALCODE": "28145", "PHONENUMBER": "(919) 876-8126", "RESTAURANTOPENDATE": 1442534400000, "FACILITYTYPE": "2 - Food Stands", "X": -78.57896431, "Y": 35.84571465, "GEOCODESTATUS": "M", "PERMITID": "Not Provided"}}, {"type": "Feature", "id": 2591, "geometry": {"type": "Point", "coordinates": [-78.7186661650445, 35.86920375425917]}, "properties": {"OBJECTID": 2591, "HSISID": "04092021877", "NAME": "FOOD LION #1557 PRODUCE", "ADDRESS1": "4827 GROVE BARTON RD ", "ADDRESS2": null, "CITY": "RALEIGH", "STATE": "NC", "POSTALCODE": "27613", "PHONENUMBER": "(919) 781-4437", "RESTAURANTOPENDATE": 1442448000000, "FACILITYTYPE": "2 - Food Stands", "X": -78.71866353, "Y": 35.86919666, "GEOCODESTATUS": "M", "PERMITID": "Not Provided"}}, {"type": "Feature", "id": 2592, "geometry": {"type": "Point", "coordinates": [-78.31858483210956, 35.832292910154216]}, "properties": {"OBJECTID": 2592, "HSISID": "04092021880", "NAME": "FOOD LION #341 PRODUCE", "ADDRESS1": "114 WAKELON ST ", "ADDRESS2": null, "CITY": "ZEBULON", "STATE": "NC", "POSTALCODE": "27597", "PHONENUMBER": "(919) 269-6122", "RESTAURANTOPENDATE": 1442361600000, "FACILITYTYPE": "2 - Food Stands", "X": -78.31858232, "Y": 35.83228581, "GEOCODESTATUS": "M", "PERMITID": "Not Provided"}}, {"type": "Feature", "id": 2593, "geometry": {"type": "Point", "coordinates": [-78.5894137546288, 35.90603941306413]}, "properties": {"OBJECTID": 2593, "HSISID": "04092021879", "NAME": "FOOD LION #1358 PRODUCE", "ADDRESS1": "1121 FALLS RIVER AVE ", "ADDRESS2": null, "CITY": "RALEIGH", "STATE": "NC", "POSTALCODE": "27614", "PHONENUMBER": "(919) 847-1640", "RESTAURANTOPENDATE": 1442534400000, "FACILITYTYPE": "2 - Food Stands", "X": -78.58941115, "Y": 35.90603231, "GEOCODESTATUS": "M", "PERMITID": "Not Provided"}}, {"type": "Feature", "id": 2594, "geometry": {"type": "Point", "coordinates": [-78.7259125897135, 35.62515774318088]}, "properties": {"OBJECTID": 2594, "HSISID": "04092021881", "NAME": "FOOD LION #1589 PRODUCE", "ADDRESS1": "3417 N MAIN ST ", "ADDRESS2": null, "CITY": "FUQUAY-VARINA", "STATE": "NC", "POSTALCODE": "27526", "PHONENUMBER": "(919) 577-0555", "RESTAURANTOPENDATE": 1442275200000, "FACILITYTYPE": "2 - Food Stands", "X": -78.72590996, "Y": 35.6251507, "GEOCODESTATUS": "M", "PERMITID": "Not Provided"}}, {"type": "Feature", "id": 2595, "geometry": {"type": "Point", "coordinates": [-78.67901258449827, 35.839324340867115]}, "properties": {"OBJECTID": 2595, "HSISID": "04092021883", "NAME": "RALEIGH STEAK ESCAPE", "ADDRESS1": "4325 GLENWOOD AVE ", "ADDRESS2": "UNIT 2052", "CITY": "RALEIGH", "STATE": "NC", "POSTALCODE": "27511", "PHONENUMBER": "(919) 786-0404", "RESTAURANTOPENDATE": 1443571200000, "FACILITYTYPE": "2 - Food Stands", "X": -78.67900996, "Y": 35.83931725, "GEOCODESTATUS": "M", "PERMITID": "Not Provided"}}, {"type": "Feature", "id": 2596, "geometry": {"type": "Point", "coordinates": [-78.80247858121584, 35.604872413368746]}, "properties": {"OBJECTID": 2596, "HSISID": "04092021887", "NAME": "FOOD LION #1459 PRODUCE", "ADDRESS1": "1508 BROAD ST ", "ADDRESS2": null, "CITY": "FUQUAY-VARINA", "STATE": "NC", "POSTALCODE": "27526", "PHONENUMBER": "(919) 577-1000", "RESTAURANTOPENDATE": 1443139200000, "FACILITYTYPE": "2 - Food Stands", "X": -78.80247593, "Y": 35.60486538, "GEOCODESTATUS": "M", "PERMITID": "Not Provided"}}, {"type": "Feature", "id": 2597, "geometry": {"type": "Point", "coordinates": [-78.65568774264088, 35.902780826243585]}, "properties": {"OBJECTID": 2597, "HSISID": "04092021888", "NAME": "LOWES FOODS #191 BEEF SHOP", "ADDRESS1": "9600 STRICKLAND RD ", "ADDRESS2": null, "CITY": "RALEIGH", "STATE": "NC", "POSTALCODE": "27615", "PHONENUMBER": "(919) 847-5661", "RESTAURANTOPENDATE": 1443744000000, "FACILITYTYPE": "2 - Food Stands", "X": -78.65568512, "Y": 35.90277372, "GEOCODESTATUS": "M", "PERMITID": "Not Provided"}}, {"type": "Feature", "id": 2598, "geometry": {"type": "Point", "coordinates": [-78.54837408971075, 35.791684994352835]}, "properties": {"OBJECTID": 2598, "HSISID": "04092021889", "NAME": "FOOD LION #2504 PRODUCE", "ADDRESS1": "1030-125 N ROGERS LN ", "ADDRESS2": null, "CITY": "RALEIGH", "STATE": "NC", "POSTALCODE": "27610", "PHONENUMBER": "(919) 792-0321", "RESTAURANTOPENDATE": 1444089600000, "FACILITYTYPE": "2 - Food Stands", "X": -78.54837151, "Y": 35.79167791, "GEOCODESTATUS": "M", "PERMITID": "Not Provided"}}, {"type": "Feature", "id": 2599, "geometry": {"type": "Point", "coordinates": [-78.46472708399875, 35.917316580536216]}, "properties": {"OBJECTID": 2599, "HSISID": "04092021891", "NAME": "FOOD LION #669 PRODUCE", "ADDRESS1": "405 S MAIN ST ", "ADDRESS2": null, "CITY": "ROLESVILLE", "STATE": "NC", "POSTALCODE": "27571", "PHONENUMBER": "(919) 554-4018", "RESTAURANTOPENDATE": 1444780800000, "FACILITYTYPE": "2 - Food Stands", "X": -78.46472452, "Y": 35.91730947, "GEOCODESTATUS": "M", "PERMITID": "Not Provided"}}, {"type": "Feature", "id": 2600, "geometry": {"type": "Point", "coordinates": [-78.8777100003445, 35.75965365877766]}, "properties": {"OBJECTID": 2600, "HSISID": "04092021890", "NAME": "FOOD LION #1496 PRODUCE", "ADDRESS1": "1777 W WILLIAMS ST ", "ADDRESS2": null, "CITY": "APEX", "STATE": "NC", "POSTALCODE": "27502", "PHONENUMBER": "(919) 362-1986", "RESTAURANTOPENDATE": 1444348800000, "FACILITYTYPE": "2 - Food Stands", "X": -78.87770732, "Y": 35.75964659, "GEOCODESTATUS": "M", "PERMITID": "Not Provided"}}, {"type": "Feature", "id": 2601, "geometry": {"type": "Point", "coordinates": [-78.38037525436589, 35.795692005796724]}, "properties": {"OBJECTID": 2601, "HSISID": "04092021892", "NAME": "FOOD LION #815 PRODUCE", "ADDRESS1": "2837 WENDELL BLVD ", "ADDRESS2": null, "CITY": "WENDELL", "STATE": "NC", "POSTALCODE": "27591", "PHONENUMBER": "(919) 365-3002", "RESTAURANTOPENDATE": 1445385600000, "FACILITYTYPE": "2 - Food Stands", "X": -78.38037272, "Y": 35.79568491, "GEOCODESTATUS": "M", "PERMITID": "Not Provided"}}, {"type": "Feature", "id": 2864, "geometry": {"type": "Point", "coordinates": [-78.8270716676238, 35.851024173373055]}, "properties": {"OBJECTID": 2864, "HSISID": "04092025551", "NAME": "SANGAM CAFE SATELLITE LOCATION", "ADDRESS1": "100 JERUSALEM DR", "ADDRESS2": null, "CITY": "MORRISVILLE", "STATE": "NC", "POSTALCODE": "27560", "PHONENUMBER": null, "RESTAURANTOPENDATE": 1701734400000, "FACILITYTYPE": "2 - Food Stands", "X": -78.827069, "Y": 35.85101709, "GEOCODESTATUS": "M", "PERMITID": "Not Provided"}}, {"type": "Feature", "id": 2865, "geometry": {"type": "Point", "coordinates": [-78.53774799708971, 35.94777207799982]}, "properties": {"OBJECTID": 2865, "HSISID": "04092025555", "NAME": "UNREAL CURRY AT FLAVOR DISTRICT", "ADDRESS1": "11016 CAPITAL BLVD", "ADDRESS2": null, "CITY": "WAKE FOREST", "STATE": "NC", "POSTALCODE": "27587", "PHONENUMBER": "(336) 312-5531", "RESTAURANTOPENDATE": 1701993600000, "FACILITYTYPE": "2 - Food Stands", "X": -78.53774541, "Y": 35.94776496, "GEOCODESTATUS": "M", "PERMITID": "Not Provided"}}, {"type": "Feature", "id": 2866, "geometry": {"type": "Point", "coordinates": [-78.60013708646663, 35.90523799396618]}, "properties": {"OBJECTID": 2866, "HSISID": "04092025553", "NAME": "STARBUCKS #8495", "ADDRESS1": "9630 FALLS OF NEUSE RD", "ADDRESS2": "SUITE 101", "CITY": "RALEIGH", "STATE": "NC", "POSTALCODE": "27615", "PHONENUMBER": "(919) 902-0510", "RESTAURANTOPENDATE": 1702857600000, "FACILITYTYPE": "2 - Food Stands", "X": -78.60013448, "Y": 35.90523089, "GEOCODESTATUS": "M", "PERMITID": "Not Provided"}}, {"type": "Feature", "id": 2867, "geometry": {"type": "Point", "coordinates": [-78.53774799708971, 35.94777207799982]}, "properties": {"OBJECTID": 2867, "HSISID": "04092025557", "NAME": "L.A.M.I FILIPINO FOOD AT FLAVOR DISTRICT", "ADDRESS1": "11016 CAPITAL BLVD", "ADDRESS2": null, "CITY": "WAKE FOREST", "STATE": "NC", "POSTALCODE": "27587", "PHONENUMBER": "(201) 920-2311", "RESTAURANTOPENDATE": 1701820800000, "FACILITYTYPE": "2 - Food Stands", "X": -78.53774541, "Y": 35.94776496, "GEOCODESTATUS": "M", "PERMITID": "Not Provided"}}, {"type": "Feature", "id": 2868, "geometry": {"type": "Point", "coordinates": [-78.86225325424924, 35.736264418808304]}, "properties": {"OBJECTID": 2868, "HSISID": "04092025560", "NAME": "SUVIDHA DELI", "ADDRESS1": "744 HUNTER ST", "ADDRESS2": null, "CITY": "APEX", "STATE": "NC", "POSTALCODE": "27502", "PHONENUMBER": "(919) 267-4901", "RESTAURANTOPENDATE": 1704153600000, "FACILITYTYPE": "2 - Food Stands", "X": -78.86225058, "Y": 35.73625736, "GEOCODESTATUS": "M", "PERMITID": "Not Provided"}}, {"type": "Feature", "id": 2869, "geometry": {"type": "Point", "coordinates": [-78.5780517567313, 35.84169891625377]}, "properties": {"OBJECTID": 2869, "HSISID": "04092025561", "NAME": "DOMINO'S #5510", "ADDRESS1": "4237-103 LOUISBURG RD ", "ADDRESS2": null, "CITY": "RALEIGH", "STATE": "NC", "POSTALCODE": "27604", "PHONENUMBER": "(919) 872-7222", "RESTAURANTOPENDATE": 1704326400000, "FACILITYTYPE": "2 - Food Stands", "X": -78.57804916, "Y": 35.84169182, "GEOCODESTATUS": "M", "PERMITID": "Not Provided"}}, {"type": "Feature", "id": 2870, "geometry": {"type": "Point", "coordinates": [-78.64841099082702, 35.727435754108235]}, "properties": {"OBJECTID": 2870, "HSISID": "04092025562", "NAME": "TASTEFULLY SERVED @ THE KITCHEN SPACE", "ADDRESS1": "3805 S WILMINGTON ST", "ADDRESS2": "SUITE 34", "CITY": "RALEIGH", "STATE": "NC", "POSTALCODE": "27603", "PHONENUMBER": "(919) 760-5134", "RESTAURANTOPENDATE": 1704326400000, "FACILITYTYPE": "2 - Food Stands", "X": -78.64840838, "Y": 35.727428689999996, "GEOCODESTATUS": "M", "PERMITID": "Not Provided"}}, {"type": "Feature", "id": 2871, "geometry": {"type": "Point", "coordinates": [-78.6158684156708, 35.694287832847266]}, "properties": {"OBJECTID": 2871, "HSISID": "04092025564", "NAME": "SCOOP DOGZ", "ADDRESS1": "1411 AVERSBORO RD", "ADDRESS2": "111", "CITY": "GARNER", "STATE": "NC", "POSTALCODE": "27529-4590", "PHONENUMBER": null, "RESTAURANTOPENDATE": 1705536000000, "FACILITYTYPE": "2 - Food Stands", "X": -78.61586582, "Y": 35.69428077, "GEOCODESTATUS": "M", "PERMITID": "Not Provided"}}, {"type": "Feature", "id": 2872, "geometry": {"type": "Point", "coordinates": [-78.5658014999117, 35.86699917363501]}, "properties": {"OBJECTID": 2872, "HSISID": "04092025567", "NAME": "REFUEL #1187", "ADDRESS1": "8051 TARGET SIDE DR", "ADDRESS2": null, "CITY": "RALEIGH", "STATE": "NC", "POSTALCODE": "27616", "PHONENUMBER": "(984) 365-9302", "RESTAURANTOPENDATE": 1707177600000, "FACILITYTYPE": "2 - Food Stands", "X": -78.56579891, "Y": 35.86699207, "GEOCODESTATUS": "M", "PERMITID": "Not Provided"}}, {"type": "Feature", "id": 2873, "geometry": {"type": "Point", "coordinates": [-78.64841099082702, 35.727435754108235]}, "properties": {"OBJECTID": 2873, "HSISID": "04092025568", "NAME": "BAKERY STORY @ THE KITCHEN SPACE", "ADDRESS1": "3805 S WILMINGTON ST", "ADDRESS2": null, "CITY": "RALEIGH", "STATE": "NC", "POSTALCODE": "27603", "PHONENUMBER": "(224) 501-1521", "RESTAURANTOPENDATE": 1707782400000, "FACILITYTYPE": "2 - Food Stands", "X": -78.64840838, "Y": 35.727428689999996, "GEOCODESTATUS": "M", "PERMITID": "Not Provided"}}, {"type": "Feature", "id": 2874, "geometry": {"type": "Point", "coordinates": [-78.57604059292152, 35.86600875436967]}, "properties": {"OBJECTID": 2874, "HSISID": "04092025569", "NAME": "TAQUERIA LA POTRANCA", "ADDRESS1": "5959 TRIANGLE TOWN BLVD ", "ADDRESS2": null, "CITY": "RALEIGH", "STATE": "NC", "POSTALCODE": "27616", "PHONENUMBER": "(919) 609-3650", "RESTAURANTOPENDATE": 1707782400000, "FACILITYTYPE": "2 - Food Stands", "X": -78.576038, "Y": 35.86600165, "GEOCODESTATUS": "M", "PERMITID": "Not Provided"}}, {"type": "Feature", "id": 2875, "geometry": {"type": "Point", "coordinates": [-78.74405941352738, 35.88733783194828]}, "properties": {"OBJECTID": 2875, "HSISID": "04092025570", "NAME": "REFUEL #1180", "ADDRESS1": "8710 GLENWOOD AVE", "ADDRESS2": null, "CITY": "RALEIGH", "STATE": "NC", "POSTALCODE": "27617", "PHONENUMBER": null, "RESTAURANTOPENDATE": 1708300800000, "FACILITYTYPE": "2 - Food Stands", "X": -78.74405677, "Y": 35.88733073, "GEOCODESTATUS": "M", "PERMITID": "Not Provided"}}, {"type": "Feature", "id": 2876, "geometry": {"type": "Point", "coordinates": [-78.6271332569397, 35.69221850278846]}, "properties": {"OBJECTID": 2876, "HSISID": "04092025574", "NAME": "SOUTH GARNER PARK CONCESSION", "ADDRESS1": "1210 POOLE DR ", "ADDRESS2": null, "CITY": "GARNER", "STATE": "NC", "POSTALCODE": "27529", "PHONENUMBER": null, "RESTAURANTOPENDATE": 1709769600000, "FACILITYTYPE": "2 - Food Stands", "X": -78.62713066, "Y": 35.69221144, "GEOCODESTATUS": "M", "PERMITID": "Not Provided"}}, {"type": "Feature", "id": 2877, "geometry": {"type": "Point", "coordinates": [-78.53774799708971, 35.94777207799982]}, "properties": {"OBJECTID": 2877, "HSISID": "04092025576", "NAME": "KINZAAP KITCHEN @ FLAVOR DISTRICT", "ADDRESS1": "11016 CAPITAL BLVD", "ADDRESS2": null, "CITY": "WAKE FOREST", "STATE": "NC", "POSTALCODE": "27587", "PHONENUMBER": "(919) 397-5102", "RESTAURANTOPENDATE": 1709164800000, "FACILITYTYPE": "2 - Food Stands", "X": -78.53774541, "Y": 35.94776496, "GEOCODESTATUS": "M", "PERMITID": "Not Provided"}}, {"type": "Feature", "id": 2878, "geometry": {"type": "Point", "coordinates": [-78.5012714998479, 35.95094150313991]}, "properties": {"OBJECTID": 2878, "HSISID": "04092025577", "NAME": "HERITAGE LAKE POOL BAR   GRILL", "ADDRESS1": "804 HERITAGE LAKE RD", "ADDRESS2": null, "CITY": "WAKE FOREST", "STATE": "NC", "POSTALCODE": "27587", "PHONENUMBER": "(919) 796-2464", "RESTAURANTOPENDATE": 1710979200000, "FACILITYTYPE": "2 - Food Stands", "X": -78.50126892, "Y": 35.95093438, "GEOCODESTATUS": "M", "PERMITID": "Not Provided"}}, {"type": "Feature", "id": 2879, "geometry": {"type": "Point", "coordinates": [-78.76458449928711, 35.82990025176246]}, "properties": {"OBJECTID": 2879, "HSISID": "04092025578", "NAME": "UMSTEAD POOL BAR", "ADDRESS1": "100 WOODLAND POND DR", "ADDRESS2": null, "CITY": "CARY", "STATE": "NC", "POSTALCODE": "27513", "PHONENUMBER": null, "RESTAURANTOPENDATE": 1711411200000, "FACILITYTYPE": "2 - Food Stands", "X": -78.76458185, "Y": 35.82989317, "GEOCODESTATUS": "M", "PERMITID": "Not Provided"}}, {"type": "Feature", "id": 2880, "geometry": {"type": "Point", "coordinates": [-78.7119041732456, 35.85736758116721]}, "properties": {"OBJECTID": 2880, "HSISID": "04092025580", "NAME": "CHE EMPANADAS", "ADDRESS1": "5800 DURALEIGH RD", "ADDRESS2": null, "CITY": "RALEIGH", "STATE": "NC", "POSTALCODE": "27612", "PHONENUMBER": "(919) 594-1909", "RESTAURANTOPENDATE": 1711324800000, "FACILITYTYPE": "2 - Food Stands", "X": -78.71190154, "Y": 35.85736049, "GEOCODESTATUS": "M", "PERMITID": "Not Provided"}}, {"type": "Feature", "id": 2881, "geometry": {"type": "Point", "coordinates": [-78.64841099082702, 35.727435754108235]}, "properties": {"OBJECTID": 2881, "HSISID": "04092025581", "NAME": "BOOTS ON THE GROUND @ THE KITCHEN SPACE", "ADDRESS1": "3805 S WILMINGTON ST", "ADDRESS2": null, "CITY": "RALEIGH", "STATE": "NC", "POSTALCODE": "27603", "PHONENUMBER": "(919) 327-8887", "RESTAURANTOPENDATE": 1712534400000, "FACILITYTYPE": "2 - Food Stands", "X": -78.64840838, "Y": 35.727428689999996, "GEOCODESTATUS": "M", "PERMITID": "Not Provided"}}, {"type": "Feature", "id": 2882, "geometry": {"type": "Point", "coordinates": [-78.63903083820921, 35.752059670156385]}, "properties": {"OBJECTID": 2882, "HSISID": "04092025582", "NAME": "NATIVE CITIZEN AT TKA", "ADDRESS1": "2161 S WILMINGTON ST", "ADDRESS2": null, "CITY": "RALEIGH", "STATE": "NC", "POSTALCODE": "27603", "PHONENUMBER": "(919) 438-2602", "RESTAURANTOPENDATE": 1712793600000, "FACILITYTYPE": "2 - Food Stands", "X": -78.63902823, "Y": 35.7520526, "GEOCODESTATUS": "M", "PERMITID": "Not Provided"}}, {"type": "Feature", "id": 2275, "geometry": {"type": "Point", "coordinates": [-78.69423982969127, 35.78457641899524]}, "properties": {"OBJECTID": 2275, "HSISID": "04092020035", "NAME": "CIRCLE K #8620", "ADDRESS1": "4100 WESTERN BLV ", "ADDRESS2": null, "CITY": "RALEIGH", "STATE": "NC", "POSTALCODE": "27606-1963", "PHONENUMBER": "(919) 851-1050", "RESTAURANTOPENDATE": 716688000000, "FACILITYTYPE": "2 - Food Stands", "X": -78.6942372, "Y": 35.78456934, "GEOCODESTATUS": "M", "PERMITID": "Not Provided"}}, {"type": "Feature", "id": 2276, "geometry": {"type": "Point", "coordinates": [-78.64851599989119, 35.78111083268744]}, "properties": {"OBJECTID": 2276, "HSISID": "04092020030", "NAME": "CHAR-GRILL #1", "ADDRESS1": "618 HILLSBOROUGH ST", "ADDRESS2": null, "CITY": "RALEIGH", "STATE": "NC", "POSTALCODE": "27603-1732", "PHONENUMBER": "(919) 821-7636", "RESTAURANTOPENDATE": 669340800000, "FACILITYTYPE": "2 - Food Stands", "X": -78.64851339, "Y": 35.78110375, "GEOCODESTATUS": "M", "PERMITID": "Not Provided"}}, {"type": "Feature", "id": 2277, "geometry": {"type": "Point", "coordinates": [-78.57306100610188, 35.84255475439149]}, "properties": {"OBJECTID": 2277, "HSISID": "04092020040", "NAME": "CIRCLE K # 8621", "ADDRESS1": "4400 LOUISBURG RD", "ADDRESS2": null, "CITY": "RALEIGH", "STATE": "NC", "POSTALCODE": "27616-4335", "PHONENUMBER": "(919) 790-9099", "RESTAURANTOPENDATE": 673574400000, "FACILITYTYPE": "2 - Food Stands", "X": -78.57305841, "Y": 35.84254766, "GEOCODESTATUS": "M", "PERMITID": "Not Provided"}}, {"type": "Feature", "id": 2278, "geometry": {"type": "Point", "coordinates": [-78.56881700271458, 35.79853424530844]}, "properties": {"OBJECTID": 2278, "HSISID": "04092020037", "NAME": "CIRCLE K #8524", "ADDRESS1": "3948 NEW BERN AVE ", "ADDRESS2": null, "CITY": "RALEIGH", "STATE": "NC", "POSTALCODE": "27610-1333", "PHONENUMBER": "(919) 231-8060", "RESTAURANTOPENDATE": 673056000000, "FACILITYTYPE": "2 - Food Stands", "X": -78.56881441, "Y": 35.79852716, "GEOCODESTATUS": "M", "PERMITID": "Not Provided"}}, {"type": "Feature", "id": 2279, "geometry": {"type": "Point", "coordinates": [-78.6585504970866, 35.78994799415039]}, "properties": {"OBJECTID": 2279, "HSISID": "04092020102", "NAME": "FRESH MARKET DELI", "ADDRESS1": "400 WOODBURN RD ", "ADDRESS2": null, "CITY": "RALEIGH", "STATE": "NC", "POSTALCODE": "27605-1324", "PHONENUMBER": "(919) 828-7888", "RESTAURANTOPENDATE": 669340800000, "FACILITYTYPE": "2 - Food Stands", "X": -78.65854788, "Y": 35.78994091, "GEOCODESTATUS": "M", "PERMITID": "Not Provided"}}, {"type": "Feature", "id": 2280, "geometry": {"type": "Point", "coordinates": [-78.67183349102592, 35.63532841331008]}, "properties": {"OBJECTID": 2280, "HSISID": "04092020045", "NAME": "COMMUNITY MART", "ADDRESS1": "10128 OLD STAGE RD ", "ADDRESS2": null, "CITY": "RALEIGH", "STATE": "NC", "POSTALCODE": "27603-9559", "PHONENUMBER": "(919) 772-1451", "RESTAURANTOPENDATE": 670636800000, "FACILITYTYPE": "2 - Food Stands", "X": -78.67183088, "Y": 35.63532137, "GEOCODESTATUS": "M", "PERMITID": "Not Provided"}}, {"type": "Feature", "id": 2281, "geometry": {"type": "Point", "coordinates": [-78.61405008097773, 35.635464418841366]}, "properties": {"OBJECTID": 2281, "HSISID": "04092020119", "NAME": "HAN-DEE HUGO'S #43", "ADDRESS1": "3400 BENSON RD ", "ADDRESS2": null, "CITY": "GARNER", "STATE": "NC", "POSTALCODE": "27529-9300", "PHONENUMBER": "(919) 662-1825", "RESTAURANTOPENDATE": 670636800000, "FACILITYTYPE": "2 - Food Stands", "X": -78.61404749, "Y": 35.63545737, "GEOCODESTATUS": "M", "PERMITID": "Not Provided"}}, {"type": "Feature", "id": 2282, "geometry": {"type": "Point", "coordinates": [-78.67250874250321, 35.83778416740287]}, "properties": {"OBJECTID": 2282, "HSISID": "04092020121", "NAME": "HAN-DEE HUGO'S #47", "ADDRESS1": "4120 GLENWOOD AVE ", "ADDRESS2": null, "CITY": "RALEIGH", "STATE": "NC", "POSTALCODE": "27612-4626", "PHONENUMBER": "(919) 881-9246", "RESTAURANTOPENDATE": 672883200000, "FACILITYTYPE": "2 - Food Stands", "X": -78.67250612, "Y": 35.83777708, "GEOCODESTATUS": "M", "PERMITID": "Not Provided"}}, {"type": "Feature", "id": 2283, "geometry": {"type": "Point", "coordinates": [-78.7822573408382, 35.77097649732661]}, "properties": {"OBJECTID": 2283, "HSISID": "04092020122", "NAME": "HAN-DEE HUGO'S #41", "ADDRESS1": "103 SW MAYNARD RD", "ADDRESS2": null, "CITY": "CARY", "STATE": "NC", "POSTALCODE": "27511-4401", "PHONENUMBER": "(919) 467-8963", "RESTAURANTOPENDATE": 673488000000, "FACILITYTYPE": "2 - Food Stands", "X": -78.78225469, "Y": 35.77096943, "GEOCODESTATUS": "M", "PERMITID": "Not Provided"}}, {"type": "Feature", "id": 2284, "geometry": {"type": "Point", "coordinates": [-78.64321108701907, 35.72222525707771]}, "properties": {"OBJECTID": 2284, "HSISID": "04092020585", "NAME": "SPEEDWAY #6984", "ADDRESS1": "1470 US 70 HWY W ", "ADDRESS2": null, "CITY": "GARNER", "STATE": "NC", "POSTALCODE": "27529", "PHONENUMBER": "(919) 779-5952", "RESTAURANTOPENDATE": 757728000000, "FACILITYTYPE": "2 - Food Stands", "X": -78.64320848, "Y": 35.72221819, "GEOCODESTATUS": "M", "PERMITID": "Not Provided"}}, {"type": "Feature", "id": 2285, "geometry": {"type": "Point", "coordinates": [-78.77533634082215, 35.59076074845319]}, "properties": {"OBJECTID": 2285, "HSISID": "04092020607", "NAME": "DOMINOS PIZZA #8940", "ADDRESS1": "1368 N MAIN ST ", "ADDRESS2": null, "CITY": "FUQUAY-VARINA", "STATE": "NC", "POSTALCODE": "27526-2617", "PHONENUMBER": "(919) 557-5551", "RESTAURANTOPENDATE": 769392000000, "FACILITYTYPE": "2 - Food Stands", "X": -78.7753337, "Y": 35.59075371, "GEOCODESTATUS": "M", "PERMITID": "Not Provided"}}, {"type": "Feature", "id": 2286, "geometry": {"type": "Point", "coordinates": [-78.62502583245974, 35.80727291049054]}, "properties": {"OBJECTID": 2286, "HSISID": "04092020237", "NAME": "SNOOPY'S # 1", "ADDRESS1": "1931 WAKE FOREST RD", "ADDRESS2": null, "CITY": "RALEIGH", "STATE": "NC", "POSTALCODE": "27608-2731", "PHONENUMBER": "(919) 833-0992", "RESTAURANTOPENDATE": 672883200000, "FACILITYTYPE": "2 - Food Stands", "X": -78.62502323, "Y": 35.80726583, "GEOCODESTATUS": "M", "PERMITID": "Not Provided"}}, {"type": "Feature", "id": 2287, "geometry": {"type": "Point", "coordinates": [-78.67810900619033, 35.887867994637325]}, "properties": {"OBJECTID": 2287, "HSISID": "04092020610", "NAME": "HARRIS TEETER #26 PRODUCE ", "ADDRESS1": "7400 CREEDMOOR RD", "ADDRESS2": null, "CITY": "RALEIGH", "STATE": "NC", "POSTALCODE": "27613-1639", "PHONENUMBER": "(919) 848-1464", "RESTAURANTOPENDATE": 769824000000, "FACILITYTYPE": "2 - Food Stands", "X": -78.67810638, "Y": 35.88786089, "GEOCODESTATUS": "M", "PERMITID": "Not Provided"}}, {"type": "Feature", "id": 2288, "geometry": {"type": "Point", "coordinates": [-78.67810900619033, 35.887867994637325]}, "properties": {"OBJECTID": 2288, "HSISID": "04092020612", "NAME": "HARRIS TEETER #26 DELI", "ADDRESS1": "7400 CREEDMOOR RD", "ADDRESS2": null, "CITY": "RALEIGH", "STATE": "NC", "POSTALCODE": "27613-1639", "PHONENUMBER": "(919) 848-1464", "RESTAURANTOPENDATE": 769737600000, "FACILITYTYPE": "2 - Food Stands", "X": -78.67810638, "Y": 35.88786089, "GEOCODESTATUS": "M", "PERMITID": "Not Provided"}}, {"type": "Feature", "id": 2289, "geometry": {"type": "Point", "coordinates": [-78.70610216425356, 35.86075149710478]}, "properties": {"OBJECTID": 2289, "HSISID": "04092020813", "NAME": "PAPA JOHNS PIZZA #1625", "ADDRESS1": "6510 GLENWOOD AVE ", "ADDRESS2": null, "CITY": "RALEIGH", "STATE": "NC", "POSTALCODE": "27612-7156", "PHONENUMBER": "(919) 786-9900", "RESTAURANTOPENDATE": 869961600000, "FACILITYTYPE": "2 - Food Stands", "X": -78.70609953, "Y": 35.8607444, "GEOCODESTATUS": "M", "PERMITID": "Not Provided"}}, {"type": "Feature", "id": 2290, "geometry": {"type": "Point", "coordinates": [-78.78068907847992, 35.73567824535509]}, "properties": {"OBJECTID": 2290, "HSISID": "04092020713", "NAME": "HARRIS TEETER #257 PRODUCE", "ADDRESS1": "2080 KILDAIRE FARM RD ", "ADDRESS2": null, "CITY": "CARY", "STATE": "NC", "POSTALCODE": "27511-6614", "PHONENUMBER": "(919) 233-9483", "RESTAURANTOPENDATE": 824428800000, "FACILITYTYPE": "2 - Food Stands", "X": -78.78068643, "Y": 35.73567118, "GEOCODESTATUS": "M", "PERMITID": "Not Provided"}}, {"type": "Feature", "id": 2291, "geometry": {"type": "Point", "coordinates": [-78.69957417366714, 35.75689208410645]}, "properties": {"OBJECTID": 2291, "HSISID": "04092020818", "NAME": "HAN-DEE HUGO'S #60", "ADDRESS1": "2581 GORMAN ST ", "ADDRESS2": null, "CITY": "RALEIGH", "STATE": "NC", "POSTALCODE": "27606-4673", "PHONENUMBER": "(919) 859-5272", "RESTAURANTOPENDATE": 878601600000, "FACILITYTYPE": "2 - Food Stands", "X": -78.69957155, "Y": 35.75688501, "GEOCODESTATUS": "M", "PERMITID": "Not Provided"}}, {"type": "Feature", "id": 2292, "geometry": {"type": "Point", "coordinates": [-78.76155899197015, 35.74560616778627]}, "properties": {"OBJECTID": 2292, "HSISID": "04092020817", "NAME": "LOWES FOODS # 162 MEAT, SEAFOOD, AND SAUSAGES", "ADDRESS1": "6430 TRYON RD ", "ADDRESS2": null, "CITY": "CARY", "STATE": "NC", "POSTALCODE": "27511-7050", "PHONENUMBER": "(919) 859-9335", "RESTAURANTOPENDATE": 873936000000, "FACILITYTYPE": "2 - Food Stands", "X": -78.76155635, "Y": 35.7455991, "GEOCODESTATUS": "M", "PERMITID": "Not Provided"}}, {"type": "Feature", "id": 2602, "geometry": {"type": "Point", "coordinates": [-78.53977333263305, 35.87454967031385]}, "properties": {"OBJECTID": 2602, "HSISID": "04092021893", "NAME": "FOOD LION #1654 PRODUCE", "ADDRESS1": "7440 LOUISBURG RD ", "ADDRESS2": null, "CITY": "RALEIGH", "STATE": "NC", "POSTALCODE": "27616", "PHONENUMBER": "(919) 875-1394", "RESTAURANTOPENDATE": 1445385600000, "FACILITYTYPE": "2 - Food Stands", "X": -78.53977075, "Y": 35.87454257, "GEOCODESTATUS": "M", "PERMITID": "Not Provided"}}, {"type": "Feature", "id": 2603, "geometry": {"type": "Point", "coordinates": [-78.66044382329112, 35.8861846584724]}, "properties": {"OBJECTID": 2603, "HSISID": "04092021896", "NAME": "FOOD LION #1481 PRODUCE", "ADDRESS1": "7713 LEAD MINE RD ", "ADDRESS2": null, "CITY": "RALEIGH", "STATE": "NC", "POSTALCODE": "27615", "PHONENUMBER": "(919) 518-1607", "RESTAURANTOPENDATE": 1445385600000, "FACILITYTYPE": "2 - Food Stands", "X": -78.6604412, "Y": 35.88617756, "GEOCODESTATUS": "M", "PERMITID": "Not Provided"}}, {"type": "Feature", "id": 2604, "geometry": {"type": "Point", "coordinates": [-78.559824326818, 35.940762335092955]}, "properties": {"OBJECTID": 2604, "HSISID": "04092021894", "NAME": "FOOD LION #2534 PRODUCE", "ADDRESS1": "13200 NEW FALLS OF NEUSE RD ", "ADDRESS2": null, "CITY": "RALEIGH", "STATE": "NC", "POSTALCODE": "27614", "PHONENUMBER": "(919) 562-8912", "RESTAURANTOPENDATE": 1445385600000, "FACILITYTYPE": "2 - Food Stands", "X": -78.55982173, "Y": 35.94075522, "GEOCODESTATUS": "M", "PERMITID": "Not Provided"}}, {"type": "Feature", "id": 2605, "geometry": {"type": "Point", "coordinates": [-78.68200916459428, 35.85880017380762]}, "properties": {"OBJECTID": 2605, "HSISID": "04092021899", "NAME": "FOOD LION #193 PRODUCE", "ADDRESS1": "5633 CREEDMOOR RD ", "ADDRESS2": null, "CITY": "RALEIGH", "STATE": "NC", "POSTALCODE": "27612", "PHONENUMBER": "(919) 781-0597", "RESTAURANTOPENDATE": 1445472000000, "FACILITYTYPE": "2 - Food Stands", "X": -78.68200654, "Y": 35.85879308, "GEOCODESTATUS": "M", "PERMITID": "Not Provided"}}, {"type": "Feature", "id": 2606, "geometry": {"type": "Point", "coordinates": [-78.6406001651199, 35.85500108413854]}, "properties": {"OBJECTID": 2606, "HSISID": "04092021897", "NAME": "FOOD LION #1482 PRODUCE", "ADDRESS1": "5426 SIX FORKS RD ", "ADDRESS2": null, "CITY": "RALEIGH", "STATE": "NC", "POSTALCODE": "27609", "PHONENUMBER": "(919) 676-3386", "RESTAURANTOPENDATE": 1445472000000, "FACILITYTYPE": "2 - Food Stands", "X": -78.64059755, "Y": 35.85499399, "GEOCODESTATUS": "M", "PERMITID": "Not Provided"}}, {"type": "Feature", "id": 2607, "geometry": {"type": "Point", "coordinates": [-78.61339665929484, 35.840970083257865]}, "properties": {"OBJECTID": 2607, "HSISID": "04092021900", "NAME": "FOOD LION #90 PRODUCE", "ADDRESS1": "4317 FALLS OF NEUSE RD ", "ADDRESS2": null, "CITY": "RALEIGH", "STATE": "NC", "POSTALCODE": "27609", "PHONENUMBER": "(919) 872-5376", "RESTAURANTOPENDATE": 1445472000000, "FACILITYTYPE": "2 - Food Stands", "X": -78.61339405, "Y": 35.84096299, "GEOCODESTATUS": "M", "PERMITID": "Not Provided"}}, {"type": "Feature", "id": 2608, "geometry": {"type": "Point", "coordinates": [-78.4900392487515, 35.799831251074416]}, "properties": {"OBJECTID": 2608, "HSISID": "04092021901", "NAME": "FOOD LION #723 PRODUCE", "ADDRESS1": "7053 KNIGHTDALE BLVD ", "ADDRESS2": null, "CITY": "KNIGHTDALE", "STATE": "NC", "POSTALCODE": "27545", "PHONENUMBER": "(919) 266-5164", "RESTAURANTOPENDATE": 1445904000000, "FACILITYTYPE": "2 - Food Stands", "X": -78.49003668, "Y": 35.79982416, "GEOCODESTATUS": "M", "PERMITID": "Not Provided"}}, {"type": "Feature", "id": 2609, "geometry": {"type": "Point", "coordinates": [-78.78312592447953, 35.77218232916313]}, "properties": {"OBJECTID": 2609, "HSISID": "04092021903", "NAME": "FOOD LION #40 PRODUCE", "ADDRESS1": "980 KILDAIRE FARM RD ", "ADDRESS2": null, "CITY": "CARY", "STATE": "NC", "POSTALCODE": "27511", "PHONENUMBER": "(919) 467-4168", "RESTAURANTOPENDATE": 1446076800000, "FACILITYTYPE": "2 - Food Stands", "X": -78.78312327, "Y": 35.77217526, "GEOCODESTATUS": "M", "PERMITID": "Not Provided"}}, {"type": "Feature", "id": 2610, "geometry": {"type": "Point", "coordinates": [-78.6972105840078, 35.76626899384288]}, "properties": {"OBJECTID": 2610, "HSISID": "04092021904", "NAME": "FOOD LION #1454 PRODUCE", "ADDRESS1": "3415 AVENT FERRY RD ", "ADDRESS2": null, "CITY": "RALEIGH", "STATE": "NC", "POSTALCODE": "27607", "PHONENUMBER": "(919) 858-9772", "RESTAURANTOPENDATE": 1445990400000, "FACILITYTYPE": "2 - Food Stands", "X": -78.69720796, "Y": 35.76626192, "GEOCODESTATUS": "M", "PERMITID": "Not Provided"}}, {"type": "Feature", "id": 2611, "geometry": {"type": "Point", "coordinates": [-78.68034466728845, 35.74406792233418]}, "properties": {"OBJECTID": 2611, "HSISID": "04092021905", "NAME": "FOOD LION #649 PRODUCE", "ADDRESS1": "2720 LAKE WHEELER RD ", "ADDRESS2": null, "CITY": "RALEIGH", "STATE": "NC", "POSTALCODE": "27603", "PHONENUMBER": "(919) 755-3856", "RESTAURANTOPENDATE": 1446076800000, "FACILITYTYPE": "2 - Food Stands", "X": -78.68034205, "Y": 35.74406085, "GEOCODESTATUS": "M", "PERMITID": "Not Provided"}}, {"type": "Feature", "id": 2612, "geometry": {"type": "Point", "coordinates": [-78.69299833280911, 35.81677665926294]}, "properties": {"OBJECTID": 2612, "HSISID": "04092021906", "NAME": "FOOD LION #1484 PRODUCE", "ADDRESS1": "2420 WYCLIFF RD ", "ADDRESS2": null, "CITY": "RALEIGH", "STATE": "NC", "POSTALCODE": "27607", "PHONENUMBER": "(919) 571-3638", "RESTAURANTOPENDATE": 1446076800000, "FACILITYTYPE": "2 - Food Stands", "X": -78.69299571, "Y": 35.81676957, "GEOCODESTATUS": "M", "PERMITID": "Not Provided"}}, {"type": "Feature", "id": 2613, "geometry": {"type": "Point", "coordinates": [-78.81901166451794, 35.72168525760347]}, "properties": {"OBJECTID": 2613, "HSISID": "04092021907", "NAME": "CIRCLE K #2723633", "ADDRESS1": "2105 TEN TEN RD ", "ADDRESS2": null, "CITY": "APEX", "STATE": "NC", "POSTALCODE": "27539", "PHONENUMBER": "(919) 387-3800", "RESTAURANTOPENDATE": 1444694400000, "FACILITYTYPE": "2 - Food Stands", "X": -78.819009, "Y": 35.7216782, "GEOCODESTATUS": "M", "PERMITID": "Not Provided"}}, {"type": "Feature", "id": 2614, "geometry": {"type": "Point", "coordinates": [-78.8112085806839, 35.80458258060538]}, "properties": {"OBJECTID": 2614, "HSISID": "04092021908", "NAME": "FOOD LION #1514 PRODUCE", "ADDRESS1": "9567 CHAPEL HILL RD ", "ADDRESS2": null, "CITY": "MORRISVILLE", "STATE": "NC", "POSTALCODE": "27560", "PHONENUMBER": "(919) 462-1542", "RESTAURANTOPENDATE": 1446768000000, "FACILITYTYPE": "2 - Food Stands", "X": -78.81120592, "Y": 35.8045755, "GEOCODESTATUS": "M", "PERMITID": "Not Provided"}}, {"type": "Feature", "id": 2615, "geometry": {"type": "Point", "coordinates": [-78.57924165897904, 35.798858162300284]}, "properties": {"OBJECTID": 2615, "HSISID": "04092021910", "NAME": "FOOD LION #1259 PRODUCE", "ADDRESS1": "3685 NEW BERN AVE ", "ADDRESS2": null, "CITY": "RALEIGH", "STATE": "NC", "POSTALCODE": "27610", "PHONENUMBER": "(919) 231-7294", "RESTAURANTOPENDATE": 1446595200000, "FACILITYTYPE": "2 - Food Stands", "X": -78.57923907, "Y": 35.79885108, "GEOCODESTATUS": "M", "PERMITID": "Not Provided"}}, {"type": "Feature", "id": 2616, "geometry": {"type": "Point", "coordinates": [-78.84201558096794, 35.73511099412888]}, "properties": {"OBJECTID": 2616, "HSISID": "04092021909", "NAME": "FOOD LION #1338 PRODUCE", "ADDRESS1": "620 LAURA DUNCAN RD ", "ADDRESS2": null, "CITY": "APEX", "STATE": "NC", "POSTALCODE": "27502", "PHONENUMBER": "(919) 362-3904", "RESTAURANTOPENDATE": 1446422400000, "FACILITYTYPE": "2 - Food Stands", "X": -78.84201291, "Y": 35.73510393, "GEOCODESTATUS": "M", "PERMITID": "Not Provided"}}, {"type": "Feature", "id": 2617, "geometry": {"type": "Point", "coordinates": [-78.55797200280195, 35.85460617392628]}, "properties": {"OBJECTID": 2617, "HSISID": "04092021912", "NAME": "FOOD LION #1079 PRODUCE", "ADDRESS1": "5621 LOUISBURG RD ", "ADDRESS2": null, "CITY": "RALEIGH", "STATE": "NC", "POSTALCODE": "27616", "PHONENUMBER": "(919) 981-0402", "RESTAURANTOPENDATE": 1447804800000, "FACILITYTYPE": "2 - Food Stands", "X": -78.55796941, "Y": 35.85459908, "GEOCODESTATUS": "M", "PERMITID": "Not Provided"}}, {"type": "Feature", "id": 2618, "geometry": {"type": "Point", "coordinates": [-78.49517900341083, 35.96733983770099]}, "properties": {"OBJECTID": 2618, "HSISID": "04092021911", "NAME": "LOWES FOOD #239 MEAT   SEAFOOD", "ADDRESS1": "932 GATEWAY COMMONS CIR ", "ADDRESS2": null, "CITY": "WAKE FOREST", "STATE": "NC", "POSTALCODE": "27587", "PHONENUMBER": "(919) 740-0564", "RESTAURANTOPENDATE": 1446508800000, "FACILITYTYPE": "2 - Food Stands", "X": -78.49517643, "Y": 35.96733271, "GEOCODESTATUS": "M", "PERMITID": "Not Provided"}}, {"type": "Feature", "id": 2619, "geometry": {"type": "Point", "coordinates": [-78.76838683271491, 35.800442496958084]}, "properties": {"OBJECTID": 2619, "HSISID": "04092021913", "NAME": "FOOD LION #727 PRODUCE", "ADDRESS1": "900 NE MAYNARD RD ", "ADDRESS2": null, "CITY": "CARY", "STATE": "NC", "POSTALCODE": "27513", "PHONENUMBER": "(919) 460-6274", "RESTAURANTOPENDATE": 1447804800000, "FACILITYTYPE": "2 - Food Stands", "X": -78.76838418, "Y": 35.80043542, "GEOCODESTATUS": "M", "PERMITID": "Not Provided"}}, {"type": "Feature", "id": 2883, "geometry": {"type": "Point", "coordinates": [-78.61481150245729, 35.754831670803355]}, "properties": {"OBJECTID": 2883, "HSISID": "04092025583", "NAME": "WINGSTOP #2032", "ADDRESS1": "1619 CROSSLINK RD, STE 100", "ADDRESS2": null, "CITY": "RALEIGH", "STATE": "NC", "POSTALCODE": "27610", "PHONENUMBER": "(919) 977-4111", "RESTAURANTOPENDATE": 1714003200000, "FACILITYTYPE": "2 - Food Stands", "X": -78.6148089, "Y": 35.7548246, "GEOCODESTATUS": "M", "PERMITID": "Not Provided"}}, {"type": "Feature", "id": 2884, "geometry": {"type": "Point", "coordinates": [-78.57604059292152, 35.86600875436967]}, "properties": {"OBJECTID": 2884, "HSISID": "04092025585", "NAME": "CHICK-FIL-A #01466", "ADDRESS1": "5959 TRIANGLE TOWN BLVD", "ADDRESS2": "FC1104", "CITY": "RALEIGH", "STATE": "NC", "POSTALCODE": "27616", "PHONENUMBER": "(919) 792-2214", "RESTAURANTOPENDATE": 1714521600000, "FACILITYTYPE": "2 - Food Stands", "X": -78.576038, "Y": 35.86600165, "GEOCODESTATUS": "M", "PERMITID": "Not Provided"}}, {"type": "Feature", "id": 2885, "geometry": {"type": "Point", "coordinates": [-78.65006017109974, 35.69421717330403]}, "properties": {"OBJECTID": 2885, "HSISID": "04092025590", "NAME": "OLD NORTH STATE CATERING", "ADDRESS1": "160 SOMMERVILLE PARK  RD ", "ADDRESS2": null, "CITY": "RALEIGH", "STATE": "NC", "POSTALCODE": "27603", "PHONENUMBER": "(919) 622-4792", "RESTAURANTOPENDATE": 1716163200000, "FACILITYTYPE": "2 - Food Stands", "X": -78.65005756, "Y": 35.69421011, "GEOCODESTATUS": "M", "PERMITID": "Not Provided"}}, {"type": "Feature", "id": 2886, "geometry": {"type": "Point", "coordinates": [-78.53774799708971, 35.94777207799982]}, "properties": {"OBJECTID": 2886, "HSISID": "04092025591", "NAME": "WINGS   TURKEY BBQ @ FLAVOR DISTRICT", "ADDRESS1": "11016 CAPITAL BLVD", "ADDRESS2": null, "CITY": "WAKE FOREST", "STATE": "NC", "POSTALCODE": "27587", "PHONENUMBER": "(984) 303-9832", "RESTAURANTOPENDATE": 1713225600000, "FACILITYTYPE": "2 - Food Stands", "X": -78.53774541, "Y": 35.94776496, "GEOCODESTATUS": "M", "PERMITID": "Not Provided"}}, {"type": "Feature", "id": 2887, "geometry": {"type": "Point", "coordinates": [-78.67901258449827, 35.839324340867115]}, "properties": {"OBJECTID": 2887, "HSISID": "04092025596", "NAME": "PEI WEI #4325", "ADDRESS1": "4325 GLENWOOD AVE", "ADDRESS2": "SUITE 2035", "CITY": "RALEIGH", "STATE": "NC", "POSTALCODE": "27612", "PHONENUMBER": null, "RESTAURANTOPENDATE": 1717545600000, "FACILITYTYPE": "2 - Food Stands", "X": -78.67900996, "Y": 35.83931725, "GEOCODESTATUS": "M", "PERMITID": "Not Provided"}}, {"type": "Feature", "id": 2888, "geometry": {"type": "Point", "coordinates": [-78.53774799708971, 35.94777207799982]}, "properties": {"OBJECTID": 2888, "HSISID": "04092025592", "NAME": "DAVE'S BURGERS, HOT DOGS & TACOS", "ADDRESS1": "11016 CAPITAL BLVD", "ADDRESS2": null, "CITY": "WAKE FOREST", "STATE": "NC", "POSTALCODE": "27587", "PHONENUMBER": "(919) 920-6309", "RESTAURANTOPENDATE": 1715126400000, "FACILITYTYPE": "2 - Food Stands", "X": -78.53774541, "Y": 35.94776496, "GEOCODESTATUS": "M", "PERMITID": "Not Provided"}}, {"type": "Feature", "id": 2889, "geometry": {"type": "Point", "coordinates": [-78.63936750018618, 35.77441558688331]}, "properties": {"OBJECTID": 2889, "HSISID": "04092025598", "NAME": "JIMMY JOHN'S (FAY. ST.)", "ADDRESS1": "437 FAYETTEVILLE ST ", "ADDRESS2": null, "CITY": "RALEIGH", "STATE": "NC", "POSTALCODE": "27601", "PHONENUMBER": "(309) 454-2811", "RESTAURANTOPENDATE": 1718582400000, "FACILITYTYPE": "2 - Food Stands", "X": -78.63936489, "Y": 35.77440851, "GEOCODESTATUS": "M", "PERMITID": "Not Provided"}}, {"type": "Feature", "id": 2890, "geometry": {"type": "Point", "coordinates": [-78.65504259228766, 35.808597586560836]}, "properties": {"OBJECTID": 2890, "HSISID": "04092025600", "NAME": "HUNGRY HOWIES", "ADDRESS1": "1814 OBERLIN RD ", "ADDRESS2": "SUITE 106", "CITY": "RALEIGH", "STATE": "NC", "POSTALCODE": "27608", "PHONENUMBER": "(919) 789-0001", "RESTAURANTOPENDATE": 1719446400000, "FACILITYTYPE": "2 - Food Stands", "X": -78.65503998, "Y": 35.8085905, "GEOCODESTATUS": "M", "PERMITID": "Not Provided"}}, {"type": "Feature", "id": 2891, "geometry": {"type": "Point", "coordinates": [-78.64730575118254, 35.880650245695875]}, "properties": {"OBJECTID": 2891, "HSISID": "04092025599", "NAME": "DOMINOS #5504", "ADDRESS1": "7315 SIX FORKS RD ", "ADDRESS2": null, "CITY": "RALEIGH", "STATE": "NC", "POSTALCODE": "27615", "PHONENUMBER": "(919) 847-8855", "RESTAURANTOPENDATE": 1718841600000, "FACILITYTYPE": "2 - Food Stands", "X": -78.64730313, "Y": 35.88064315, "GEOCODESTATUS": "M", "PERMITID": "Not Provided"}}, {"type": "Feature", "id": 2892, "geometry": {"type": "Point", "coordinates": [-78.64841099082702, 35.727435754108235]}, "properties": {"OBJECTID": 2892, "HSISID": "04092025602", "NAME": "DOLCI SAPORI", "ADDRESS1": "3805 S WILMINGTON ST", "ADDRESS2": null, "CITY": "RALEIGH", "STATE": "NC", "POSTALCODE": "27603", "PHONENUMBER": "(901) 530-6020", "RESTAURANTOPENDATE": 1721260800000, "FACILITYTYPE": "2 - Food Stands", "X": -78.64840838, "Y": 35.727428689999996, "GEOCODESTATUS": "M", "PERMITID": "Not Provided"}}, {"type": "Feature", "id": 2893, "geometry": {"type": "Point", "coordinates": [-78.64729132988568, 35.777032826954326]}, "properties": {"OBJECTID": 2893, "HSISID": "04092025608", "NAME": "UNION STATION DELI AND CATERING", "ADDRESS1": "510 W MARTIN ST", "ADDRESS2": null, "CITY": "RALEIGH", "STATE": "NC", "POSTALCODE": "27603", "PHONENUMBER": "(984) 325-5733", "RESTAURANTOPENDATE": 1724112000000, "FACILITYTYPE": "2 - Food Stands", "X": -78.64728872, "Y": 35.77702575, "GEOCODESTATUS": "M", "PERMITID": "Not Provided"}}, {"type": "Feature", "id": 2894, "geometry": {"type": "Point", "coordinates": [-78.53774799708971, 35.94777207799982]}, "properties": {"OBJECTID": 2894, "HSISID": "04092025603", "NAME": "THE MAC HOUSE AT FLAVOR DISTRICT", "ADDRESS1": "11016 CAPITAL BLVD", "ADDRESS2": null, "CITY": "WAKE FOREST", "STATE": "NC", "POSTALCODE": "27587", "PHONENUMBER": "(919) 696-1120", "RESTAURANTOPENDATE": 1720742400000, "FACILITYTYPE": "2 - Food Stands", "X": -78.53774541, "Y": 35.94776496, "GEOCODESTATUS": "M", "PERMITID": "Not Provided"}}, {"type": "Feature", "id": 2895, "geometry": {"type": "Point", "coordinates": [-78.71038183264912, 35.86050925108826]}, "properties": {"OBJECTID": 2895, "HSISID": "04092025610", "NAME": "HEAVENLY BUFFALOES GLENWOOD", "ADDRESS1": "6701 GLENWOOD AVE", "ADDRESS2": "101", "CITY": "RALEIGH", "STATE": "NC", "POSTALCODE": "27612", "PHONENUMBER": null, "RESTAURANTOPENDATE": 1724716800000, "FACILITYTYPE": "2 - Food Stands", "X": -78.7103792, "Y": 35.86050216, "GEOCODESTATUS": "M", "PERMITID": "Not Provided"}}, {"type": "Feature", "id": 2896, "geometry": {"type": "Point", "coordinates": [-78.60062800548833, 35.83625291022764]}, "properties": {"OBJECTID": 2896, "HSISID": "04092025609", "NAME": "NORTHSIDE FISH MARKET", "ADDRESS1": "2275 NEW HOPE CHURCH RD ", "ADDRESS2": null, "CITY": "RALEIGH", "STATE": "NC", "POSTALCODE": "27604", "PHONENUMBER": "(919) 850-0891", "RESTAURANTOPENDATE": 1723507200000, "FACILITYTYPE": "2 - Food Stands", "X": -78.60062541, "Y": 35.83624582, "GEOCODESTATUS": "M", "PERMITID": "Not Provided"}}, {"type": "Feature", "id": 2897, "geometry": {"type": "Point", "coordinates": [-78.67872575693278, 35.78448683849096]}, "properties": {"OBJECTID": 2897, "HSISID": "04092025611", "NAME": "SUSHI WITH GUSTO AT PAVILLION CAFE", "ADDRESS1": "2610 CATES AVE", "ADDRESS2": null, "CITY": "RALEIGH", "STATE": "NC", "POSTALCODE": "27607", "PHONENUMBER": "(919) 515-4258", "RESTAURANTOPENDATE": 1725494400000, "FACILITYTYPE": "2 - Food Stands", "X": -78.67872314, "Y": 35.784479759999996, "GEOCODESTATUS": "M", "PERMITID": "Not Provided"}}, {"type": "Feature", "id": 2293, "geometry": {"type": "Point", "coordinates": [-78.62030150299238, 35.71172016149558]}, "properties": {"OBJECTID": 2293, "HSISID": "04092020819", "NAME": "PAPA JOHN'S PIZZA #1406", "ADDRESS1": "109 VANDORA SPRINGS RD ", "ADDRESS2": null, "CITY": "GARNER", "STATE": "NC", "POSTALCODE": "27529", "PHONENUMBER": "(919) 661-0707", "RESTAURANTOPENDATE": 878256000000, "FACILITYTYPE": "2 - Food Stands", "X": -78.6202989, "Y": 35.7117131, "GEOCODESTATUS": "M", "PERMITID": "Not Provided"}}, {"type": "Feature", "id": 2294, "geometry": {"type": "Point", "coordinates": [-78.7613536679515, 35.74433733531937]}, "properties": {"OBJECTID": 2294, "HSISID": "04092020845", "NAME": "PAPA JOHN'S", "ADDRESS1": "6470 TRYON RD ", "ADDRESS2": null, "CITY": "CARY", "STATE": "NC", "POSTALCODE": "27511-7050", "PHONENUMBER": "(919) 851-5656", "RESTAURANTOPENDATE": 899078400000, "FACILITYTYPE": "2 - Food Stands", "X": -78.76135102, "Y": 35.74433027, "GEOCODESTATUS": "M", "PERMITID": "Not Provided"}}, {"type": "Feature", "id": 2295, "geometry": {"type": "Point", "coordinates": [-78.81705075435931, 35.81053116227746]}, "properties": {"OBJECTID": 2295, "HSISID": "04092020848", "NAME": "DOMINO'S", "ADDRESS1": "9825-E CHAPEL HILL ROAD ", "ADDRESS2": null, "CITY": "MORRISVILLE", "STATE": "NC", "POSTALCODE": "27560", "PHONENUMBER": "(919) 319-7000", "RESTAURANTOPENDATE": 905990400000, "FACILITYTYPE": "2 - Food Stands", "X": -78.81704809, "Y": 35.81052408, "GEOCODESTATUS": "M", "PERMITID": "Not Provided"}}, {"type": "Feature", "id": 2296, "geometry": {"type": "Point", "coordinates": [-78.6220974222149, 35.82016132982533]}, "properties": {"OBJECTID": 2296, "HSISID": "04092020856", "NAME": "PAPA JOHN'S #1576", "ADDRESS1": "2904 WAKE FOREST RD ", "ADDRESS2": null, "CITY": "RALEIGH", "STATE": "NC", "POSTALCODE": "27609", "PHONENUMBER": "(919) 743-3333", "RESTAURANTOPENDATE": 1110499200000, "FACILITYTYPE": "2 - Food Stands", "X": -78.62209482, "Y": 35.82015424, "GEOCODESTATUS": "M", "PERMITID": "Not Provided"}}, {"type": "Feature", "id": 2297, "geometry": {"type": "Point", "coordinates": [-78.58500791941795, 35.84649600012666]}, "properties": {"OBJECTID": 2297, "HSISID": "04092020857", "NAME": "SAM'S CLUB #6570 DELI", "ADDRESS1": "3001 CALVARY DR ", "ADDRESS2": null, "CITY": "RALEIGH", "STATE": "NC", "POSTALCODE": "27604-2801", "PHONENUMBER": "(919) 874-0112", "RESTAURANTOPENDATE": 913939200000, "FACILITYTYPE": "2 - Food Stands", "X": -78.58500532, "Y": 35.84648891, "GEOCODESTATUS": "M", "PERMITID": "Not Provided"}}, {"type": "Feature", "id": 2298, "geometry": {"type": "Point", "coordinates": [-78.55691025380034, 35.79849058680489]}, "properties": {"OBJECTID": 2298, "HSISID": "04092020868", "NAME": "CIRCLE K #8610", "ADDRESS1": "4713 NEW BERN AVE ", "ADDRESS2": null, "CITY": "RALEIGH", "STATE": "NC", "POSTALCODE": "27610-1437", "PHONENUMBER": "(919) 212-0101", "RESTAURANTOPENDATE": 920505600000, "FACILITYTYPE": "2 - Food Stands", "X": -78.55690767, "Y": 35.7984835, "GEOCODESTATUS": "M", "PERMITID": "Not Provided"}}, {"type": "Feature", "id": 2299, "geometry": {"type": "Point", "coordinates": [-78.65616499459873, 35.90110008964328]}, "properties": {"OBJECTID": 2299, "HSISID": "04092020870", "NAME": "PAPA JOHN'S PIZZA", "ADDRESS1": "9611 STRICKLAND RD ", "ADDRESS2": null, "CITY": "RALEIGH", "STATE": "NC", "POSTALCODE": "27615", "PHONENUMBER": "(919) 676-7272", "RESTAURANTOPENDATE": 923443200000, "FACILITYTYPE": "2 - Food Stands", "X": -78.65616237, "Y": 35.90109299, "GEOCODESTATUS": "M", "PERMITID": "Not Provided"}}, {"type": "Feature", "id": 2300, "geometry": {"type": "Point", "coordinates": [-78.5903085836665, 35.905660826813445]}, "properties": {"OBJECTID": 2300, "HSISID": "04092020878", "NAME": "HAN-DEE HUGO'S #62", "ADDRESS1": "10550 DURANT RD ", "ADDRESS2": null, "CITY": "RALEIGH", "STATE": "NC", "POSTALCODE": "27614-9478", "PHONENUMBER": "(919) 518-2474", "RESTAURANTOPENDATE": 927244800000, "FACILITYTYPE": "2 - Food Stands", "X": -78.59030598, "Y": 35.90565372, "GEOCODESTATUS": "M", "PERMITID": "Not Provided"}}, {"type": "Feature", "id": 2301, "geometry": {"type": "Point", "coordinates": [-78.38095933211376, 35.81489641311843]}, "properties": {"OBJECTID": 2301, "HSISID": "04092020904", "NAME": "VARIETY PICKUP FOOD STAND-HWY 97", "ADDRESS1": "2727 NC 97 HWY ", "ADDRESS2": null, "CITY": "WENDELL", "STATE": "NC", "POSTALCODE": "27591", "PHONENUMBER": "(919) 365-7419", "RESTAURANTOPENDATE": 938476800000, "FACILITYTYPE": "2 - Food Stands", "X": -78.3809568, "Y": 35.81488932, "GEOCODESTATUS": "M", "PERMITID": "Not Provided"}}, {"type": "Feature", "id": 2302, "geometry": {"type": "Point", "coordinates": [-78.58018450600584, 35.85815066506126]}, "properties": {"OBJECTID": 2302, "HSISID": "04092020916", "NAME": "PAPA JOHN'S #619", "ADDRESS1": "5260 CAPITAL BLV", "ADDRESS2": null, "CITY": "RALEIGH", "STATE": "NC", "POSTALCODE": "27616-3232", "PHONENUMBER": "(919) 872-7575", "RESTAURANTOPENDATE": 947808000000, "FACILITYTYPE": "2 - Food Stands", "X": -78.58018191, "Y": 35.85814357, "GEOCODESTATUS": "M", "PERMITID": "Not Provided"}}, {"type": "Feature", "id": 2303, "geometry": {"type": "Point", "coordinates": [-78.64905015867575, 35.92875717309893]}, "properties": {"OBJECTID": 2303, "HSISID": "04092020898", "NAME": "BAYLEAF CONVENIENCE", "ADDRESS1": "10701 SIX FORKS RD", "ADDRESS2": null, "CITY": "RALEIGH", "STATE": "NC", "POSTALCODE": "27614-9570", "PHONENUMBER": "(919) 847-7075", "RESTAURANTOPENDATE": 935452800000, "FACILITYTYPE": "2 - Food Stands", "X": -78.64904754, "Y": 35.92875006, "GEOCODESTATUS": "M", "PERMITID": "Not Provided"}}, {"type": "Feature", "id": 2304, "geometry": {"type": "Point", "coordinates": [-78.64153775734536, 35.79245150241]}, "properties": {"OBJECTID": 2304, "HSISID": "04092020929", "NAME": "SPEEDWAY #6983", "ADDRESS1": "850 CAPITAL BLVD", "ADDRESS2": null, "CITY": "RALEIGH", "STATE": "NC", "POSTALCODE": "27603-1108", "PHONENUMBER": "(919) 832-8478", "RESTAURANTOPENDATE": 956102400000, "FACILITYTYPE": "2 - Food Stands", "X": -78.64153515, "Y": 35.79244442, "GEOCODESTATUS": "M", "PERMITID": "Not Provided"}}, {"type": "Feature", "id": 2305, "geometry": {"type": "Point", "coordinates": [-78.74427541319983, 35.75323917336935]}, "properties": {"OBJECTID": 2305, "HSISID": "04092020927", "NAME": "BJ'S WHOLESALE CLUB DELI   MEAT MARKET", "ADDRESS1": "2370 WALNUT ST ", "ADDRESS2": null, "CITY": "CARY", "STATE": "NC", "POSTALCODE": "27518", "PHONENUMBER": "(919) 854-2777", "RESTAURANTOPENDATE": 954460800000, "FACILITYTYPE": "2 - Food Stands", "X": -78.74427277, "Y": 35.7532321, "GEOCODESTATUS": "M", "PERMITID": "Not Provided"}}, {"type": "Feature", "id": 2306, "geometry": {"type": "Point", "coordinates": [-78.5436240747752, 35.94387608380043]}, "properties": {"OBJECTID": 2306, "HSISID": "04092020941", "NAME": "PAPA JOHN'S #1579", "ADDRESS1": "14460 NEW FALLS OF NEUSE RD", "ADDRESS2": "STE 115", "CITY": "RALEIGH", "STATE": "NC", "POSTALCODE": "27614-8227", "PHONENUMBER": "(919) 488-7272", "RESTAURANTOPENDATE": 956880000000, "FACILITYTYPE": "2 - Food Stands", "X": -78.54362149, "Y": 35.94386897, "GEOCODESTATUS": "M", "PERMITID": "Not Provided"}}, {"type": "Feature", "id": 2307, "geometry": {"type": "Point", "coordinates": [-78.74809283878477, 35.76411958687968]}, "properties": {"OBJECTID": 2307, "HSISID": "04092020945", "NAME": "COOK OUT", "ADDRESS1": "1607 WALNUT ST", "ADDRESS2": null, "CITY": "CARY", "STATE": "NC", "POSTALCODE": "27511-5928", "PHONENUMBER": "(919) 319-5414", "RESTAURANTOPENDATE": 958435200000, "FACILITYTYPE": "2 - Food Stands", "X": -78.74809020000001, "Y": 35.76411252, "GEOCODESTATUS": "M", "PERMITID": "Not Provided"}}, {"type": "Feature", "id": 2308, "geometry": {"type": "Point", "coordinates": [-78.80247858121584, 35.604872413368746]}, "properties": {"OBJECTID": 2308, "HSISID": "04092020959", "NAME": "FOOD LION #1459 DELI", "ADDRESS1": "1508 BROAD ST ", "ADDRESS2": null, "CITY": "FUQUAY-VARINA", "STATE": "NC", "POSTALCODE": "27526-8363", "PHONENUMBER": "(919) 577-1000", "RESTAURANTOPENDATE": 962409600000, "FACILITYTYPE": "2 - Food Stands", "X": -78.80247593, "Y": 35.60486538, "GEOCODESTATUS": "M", "PERMITID": "Not Provided"}}, {"type": "Feature", "id": 2309, "geometry": {"type": "Point", "coordinates": [-78.69299833280911, 35.81677665926294]}, "properties": {"OBJECTID": 2309, "HSISID": "04092020961", "NAME": "FOOD LION #1484 DELI ", "ADDRESS1": "2420 WYCLIFF RD ", "ADDRESS2": null, "CITY": "RALEIGH", "STATE": "NC", "POSTALCODE": "27607-2903", "PHONENUMBER": "(919) 571-3638", "RESTAURANTOPENDATE": 962409600000, "FACILITYTYPE": "2 - Food Stands", "X": -78.69299571, "Y": 35.81676957, "GEOCODESTATUS": "M", "PERMITID": "Not Provided"}}, {"type": "Feature", "id": 2310, "geometry": {"type": "Point", "coordinates": [-78.66044382329112, 35.8861846584724]}, "properties": {"OBJECTID": 2310, "HSISID": "04092020964", "NAME": "FOOD LION #1481 DELI ", "ADDRESS1": "7713 LEAD MINE RD ", "ADDRESS2": null, "CITY": "RALEIGH", "STATE": "NC", "POSTALCODE": "27615-4805", "PHONENUMBER": "(919) 518-1607", "RESTAURANTOPENDATE": 962409600000, "FACILITYTYPE": "2 - Food Stands", "X": -78.6604412, "Y": 35.88617756, "GEOCODESTATUS": "M", "PERMITID": "Not Provided"}}, {"type": "Feature", "id": 2311, "geometry": {"type": "Point", "coordinates": [-78.65461324843605, 35.899334413121224]}, "properties": {"OBJECTID": 2311, "HSISID": "04092020967", "NAME": "FOOD LION #1374 DELI ", "ADDRESS1": "9525 STRICKLAND RD ", "ADDRESS2": null, "CITY": "RALEIGH", "STATE": "NC", "POSTALCODE": "27615-1936", "PHONENUMBER": "(919) 676-0141", "RESTAURANTOPENDATE": 962409600000, "FACILITYTYPE": "2 - Food Stands", "X": -78.65461063, "Y": 35.89932731, "GEOCODESTATUS": "M", "PERMITID": "Not Provided"}}, {"type": "Feature", "id": 2620, "geometry": {"type": "Point", "coordinates": [-78.69742691979866, 35.665091413675235]}, "properties": {"OBJECTID": 2620, "HSISID": "04092021914", "NAME": "FOOD LION #996 PRODUCE", "ADDRESS1": "7971 FAYETTEVILLE RD ", "ADDRESS2": null, "CITY": "RALEIGH", "STATE": "NC", "POSTALCODE": "27603", "PHONENUMBER": "(919) 772-0317", "RESTAURANTOPENDATE": 1447286400000, "FACILITYTYPE": "2 - Food Stands", "X": -78.6974243, "Y": 35.66508436, "GEOCODESTATUS": "M", "PERMITID": "Not Provided"}}, {"type": "Feature", "id": 2621, "geometry": {"type": "Point", "coordinates": [-78.54796467351622, 35.723133418706816]}, "properties": {"OBJECTID": 2621, "HSISID": "04092021915", "NAME": "FOOD LION #2638 PRODUCE", "ADDRESS1": "6209 ROCK QUARRY RD ", "ADDRESS2": null, "CITY": "RALEIGH", "STATE": "NC", "POSTALCODE": "27610", "PHONENUMBER": "(919) 722-5894", "RESTAURANTOPENDATE": 1447286400000, "FACILITYTYPE": "2 - Food Stands", "X": -78.54796209, "Y": 35.72312635, "GEOCODESTATUS": "M", "PERMITID": "Not Provided"}}, {"type": "Feature", "id": 2622, "geometry": {"type": "Point", "coordinates": [-78.61481150245729, 35.754831670803355]}, "properties": {"OBJECTID": 2622, "HSISID": "04092021917", "NAME": "FOOD LION #1669 PRODUCE", "ADDRESS1": "1601 CROSS LINK RD ", "ADDRESS2": null, "CITY": "RALEIGH", "STATE": "NC", "POSTALCODE": "27610", "PHONENUMBER": "(919) 807-1397", "RESTAURANTOPENDATE": 1446076800000, "FACILITYTYPE": "2 - Food Stands", "X": -78.6148089, "Y": 35.7548246, "GEOCODESTATUS": "M", "PERMITID": "Not Provided"}}, {"type": "Feature", "id": 2623, "geometry": {"type": "Point", "coordinates": [-78.62278650881429, 35.708219412763775]}, "properties": {"OBJECTID": 2623, "HSISID": "04092021918", "NAME": "FOOD LION #75 PRODUCE", "ADDRESS1": "1339 5TH AVE ", "ADDRESS2": null, "CITY": "GARNER", "STATE": "NC", "POSTALCODE": "27529", "PHONENUMBER": "(919) 779-0770", "RESTAURANTOPENDATE": 1449532800000, "FACILITYTYPE": "2 - Food Stands", "X": -78.62278391, "Y": 35.70821235, "GEOCODESTATUS": "M", "PERMITID": "Not Provided"}}, {"type": "Feature", "id": 2624, "geometry": {"type": "Point", "coordinates": [-78.67901258449827, 35.839324340867115]}, "properties": {"OBJECTID": 2624, "HSISID": "04092021920", "NAME": "THAI BISTRO", "ADDRESS1": "4325-2039 GLENWOOD AVE ", "ADDRESS2": null, "CITY": "RALEIGH", "STATE": "NC", "POSTALCODE": "27612", "PHONENUMBER": "(919) 771-7933", "RESTAURANTOPENDATE": 1448928000000, "FACILITYTYPE": "2 - Food Stands", "X": -78.67900996, "Y": 35.83931725, "GEOCODESTATUS": "M", "PERMITID": "Not Provided"}}, {"type": "Feature", "id": 2625, "geometry": {"type": "Point", "coordinates": [-78.69252658682659, 35.78576399999761]}, "properties": {"OBJECTID": 2625, "HSISID": "04092021921", "NAME": "FOOD LION #1573 PRODUCE", "ADDRESS1": "3926 WESTERN BLVD ", "ADDRESS2": null, "CITY": "RALEIGH", "STATE": "NC", "POSTALCODE": "27607", "PHONENUMBER": "(919) 664-8059", "RESTAURANTOPENDATE": 1450137600000, "FACILITYTYPE": "2 - Food Stands", "X": -78.69252396, "Y": 35.78575692, "GEOCODESTATUS": "M", "PERMITID": "Not Provided"}}, {"type": "Feature", "id": 2626, "geometry": {"type": "Point", "coordinates": [-78.82085834054683, 35.7636499105793]}, "properties": {"OBJECTID": 2626, "HSISID": "04092021924", "NAME": "FOOD LION #624 PRODUCE", "ADDRESS1": "2458 SW CARY PKY ", "ADDRESS2": null, "CITY": "CARY", "STATE": "NC", "POSTALCODE": "27513", "PHONENUMBER": "(919) 481-0052", "RESTAURANTOPENDATE": 1449619200000, "FACILITYTYPE": "2 - Food Stands", "X": -78.82085568, "Y": 35.76364284, "GEOCODESTATUS": "M", "PERMITID": "Not Provided"}}, {"type": "Feature", "id": 2627, "geometry": {"type": "Point", "coordinates": [-78.73773884062439, 35.7436157425119]}, "properties": {"OBJECTID": 2627, "HSISID": "04092021925", "NAME": "FOOD LION #816 PRODUCE", "ADDRESS1": "2861 JONES FRANKLIN RD ", "ADDRESS2": null, "CITY": "RALEIGH", "STATE": "NC", "POSTALCODE": "27606", "PHONENUMBER": "(919) 233-9708", "RESTAURANTOPENDATE": 1449619200000, "FACILITYTYPE": "2 - Food Stands", "X": -78.7377362, "Y": 35.74360868, "GEOCODESTATUS": "M", "PERMITID": "Not Provided"}}, {"type": "Feature", "id": 2628, "geometry": {"type": "Point", "coordinates": [-78.58406599385499, 35.77094133554319]}, "properties": {"OBJECTID": 2628, "HSISID": "04092021926", "NAME": "CIRCLE K #2703126", "ADDRESS1": "3220 POOLE RD ", "ADDRESS2": null, "CITY": "RALEIGH", "STATE": "NC", "POSTALCODE": "27610", "PHONENUMBER": null, "RESTAURANTOPENDATE": 1451952000000, "FACILITYTYPE": "2 - Food Stands", "X": -78.5840634, "Y": 35.77093426, "GEOCODESTATUS": "M", "PERMITID": "Not Provided"}}, {"type": "Feature", "id": 2629, "geometry": {"type": "Point", "coordinates": [-78.83932066750688, 35.71150399355682]}, "properties": {"OBJECTID": 2629, "HSISID": "04092021928", "NAME": "CIRCLE K #2723302", "ADDRESS1": "1414  E WILLIAMS ST ", "ADDRESS2": null, "CITY": "APEX", "STATE": "NC", "POSTALCODE": "27539", "PHONENUMBER": "(919) 362-5131", "RESTAURANTOPENDATE": 1456358400000, "FACILITYTYPE": "2 - Food Stands", "X": -78.83931799999999, "Y": 35.71149694, "GEOCODESTATUS": "M", "PERMITID": "Not Provided"}}, {"type": "Feature", "id": 2630, "geometry": {"type": "Point", "coordinates": [-78.78236483854795, 35.80446708983279]}, "properties": {"OBJECTID": 2630, "HSISID": "04092021929", "NAME": "CIRCLE  K #3488", "ADDRESS1": "1032 N HARRISON  AVE ", "ADDRESS2": null, "CITY": "CARY", "STATE": "NC", "POSTALCODE": "27513", "PHONENUMBER": "(919) 468-9848", "RESTAURANTOPENDATE": 1456444800000, "FACILITYTYPE": "2 - Food Stands", "X": -78.78236218, "Y": 35.80446001, "GEOCODESTATUS": "M", "PERMITID": "Not Provided"}}, {"type": "Feature", "id": 2631, "geometry": {"type": "Point", "coordinates": [-78.83459158706067, 35.748154257538864]}, "properties": {"OBJECTID": 2631, "HSISID": "04092021931", "NAME": "CIRCLE K   #0846", "ADDRESS1": "1800 LAURA DUNCAN RD ", "ADDRESS2": null, "CITY": "APEX", "STATE": "NC", "POSTALCODE": "27523-1564", "PHONENUMBER": "(919) 387-7984", "RESTAURANTOPENDATE": 1456704000000, "FACILITYTYPE": "2 - Food Stands", "X": -78.83458892, "Y": 35.74814719, "GEOCODESTATUS": "M", "PERMITID": "Not Provided"}}, {"type": "Feature", "id": 2632, "geometry": {"type": "Point", "coordinates": [-78.81773766158065, 35.86083341924451]}, "properties": {"OBJECTID": 2632, "HSISID": "04092021932", "NAME": "CIRCLE K #2720850", "ADDRESS1": "100 FACTORY SHOPS RD ", "ADDRESS2": null, "CITY": "MORRISVILLE", "STATE": "NC", "POSTALCODE": "27560-8402", "PHONENUMBER": "(919) 467-6009", "RESTAURANTOPENDATE": 1456704000000, "FACILITYTYPE": "2 - Food Stands", "X": -78.81773499, "Y": 35.86082633, "GEOCODESTATUS": "M", "PERMITID": "Not Provided"}}, {"type": "Feature", "id": 2633, "geometry": {"type": "Point", "coordinates": [-78.87633216174311, 35.751851999852406]}, "properties": {"OBJECTID": 2633, "HSISID": "04092021933", "NAME": "CIRCLE K #3795", "ADDRESS1": "1410 W WILLIAMS  ST ", "ADDRESS2": null, "CITY": "APEX", "STATE": "NC", "POSTALCODE": "27523", "PHONENUMBER": "(919) 363-4582", "RESTAURANTOPENDATE": 1456272000000, "FACILITYTYPE": "2 - Food Stands", "X": -78.87632948, "Y": 35.75184494, "GEOCODESTATUS": "M", "PERMITID": "Not Provided"}}, {"type": "Feature", "id": 2634, "geometry": {"type": "Point", "coordinates": [-78.8452793385825, 35.723512173570974]}, "properties": {"OBJECTID": 2634, "HSISID": "04092021934", "NAME": "CIRCLE K #2720457", "ADDRESS1": "705 E WILLIAMS ST ", "ADDRESS2": null, "CITY": "APEX", "STATE": "NC", "POSTALCODE": "27502", "PHONENUMBER": "(919) 362-1164", "RESTAURANTOPENDATE": 1456272000000, "FACILITYTYPE": "2 - Food Stands", "X": -78.84527667, "Y": 35.72350511, "GEOCODESTATUS": "M", "PERMITID": "Not Provided"}}, {"type": "Feature", "id": 2635, "geometry": {"type": "Point", "coordinates": [-78.75810967064695, 35.59678974283573]}, "properties": {"OBJECTID": 2635, "HSISID": "04092021936", "NAME": "CIRCLE K #3146", "ADDRESS1": "1720  N MAIN ST ", "ADDRESS2": null, "CITY": "FUQUAY-VARINA", "STATE": "NC", "POSTALCODE": "27526", "PHONENUMBER": null, "RESTAURANTOPENDATE": 1456358400000, "FACILITYTYPE": "2 - Food Stands", "X": -78.75810704, "Y": 35.59678271, "GEOCODESTATUS": "M", "PERMITID": "Not Provided"}}, {"type": "Feature", "id": 2636, "geometry": {"type": "Point", "coordinates": [-78.8477849993278, 35.8231849945119]}, "properties": {"OBJECTID": 2636, "HSISID": "04092021937", "NAME": "CIRCLE K #3886", "ADDRESS1": "3610 DAVIS DR ", "ADDRESS2": null, "CITY": "MORRISVILLE", "STATE": "NC", "POSTALCODE": "27560", "PHONENUMBER": "(919) 388-8805", "RESTAURANTOPENDATE": 1456704000000, "FACILITYTYPE": "2 - Food Stands", "X": -78.84778232, "Y": 35.82317791, "GEOCODESTATUS": "M", "PERMITID": "Not Provided"}}, {"type": "Feature", "id": 2637, "geometry": {"type": "Point", "coordinates": [-78.8512124074565, 35.725859245581724]}, "properties": {"OBJECTID": 2637, "HSISID": "04092021938", "NAME": "CIRCLE K #3797", "ADDRESS1": "302 E WILLIAMS ST ", "ADDRESS2": null, "CITY": "APEX", "STATE": "NC", "POSTALCODE": "27502", "PHONENUMBER": "(919) 387-3947", "RESTAURANTOPENDATE": 1456272000000, "FACILITYTYPE": "2 - Food Stands", "X": -78.85120974, "Y": 35.72585219, "GEOCODESTATUS": "M", "PERMITID": "Not Provided"}}, {"type": "Feature", "id": 2638, "geometry": {"type": "Point", "coordinates": [-78.70153583798458, 35.747776257466136]}, "properties": {"OBJECTID": 2638, "HSISID": "04092021941", "NAME": "CIRCLE K #2720916", "ADDRESS1": "3721 TRYON RD ", "ADDRESS2": null, "CITY": "RALEIGH", "STATE": "NC", "POSTALCODE": "27606", "PHONENUMBER": "(919) 838-1456", "RESTAURANTOPENDATE": 1455235200000, "FACILITYTYPE": "2 - Food Stands", "X": -78.70153321, "Y": 35.74776919, "GEOCODESTATUS": "M", "PERMITID": "Not Provided"}}, {"type": "Feature", "id": 2903, "geometry": {"type": "Point", "coordinates": [-78.268803103326, 35.81739753160276]}, "properties": {"OBJECTID": 2903, "HSISID": "04092025353", "NAME": "MUDCATS STAND #3", "ADDRESS1": "1501 NC HWY 39 ", "ADDRESS2": null, "CITY": "ZEBULON", "STATE": "NC", "POSTALCODE": "27597", "PHONENUMBER": "(919) 269-2287", "RESTAURANTOPENDATE": 1617062400000, "FACILITYTYPE": "2 - Food Stands", "X": -78.2688006, "Y": 35.81739043, "GEOCODESTATUS": "M", "PERMITID": "Not Provided"}}, {"type": "Feature", "id": 2904, "geometry": {"type": "Point", "coordinates": [-78.268803103326, 35.81739753160276]}, "properties": {"OBJECTID": 2904, "HSISID": "04092025351", "NAME": "MUDCATS STAND #1   MAIN COMMISSARY", "ADDRESS1": "1501  NC HWY 39 ", "ADDRESS2": null, "CITY": "ZEBULON", "STATE": "NC", "POSTALCODE": "27597", "PHONENUMBER": "(919) 269-2287", "RESTAURANTOPENDATE": 1617062400000, "FACILITYTYPE": "2 - Food Stands", "X": -78.2688006, "Y": 35.81739043, "GEOCODESTATUS": "M", "PERMITID": "Not Provided"}}, {"type": "Feature", "id": 2905, "geometry": {"type": "Point", "coordinates": [-78.268803103326, 35.81739753160276]}, "properties": {"OBJECTID": 2905, "HSISID": "04092025354", "NAME": "MUDCATS STAND #4", "ADDRESS1": "1501 NC HWY 39 ", "ADDRESS2": null, "CITY": "ZEBULON", "STATE": "NC", "POSTALCODE": "27597", "PHONENUMBER": "(919) 269-2287", "RESTAURANTOPENDATE": 1617062400000, "FACILITYTYPE": "2 - Food Stands", "X": -78.2688006, "Y": 35.81739043, "GEOCODESTATUS": "M", "PERMITID": "Not Provided"}}, {"type": "Feature", "id": 2906, "geometry": {"type": "Point", "coordinates": [-78.268803103326, 35.81739753160276]}, "properties": {"OBJECTID": 2906, "HSISID": "04092025355", "NAME": "MUDCATS STAND #6", "ADDRESS1": "1501 NC HWY 39 ", "ADDRESS2": null, "CITY": "ZEBULON", "STATE": "NC", "POSTALCODE": "27597", "PHONENUMBER": "(919) 269-2287", "RESTAURANTOPENDATE": 1617062400000, "FACILITYTYPE": "2 - Food Stands", "X": -78.2688006, "Y": 35.81739043, "GEOCODESTATUS": "M", "PERMITID": "Not Provided"}}, {"type": "Feature", "id": 2907, "geometry": {"type": "Point", "coordinates": [-78.4747592166651, 35.81030783743821]}, "properties": {"OBJECTID": 2907, "HSISID": "04092025450", "NAME": "KNIGHTDALE HIGH SCHOOL BASEBALL CONCESIONS", "ADDRESS1": "101 BRYAN CHALK LN ", "ADDRESS2": null, "CITY": "KNIGHTDALE", "STATE": "NC", "POSTALCODE": "27545", "PHONENUMBER": "(984) 234-8298", "RESTAURANTOPENDATE": 1659571200000, "FACILITYTYPE": "2 - Food Stands", "X": -78.47475666, "Y": 35.81030075, "GEOCODESTATUS": "M", "PERMITID": "Not Provided"}}, {"type": "Feature", "id": 2908, "geometry": {"type": "Point", "coordinates": [-78.62990724301919, 35.8214661617814]}, "properties": {"OBJECTID": 2908, "HSISID": "04092028050", "NAME": "CHOP SHOP", "ADDRESS1": "210 E SIX FORKS RD ", "ADDRESS2": null, "CITY": "RALEIGH", "STATE": "NC", "POSTALCODE": "27609", "PHONENUMBER": "(919) 696-4603", "RESTAURANTOPENDATE": 1549843200000, "FACILITYTYPE": "2 - Food Stands", "X": -78.62990463, "Y": 35.82145907, "GEOCODESTATUS": "M", "PERMITID": "Not Provided"}}, {"type": "Feature", "id": 2312, "geometry": {"type": "Point", "coordinates": [-78.7186661650445, 35.86920375425917]}, "properties": {"OBJECTID": 2312, "HSISID": "04092020965", "NAME": "FOOD LION #1557 DELI/BAKERY ", "ADDRESS1": "4827 GROVE BARTON RD ", "ADDRESS2": null, "CITY": "RALEIGH", "STATE": "NC", "POSTALCODE": "27613", "PHONENUMBER": "(919) 781-4437", "RESTAURANTOPENDATE": 962409600000, "FACILITYTYPE": "2 - Food Stands", "X": -78.71866353, "Y": 35.86919666, "GEOCODESTATUS": "M", "PERMITID": "Not Provided"}}, {"type": "Feature", "id": 2313, "geometry": {"type": "Point", "coordinates": [-78.55797200280195, 35.85460617392628]}, "properties": {"OBJECTID": 2313, "HSISID": "04092020973", "NAME": "FOOD LION #1079 DELI", "ADDRESS1": "5621 LOUISBURG RD", "ADDRESS2": null, "CITY": "RALEIGH", "STATE": "NC", "POSTALCODE": "27616-5353", "PHONENUMBER": "(919) 981-0402", "RESTAURANTOPENDATE": 962409600000, "FACILITYTYPE": "2 - Food Stands", "X": -78.55796941, "Y": 35.85459908, "GEOCODESTATUS": "M", "PERMITID": "Not Provided"}}, {"type": "Feature", "id": 2314, "geometry": {"type": "Point", "coordinates": [-78.78312592447953, 35.77218232916313]}, "properties": {"OBJECTID": 2314, "HSISID": "04092020969", "NAME": "FOOD LION #40 DELI ", "ADDRESS1": "980 KILDAIRE FARM RD ", "ADDRESS2": null, "CITY": "CARY", "STATE": "NC", "POSTALCODE": "27511-3923", "PHONENUMBER": "(919) 467-4168", "RESTAURANTOPENDATE": 962409600000, "FACILITYTYPE": "2 - Food Stands", "X": -78.78312327, "Y": 35.77217526, "GEOCODESTATUS": "M", "PERMITID": "Not Provided"}}, {"type": "Feature", "id": 2315, "geometry": {"type": "Point", "coordinates": [-78.57896690735373, 35.845721748873665]}, "properties": {"OBJECTID": 2315, "HSISID": "04092020974", "NAME": "FOOD LION #247 DELI", "ADDRESS1": "4510 CAPITAL BLV ", "ADDRESS2": null, "CITY": "RALEIGH", "STATE": "NC", "POSTALCODE": "27604-4353", "PHONENUMBER": "(919) 876-8126", "RESTAURANTOPENDATE": 962409600000, "FACILITYTYPE": "2 - Food Stands", "X": -78.57896431, "Y": 35.84571465, "GEOCODESTATUS": "M", "PERMITID": "Not Provided"}}, {"type": "Feature", "id": 2316, "geometry": {"type": "Point", "coordinates": [-78.53977333263305, 35.87454967031385]}, "properties": {"OBJECTID": 2316, "HSISID": "04092020976", "NAME": "FOOD LION #1654 DELI", "ADDRESS1": "7440 LOUISBURG RD", "ADDRESS2": null, "CITY": "RALEIGH", "STATE": "NC", "POSTALCODE": "27616-6482", "PHONENUMBER": "(919) 875-1394", "RESTAURANTOPENDATE": 962409600000, "FACILITYTYPE": "2 - Food Stands", "X": -78.53977075, "Y": 35.87454257, "GEOCODESTATUS": "M", "PERMITID": "Not Provided"}}, {"type": "Feature", "id": 2317, "geometry": {"type": "Point", "coordinates": [-78.57953865892802, 35.76725099961572]}, "properties": {"OBJECTID": 2317, "HSISID": "04092020978", "NAME": "FOOD LION #586 DELI", "ADDRESS1": "3416 POOLE RD ", "ADDRESS2": null, "CITY": "RALEIGH", "STATE": "NC", "POSTALCODE": "27610-2918", "PHONENUMBER": "(919) 231-6202", "RESTAURANTOPENDATE": 962409600000, "FACILITYTYPE": "2 - Food Stands", "X": -78.57953607, "Y": 35.76724392, "GEOCODESTATUS": "M", "PERMITID": "Not Provided"}}, {"type": "Feature", "id": 2318, "geometry": {"type": "Point", "coordinates": [-78.61144832651516, 35.79423408950216]}, "properties": {"OBJECTID": 2318, "HSISID": "04092020977", "NAME": "FOOD LION #757 DELI", "ADDRESS1": "1100-122 RALEIGH BLVD ", "ADDRESS2": null, "CITY": "RALEIGH", "STATE": "NC", "POSTALCODE": "27610-1076", "PHONENUMBER": "(919) 829-7077", "RESTAURANTOPENDATE": 962409600000, "FACILITYTYPE": "2 - Food Stands", "X": -78.61144572, "Y": 35.79422701, "GEOCODESTATUS": "M", "PERMITID": "Not Provided"}}, {"type": "Feature", "id": 2319, "geometry": {"type": "Point", "coordinates": [-78.57924165897904, 35.798858162300284]}, "properties": {"OBJECTID": 2319, "HSISID": "04092020979", "NAME": "FOOD LION #1259 DELI", "ADDRESS1": "3685 NEW BERN AVE", "ADDRESS2": null, "CITY": "RALEIGH", "STATE": "NC", "POSTALCODE": "27610-1232", "PHONENUMBER": "(919) 231-7294", "RESTAURANTOPENDATE": 962409600000, "FACILITYTYPE": "2 - Food Stands", "X": -78.57923907, "Y": 35.79885108, "GEOCODESTATUS": "M", "PERMITID": "Not Provided"}}, {"type": "Feature", "id": 2320, "geometry": {"type": "Point", "coordinates": [-78.61481150245729, 35.754831670803355]}, "properties": {"OBJECTID": 2320, "HSISID": "04092020980", "NAME": "FOOD LION #1669 DELI ", "ADDRESS1": "1601 CROSS LINK RD", "ADDRESS2": null, "CITY": "RALEIGH", "STATE": "NC", "POSTALCODE": "27610-4186", "PHONENUMBER": "(919) 633-8250", "RESTAURANTOPENDATE": 962409600000, "FACILITYTYPE": "2 - Food Stands", "X": -78.6148089, "Y": 35.7548246, "GEOCODESTATUS": "M", "PERMITID": "Not Provided"}}, {"type": "Feature", "id": 2321, "geometry": {"type": "Point", "coordinates": [-78.38037525436589, 35.795692005796724]}, "properties": {"OBJECTID": 2321, "HSISID": "04092020982", "NAME": "FOOD LION #815 DELI ", "ADDRESS1": "2837 WENDELL BLV ", "ADDRESS2": null, "CITY": "WENDELL", "STATE": "NC", "POSTALCODE": "27591-6904", "PHONENUMBER": "(919) 365-3002", "RESTAURANTOPENDATE": 962409600000, "FACILITYTYPE": "2 - Food Stands", "X": -78.38037272, "Y": 35.79568491, "GEOCODESTATUS": "M", "PERMITID": "Not Provided"}}, {"type": "Feature", "id": 2322, "geometry": {"type": "Point", "coordinates": [-78.46472708399875, 35.917316580536216]}, "properties": {"OBJECTID": 2322, "HSISID": "04092020984", "NAME": "FOOD LION #669 DELI", "ADDRESS1": "405 S MAIN ST", "ADDRESS2": null, "CITY": "ROLESVILLE", "STATE": "NC", "POSTALCODE": "27571-9664", "PHONENUMBER": "(919) 554-4018", "RESTAURANTOPENDATE": 962409600000, "FACILITYTYPE": "2 - Food Stands", "X": -78.46472452, "Y": 35.91730947, "GEOCODESTATUS": "M", "PERMITID": "Not Provided"}}, {"type": "Feature", "id": 2323, "geometry": {"type": "Point", "coordinates": [-78.60613533566801, 35.685010173839295]}, "properties": {"OBJECTID": 2323, "HSISID": "04092020986", "NAME": "FOOD LION #561 DELI", "ADDRESS1": "217 TIMBER DR", "ADDRESS2": null, "CITY": "GARNER", "STATE": "NC", "POSTALCODE": "27529-4870", "PHONENUMBER": "(919) 779-5551", "RESTAURANTOPENDATE": 962409600000, "FACILITYTYPE": "2 - Food Stands", "X": -78.60613274, "Y": 35.68500311, "GEOCODESTATUS": "M", "PERMITID": "Not Provided"}}, {"type": "Feature", "id": 2324, "geometry": {"type": "Point", "coordinates": [-78.69252658682659, 35.78576399999761]}, "properties": {"OBJECTID": 2324, "HSISID": "04092020989", "NAME": "FOOD LION #1573 DELI", "ADDRESS1": "3926 WESTERN BLVD", "ADDRESS2": null, "CITY": "RALEIGH", "STATE": "NC", "POSTALCODE": "27606-1937", "PHONENUMBER": "(919) 664-8059", "RESTAURANTOPENDATE": 962409600000, "FACILITYTYPE": "2 - Food Stands", "X": -78.69252396, "Y": 35.78575692, "GEOCODESTATUS": "M", "PERMITID": "Not Provided"}}, {"type": "Feature", "id": 2325, "geometry": {"type": "Point", "coordinates": [-78.59044484056034, 35.8231495810768]}, "properties": {"OBJECTID": 2325, "HSISID": "04092020993", "NAME": "FOOD LION #1491 DELI", "ADDRESS1": "3151-113 CAPITAL BLV ", "ADDRESS2": null, "CITY": "RALEIGH", "STATE": "NC", "POSTALCODE": "27604-3335", "PHONENUMBER": "(919) 790-6728", "RESTAURANTOPENDATE": 962409600000, "FACILITYTYPE": "2 - Food Stands", "X": -78.59044224, "Y": 35.82314249, "GEOCODESTATUS": "M", "PERMITID": "Not Provided"}}, {"type": "Feature", "id": 2326, "geometry": {"type": "Point", "coordinates": [-78.6972105840078, 35.76626899384288]}, "properties": {"OBJECTID": 2326, "HSISID": "04092020992", "NAME": "FOOD LION #1454 DELI", "ADDRESS1": "3415 AVENT FERRY RD", "ADDRESS2": null, "CITY": "RALEIGH", "STATE": "NC", "POSTALCODE": "27607", "PHONENUMBER": "(919) 858-9772", "RESTAURANTOPENDATE": 962409600000, "FACILITYTYPE": "2 - Food Stands", "X": -78.69720796, "Y": 35.76626192, "GEOCODESTATUS": "M", "PERMITID": "Not Provided"}}, {"type": "Feature", "id": 2327, "geometry": {"type": "Point", "coordinates": [-78.59988307511415, 35.89224316772374]}, "properties": {"OBJECTID": 2327, "HSISID": "04092020995", "NAME": "FOOD LION #572 DELI", "ADDRESS1": "8320-120 LITCHFORD RD ", "ADDRESS2": null, "CITY": "RALEIGH", "STATE": "NC", "POSTALCODE": "27615-2464", "PHONENUMBER": "(919) 790-8146", "RESTAURANTOPENDATE": 962409600000, "FACILITYTYPE": "2 - Food Stands", "X": -78.59988047, "Y": 35.89223606, "GEOCODESTATUS": "M", "PERMITID": "Not Provided"}}, {"type": "Feature", "id": 2328, "geometry": {"type": "Point", "coordinates": [-78.4900392487515, 35.799831251074416]}, "properties": {"OBJECTID": 2328, "HSISID": "04092020996", "NAME": "FOOD LION #723 DELI ", "ADDRESS1": "7053 KNIGHTDALE BLVD ", "ADDRESS2": null, "CITY": "KNIGHTDALE", "STATE": "NC", "POSTALCODE": "27545-8800", "PHONENUMBER": "(919) 266-5164", "RESTAURANTOPENDATE": 962409600000, "FACILITYTYPE": "2 - Food Stands", "X": -78.49003668, "Y": 35.79982416, "GEOCODESTATUS": "M", "PERMITID": "Not Provided"}}, {"type": "Feature", "id": 2329, "geometry": {"type": "Point", "coordinates": [-78.69742691979866, 35.665091413675235]}, "properties": {"OBJECTID": 2329, "HSISID": "04092020997", "NAME": "FOOD LION #996 DELI", "ADDRESS1": "7971 FAYETTEVILLE RD ", "ADDRESS2": null, "CITY": "RALEIGH", "STATE": "NC", "POSTALCODE": "27603-5631", "PHONENUMBER": "(919) 772-0317", "RESTAURANTOPENDATE": 962409600000, "FACILITYTYPE": "2 - Food Stands", "X": -78.6974243, "Y": 35.66508436, "GEOCODESTATUS": "M", "PERMITID": "Not Provided"}}, {"type": "Feature", "id": 2639, "geometry": {"type": "Point", "coordinates": [-78.69673749666826, 35.76720725703879]}, "properties": {"OBJECTID": 2639, "HSISID": "04092021942", "NAME": "CIRCLE K #2720320", "ADDRESS1": "3289 AVENT FERRY RD ", "ADDRESS2": null, "CITY": "RALEIGH", "STATE": "NC", "POSTALCODE": "27606", "PHONENUMBER": "(919) 851-4889", "RESTAURANTOPENDATE": 1455235200000, "FACILITYTYPE": "2 - Food Stands", "X": -78.69673487, "Y": 35.76720018, "GEOCODESTATUS": "M", "PERMITID": "Not Provided"}}, {"type": "Feature", "id": 2640, "geometry": {"type": "Point", "coordinates": [-78.73858732920056, 35.74524474287575]}, "properties": {"OBJECTID": 2640, "HSISID": "04092021943", "NAME": "CIRCLE K #2720823", "ADDRESS1": "5801  TRYON  RD ", "ADDRESS2": null, "CITY": "CARY", "STATE": "NC", "POSTALCODE": "27518", "PHONENUMBER": "(919) 859-5800", "RESTAURANTOPENDATE": 1455667200000, "FACILITYTYPE": "2 - Food Stands", "X": -78.73858469, "Y": 35.74523768, "GEOCODESTATUS": "M", "PERMITID": "Not Provided"}}, {"type": "Feature", "id": 2641, "geometry": {"type": "Point", "coordinates": [-78.76310866779623, 35.74509249700026]}, "properties": {"OBJECTID": 2641, "HSISID": "04092021944", "NAME": "CIRCLE K #2720914", "ADDRESS1": "1001 SE CARY PKY ", "ADDRESS2": null, "CITY": "CARY", "STATE": "NC", "POSTALCODE": "27518", "PHONENUMBER": "(919) 851-6683", "RESTAURANTOPENDATE": 1455667200000, "FACILITYTYPE": "2 - Food Stands", "X": -78.76310602, "Y": 35.74508543, "GEOCODESTATUS": "M", "PERMITID": "Not Provided"}}, {"type": "Feature", "id": 2642, "geometry": {"type": "Point", "coordinates": [-78.58499984062249, 35.83185341870963]}, "properties": {"OBJECTID": 2642, "HSISID": "04092021946", "NAME": "CIRCLE K #2723475", "ADDRESS1": "3741 CAPITAL BLVD ", "ADDRESS2": null, "CITY": "RALEIGH", "STATE": "NC", "POSTALCODE": "27604-3329", "PHONENUMBER": "(919) 875-0098", "RESTAURANTOPENDATE": 1456099200000, "FACILITYTYPE": "2 - Food Stands", "X": -78.58499725, "Y": 35.83184633, "GEOCODESTATUS": "M", "PERMITID": "Not Provided"}}, {"type": "Feature", "id": 2643, "geometry": {"type": "Point", "coordinates": [-78.7927865865394, 35.70190208344232]}, "properties": {"OBJECTID": 2643, "HSISID": "04092021947", "NAME": "HARRIS TEETER #331 STARBUCKS", "ADDRESS1": "3430 TEN TEN RD ", "ADDRESS2": null, "CITY": "CARY", "STATE": "NC", "POSTALCODE": "27518", "PHONENUMBER": "(391) 938-8272", "RESTAURANTOPENDATE": 1456444800000, "FACILITYTYPE": "2 - Food Stands", "X": -78.79278394, "Y": 35.70189503, "GEOCODESTATUS": "M", "PERMITID": "Not Provided"}}, {"type": "Feature", "id": 2644, "geometry": {"type": "Point", "coordinates": [-78.54189599124753, 35.97777791072523]}, "properties": {"OBJECTID": 2644, "HSISID": "04092021948", "NAME": "CIRCLE K #23118", "ADDRESS1": "919 DURHAM RD ", "ADDRESS2": null, "CITY": "WAKE FOREST", "STATE": "NC", "POSTALCODE": "27587", "PHONENUMBER": "(919) 562-7823", "RESTAURANTOPENDATE": 1456876800000, "FACILITYTYPE": "2 - Food Stands", "X": -78.5418934, "Y": 35.97777079, "GEOCODESTATUS": "M", "PERMITID": "Not Provided"}}, {"type": "Feature", "id": 2645, "geometry": {"type": "Point", "coordinates": [-78.68016450011572, 35.87266724570414]}, "properties": {"OBJECTID": 2645, "HSISID": "04092021949", "NAME": "CIRCLE K#2723100", "ADDRESS1": "6317 CREEDMOOR RD ", "ADDRESS2": null, "CITY": "RALEIGH", "STATE": "NC", "POSTALCODE": "27612-6709", "PHONENUMBER": "(919) 870-1108", "RESTAURANTOPENDATE": 1458086400000, "FACILITYTYPE": "2 - Food Stands", "X": -78.68016187, "Y": 35.87266015, "GEOCODESTATUS": "M", "PERMITID": "Not Provided"}}, {"type": "Feature", "id": 2646, "geometry": {"type": "Point", "coordinates": [-78.601656662129, 35.89133291069528]}, "properties": {"OBJECTID": 2646, "HSISID": "04092021950", "NAME": "CIRCLE K #2720869", "ADDRESS1": "8500 HARPS MILL RD ", "ADDRESS2": null, "CITY": "RALEIGH", "STATE": "NC", "POSTALCODE": "27615-3834", "PHONENUMBER": "(919) 872-0614", "RESTAURANTOPENDATE": 1458086400000, "FACILITYTYPE": "2 - Food Stands", "X": -78.60165406, "Y": 35.89132581, "GEOCODESTATUS": "M", "PERMITID": "Not Provided"}}, {"type": "Feature", "id": 2647, "geometry": {"type": "Point", "coordinates": [-78.61109707520035, 35.83929616745854]}, "properties": {"OBJECTID": 2647, "HSISID": "04092021951", "NAME": "CIRCLE K #2723098", "ADDRESS1": "4302 WAKE FOREST RD ", "ADDRESS2": null, "CITY": "RALEIGH", "STATE": "NC", "POSTALCODE": "27609", "PHONENUMBER": "(919) 878-0864", "RESTAURANTOPENDATE": 1458259200000, "FACILITYTYPE": "2 - Food Stands", "X": -78.61109447, "Y": 35.83928907, "GEOCODESTATUS": "M", "PERMITID": "Not Provided"}}, {"type": "Feature", "id": 2648, "geometry": {"type": "Point", "coordinates": [-78.82726958422327, 35.74642474811397]}, "properties": {"OBJECTID": 2648, "HSISID": "04092021952", "NAME": "COSTCO WHOLESALE #1206 MEAT", "ADDRESS1": "1021 PINE PLAZA DR ", "ADDRESS2": null, "CITY": "APEX", "STATE": "NC", "POSTALCODE": "27523", "PHONENUMBER": "(919) 331-6035", "RESTAURANTOPENDATE": 1457913600000, "FACILITYTYPE": "2 - Food Stands", "X": -78.82726692, "Y": 35.74641768, "GEOCODESTATUS": "M", "PERMITID": "Not Provided"}}, {"type": "Feature", "id": 2649, "geometry": {"type": "Point", "coordinates": [-78.82726958422327, 35.74642474811397]}, "properties": {"OBJECTID": 2649, "HSISID": "04092021953", "NAME": "COSTCO WHOLESALE #1206 ROTISSERIE/DELI", "ADDRESS1": "1021 PINE PLAZA DR ", "ADDRESS2": null, "CITY": "APEX", "STATE": "NC", "POSTALCODE": "27523", "PHONENUMBER": "(919) 331-6035", "RESTAURANTOPENDATE": 1457913600000, "FACILITYTYPE": "2 - Food Stands", "X": -78.82726692, "Y": 35.74641768, "GEOCODESTATUS": "M", "PERMITID": "Not Provided"}}, {"type": "Feature", "id": 2650, "geometry": {"type": "Point", "coordinates": [-78.60613533566801, 35.685010173839295]}, "properties": {"OBJECTID": 2650, "HSISID": "04092021916", "NAME": "FOOD LION #561 PRODUCE", "ADDRESS1": "217 TIMBER DR ", "ADDRESS2": null, "CITY": "GARNER", "STATE": "NC", "POSTALCODE": "27529", "PHONENUMBER": "(919) 779-5551", "RESTAURANTOPENDATE": 1447286400000, "FACILITYTYPE": "2 - Food Stands", "X": -78.60613274, "Y": 35.68500311, "GEOCODESTATUS": "M", "PERMITID": "Not Provided"}}, {"type": "Feature", "id": 2651, "geometry": {"type": "Point", "coordinates": [-78.52179549640289, 35.67703458097237]}, "properties": {"OBJECTID": 2651, "HSISID": "04092021959", "NAME": "LAS CAROLINAS GROCERY   GRILL", "ADDRESS1": "4905 GUY RD ", "ADDRESS2": null, "CITY": "CLAYTON", "STATE": "NC", "POSTALCODE": "27520", "PHONENUMBER": "(919) 359-0089", "RESTAURANTOPENDATE": 1463443200000, "FACILITYTYPE": "2 - Food Stands", "X": -78.52179293, "Y": 35.67702752, "GEOCODESTATUS": "M", "PERMITID": "Not Provided"}}, {"type": "Feature", "id": 2652, "geometry": {"type": "Point", "coordinates": [-78.75415682549723, 35.78748029551176]}, "properties": {"OBJECTID": 2652, "HSISID": "04092021737", "NAME": "HUSTLE HOUSE", "ADDRESS1": "200 SOCCER PARK DR ", "ADDRESS2": null, "CITY": "CARY", "STATE": "NC", "POSTALCODE": "27511", "PHONENUMBER": "(919) 452-8931", "RESTAURANTOPENDATE": 1361318400000, "FACILITYTYPE": "2 - Food Stands", "X": -78.75415418, "Y": 35.78747322, "GEOCODESTATUS": "M", "PERMITID": "Not Provided"}}, {"type": "Feature", "id": 2653, "geometry": {"type": "Point", "coordinates": [-78.73871732686946, 35.76065349732471]}, "properties": {"OBJECTID": 2653, "HSISID": "04092021954", "NAME": "EDIBLE ARRANGEMENTS #365-CARY", "ADDRESS1": "207 CROSSROADS BLVD ", "ADDRESS2": null, "CITY": "CARY", "STATE": "NC", "POSTALCODE": "27511", "PHONENUMBER": "(919) 851-7065", "RESTAURANTOPENDATE": 1460678400000, "FACILITYTYPE": "2 - Food Stands", "X": -78.73871469, "Y": 35.76064643, "GEOCODESTATUS": "M", "PERMITID": "Not Provided"}}, {"type": "Feature", "id": 2654, "geometry": {"type": "Point", "coordinates": [-78.79652549975759, 35.707121329408686]}, "properties": {"OBJECTID": 2654, "HSISID": "04092021961", "NAME": "PUBLIX #1520 MEAT/SEAFOOD", "ADDRESS1": "3480 KILDAIRE FARM RD ", "ADDRESS2": null, "CITY": "CARY", "STATE": "NC", "POSTALCODE": "27518", "PHONENUMBER": "(919) 303-4024", "RESTAURANTOPENDATE": 1463961600000, "FACILITYTYPE": "2 - Food Stands", "X": -78.79652285, "Y": 35.70711427, "GEOCODESTATUS": "M", "PERMITID": "Not Provided"}}, {"type": "Feature", "id": 2655, "geometry": {"type": "Point", "coordinates": [-78.79652549975759, 35.707121329408686]}, "properties": {"OBJECTID": 2655, "HSISID": "04092021962", "NAME": "PUBLIX #1520 PRODUCE", "ADDRESS1": "3480 KILDAIRE FARM RD ", "ADDRESS2": null, "CITY": "CARY", "STATE": "NC", "POSTALCODE": "27518", "PHONENUMBER": "(919) 303-4024", "RESTAURANTOPENDATE": 1463961600000, "FACILITYTYPE": "2 - Food Stands", "X": -78.79652285, "Y": 35.70711427, "GEOCODESTATUS": "M", "PERMITID": "Not Provided"}}, {"type": "Feature", "id": 2656, "geometry": {"type": "Point", "coordinates": [-78.80041282924272, 35.59819424550508]}, "properties": {"OBJECTID": 2656, "HSISID": "04092021966", "NAME": "SPEEDWAY #8291", "ADDRESS1": "100 BROAD ST ", "ADDRESS2": null, "CITY": "FUQUAY-VARINA", "STATE": "NC", "POSTALCODE": "27526", "PHONENUMBER": "(919) 557-9480", "RESTAURANTOPENDATE": 1463616000000, "FACILITYTYPE": "2 - Food Stands", "X": -78.80041018, "Y": 35.59818721, "GEOCODESTATUS": "M", "PERMITID": "Not Provided"}}, {"type": "Feature", "id": 2657, "geometry": {"type": "Point", "coordinates": [-78.79652549975759, 35.707121329408686]}, "properties": {"OBJECTID": 2657, "HSISID": "04092021963", "NAME": "PUBLIX #1520 DELI", "ADDRESS1": "3480 KILDAIRE FARM RD ", "ADDRESS2": null, "CITY": "CARY", "STATE": "NC", "POSTALCODE": "27518", "PHONENUMBER": "(919) 303-4024", "RESTAURANTOPENDATE": 1463961600000, "FACILITYTYPE": "2 - Food Stands", "X": -78.79652285, "Y": 35.70711427, "GEOCODESTATUS": "M", "PERMITID": "Not Provided"}}, {"type": "Feature", "id": 2330, "geometry": {"type": "Point", "coordinates": [-78.73773884062439, 35.7436157425119]}, "properties": {"OBJECTID": 2330, "HSISID": "04092020998", "NAME": "FOOD LION #816 DELI", "ADDRESS1": "2861 JONES FRANKLIN RD ", "ADDRESS2": null, "CITY": "RALEIGH", "STATE": "NC", "POSTALCODE": "27606-4346", "PHONENUMBER": "(919) 233-9708", "RESTAURANTOPENDATE": 962409600000, "FACILITYTYPE": "2 - Food Stands", "X": -78.7377362, "Y": 35.74360868, "GEOCODESTATUS": "M", "PERMITID": "Not Provided"}}, {"type": "Feature", "id": 2331, "geometry": {"type": "Point", "coordinates": [-78.8777100003445, 35.75965365877766]}, "properties": {"OBJECTID": 2331, "HSISID": "04092020999", "NAME": "FOOD LION #1496 DELI ", "ADDRESS1": "1777 W WILLIAMS ST ", "ADDRESS2": null, "CITY": "APEX", "STATE": "NC", "POSTALCODE": "27502", "PHONENUMBER": "(919) 392-1986", "RESTAURANTOPENDATE": 978220800000, "FACILITYTYPE": "2 - Food Stands", "X": -78.87770732, "Y": 35.75964659, "GEOCODESTATUS": "M", "PERMITID": "Not Provided"}}, {"type": "Feature", "id": 2332, "geometry": {"type": "Point", "coordinates": [-78.68034466728845, 35.74406792233418]}, "properties": {"OBJECTID": 2332, "HSISID": "04092021001", "NAME": "FOOD LION #649 DELI ", "ADDRESS1": "2720 LAKE WHEELER RD ", "ADDRESS2": null, "CITY": "RALEIGH", "STATE": "NC", "POSTALCODE": "27603-5861", "PHONENUMBER": "(919) 755-3856", "RESTAURANTOPENDATE": 962409600000, "FACILITYTYPE": "2 - Food Stands", "X": -78.68034205, "Y": 35.74406085, "GEOCODESTATUS": "M", "PERMITID": "Not Provided"}}, {"type": "Feature", "id": 2333, "geometry": {"type": "Point", "coordinates": [-78.77764425378835, 35.59048166464749]}, "properties": {"OBJECTID": 2333, "HSISID": "04092021003", "NAME": "FOOD LION #434 DELI", "ADDRESS1": "1338 N MAIN ST ", "ADDRESS2": null, "CITY": "FUQUAY-VARINA", "STATE": "NC", "POSTALCODE": "27526-2617", "PHONENUMBER": "(919) 552-1388", "RESTAURANTOPENDATE": 962409600000, "FACILITYTYPE": "2 - Food Stands", "X": -78.77764161, "Y": 35.59047463, "GEOCODESTATUS": "M", "PERMITID": "Not Provided"}}, {"type": "Feature", "id": 2334, "geometry": {"type": "Point", "coordinates": [-78.83687233236992, 35.65966634063028]}, "properties": {"OBJECTID": 2334, "HSISID": "04092021004", "NAME": "FOOD LION #938 DELI ", "ADDRESS1": "517 N MAIN ST ", "ADDRESS2": null, "CITY": "HOLLY SPRINGS", "STATE": "NC", "POSTALCODE": "27540-9397", "PHONENUMBER": "(919) 557-1175", "RESTAURANTOPENDATE": 962409600000, "FACILITYTYPE": "2 - Food Stands", "X": -78.83686967, "Y": 35.65965929, "GEOCODESTATUS": "M", "PERMITID": "Not Provided"}}, {"type": "Feature", "id": 2335, "geometry": {"type": "Point", "coordinates": [-78.7259125897135, 35.62515774318088]}, "properties": {"OBJECTID": 2335, "HSISID": "04092021005", "NAME": "FOOD LION #1589 DELI ", "ADDRESS1": "3417 N MAIN ST", "ADDRESS2": null, "CITY": "FUQUAY-VARINA", "STATE": "NC", "POSTALCODE": "27526-7257", "PHONENUMBER": "(919) 557-0555", "RESTAURANTOPENDATE": 962409600000, "FACILITYTYPE": "2 - Food Stands", "X": -78.72590996, "Y": 35.6251507, "GEOCODESTATUS": "M", "PERMITID": "Not Provided"}}, {"type": "Feature", "id": 2336, "geometry": {"type": "Point", "coordinates": [-78.6406001651199, 35.85500108413854]}, "properties": {"OBJECTID": 2336, "HSISID": "04092021009", "NAME": "FOOD LION #1482 MEAT MARKET", "ADDRESS1": "5426 SIX FORKS RD", "ADDRESS2": null, "CITY": "RALEIGH", "STATE": "NC", "POSTALCODE": "27609-4436", "PHONENUMBER": "(919) 676-3386", "RESTAURANTOPENDATE": 962409600000, "FACILITYTYPE": "2 - Food Stands", "X": -78.64059755, "Y": 35.85499399, "GEOCODESTATUS": "M", "PERMITID": "Not Provided"}}, {"type": "Feature", "id": 2337, "geometry": {"type": "Point", "coordinates": [-78.6406001651199, 35.85500108413854]}, "properties": {"OBJECTID": 2337, "HSISID": "04092021010", "NAME": "FOOD LION #1482 DELI", "ADDRESS1": "5426 SIX FORKS RD", "ADDRESS2": null, "CITY": "RALEIGH", "STATE": "NC", "POSTALCODE": "27609-4436", "PHONENUMBER": "(919) 676-3386", "RESTAURANTOPENDATE": 962409600000, "FACILITYTYPE": "2 - Food Stands", "X": -78.64059755, "Y": 35.85499399, "GEOCODESTATUS": "M", "PERMITID": "Not Provided"}}, {"type": "Feature", "id": 2338, "geometry": {"type": "Point", "coordinates": [-78.82085834054683, 35.7636499105793]}, "properties": {"OBJECTID": 2338, "HSISID": "04092021013", "NAME": "FOOD LION #624 DELI ", "ADDRESS1": "2458 SW CARY PKY ", "ADDRESS2": null, "CITY": "CARY", "STATE": "NC", "POSTALCODE": "27513-5318", "PHONENUMBER": "(919) 481-1822", "RESTAURANTOPENDATE": 962409600000, "FACILITYTYPE": "2 - Food Stands", "X": -78.82085568, "Y": 35.76364284, "GEOCODESTATUS": "M", "PERMITID": "Not Provided"}}, {"type": "Feature", "id": 2339, "geometry": {"type": "Point", "coordinates": [-78.61339665929484, 35.840970083257865]}, "properties": {"OBJECTID": 2339, "HSISID": "04092021011", "NAME": "FOOD LION #90 DELI", "ADDRESS1": "4317 FALLS OF NEUSE RD", "ADDRESS2": null, "CITY": "RALEIGH", "STATE": "NC", "POSTALCODE": "27609-6283", "PHONENUMBER": "(919) 872-5376", "RESTAURANTOPENDATE": 962409600000, "FACILITYTYPE": "2 - Food Stands", "X": -78.61339405, "Y": 35.84096299, "GEOCODESTATUS": "M", "PERMITID": "Not Provided"}}, {"type": "Feature", "id": 2340, "geometry": {"type": "Point", "coordinates": [-78.65568774264088, 35.902780826243585]}, "properties": {"OBJECTID": 2340, "HSISID": "04092021032", "NAME": "LOWES FOODS #191 DELI", "ADDRESS1": "9600 STRICKLAND RD ", "ADDRESS2": null, "CITY": "RALEIGH", "STATE": "NC", "POSTALCODE": "27615-1937", "PHONENUMBER": "(919) 847-5661", "RESTAURANTOPENDATE": 965088000000, "FACILITYTYPE": "2 - Food Stands", "X": -78.65568512, "Y": 35.90277372, "GEOCODESTATUS": "M", "PERMITID": "Not Provided"}}, {"type": "Feature", "id": 2341, "geometry": {"type": "Point", "coordinates": [-78.72548374824741, 35.89676899399455]}, "properties": {"OBJECTID": 2341, "HSISID": "04092021036", "NAME": "FOOD LION #536 DELI ", "ADDRESS1": "9101 LEESVILLE RD ", "ADDRESS2": null, "CITY": "RALEIGH", "STATE": "NC", "POSTALCODE": "27613-4091", "PHONENUMBER": "(919) 848-6082", "RESTAURANTOPENDATE": 969580800000, "FACILITYTYPE": "2 - Food Stands", "X": -78.72548111, "Y": 35.89676189, "GEOCODESTATUS": "M", "PERMITID": "Not Provided"}}, {"type": "Feature", "id": 2342, "geometry": {"type": "Point", "coordinates": [-78.58721325440337, 35.82375375394796]}, "properties": {"OBJECTID": 2342, "HSISID": "04092021045", "NAME": "COOK OUT", "ADDRESS1": "3244 CAPITAL BLVD ", "ADDRESS2": null, "CITY": "RALEIGH", "STATE": "NC", "POSTALCODE": "27604-3338", "PHONENUMBER": "(919) 862-8281", "RESTAURANTOPENDATE": 976233600000, "FACILITYTYPE": "2 - Food Stands", "X": -78.58721066, "Y": 35.82374666, "GEOCODESTATUS": "M", "PERMITID": "Not Provided"}}, {"type": "Feature", "id": 2343, "geometry": {"type": "Point", "coordinates": [-78.58228983481195, 35.8843776704746]}, "properties": {"OBJECTID": 2343, "HSISID": "04092021046", "NAME": "SPECIALTY SOUTH COMMISSARY", "ADDRESS1": "3200 GRESHAM LAKE RD", "ADDRESS2": "STE 117", "CITY": "RALEIGH", "STATE": "NC", "POSTALCODE": "27615", "PHONENUMBER": "(919) 621-4545", "RESTAURANTOPENDATE": 979171200000, "FACILITYTYPE": "2 - Food Stands", "X": -78.58228724, "Y": 35.88437057, "GEOCODESTATUS": "M", "PERMITID": "Not Provided"}}, {"type": "Feature", "id": 2344, "geometry": {"type": "Point", "coordinates": [-78.68200916459428, 35.85880017380762]}, "properties": {"OBJECTID": 2344, "HSISID": "04092021055", "NAME": "FOOD LION #193 DELI", "ADDRESS1": "5633 CREEDMOOR RD", "ADDRESS2": null, "CITY": "RALEIGH", "STATE": "NC", "POSTALCODE": "27612-6316", "PHONENUMBER": "(919) 781-0597", "RESTAURANTOPENDATE": 983145600000, "FACILITYTYPE": "2 - Food Stands", "X": -78.68200654, "Y": 35.85879308, "GEOCODESTATUS": "M", "PERMITID": "Not Provided"}}, {"type": "Feature", "id": 2345, "geometry": {"type": "Point", "coordinates": [-78.72593858375608, 35.90879391586435]}, "properties": {"OBJECTID": 2345, "HSISID": "04092021058", "NAME": "HARRIS TEETER #90 PRODUCE ", "ADDRESS1": "13210 STRICKLAND RD ", "ADDRESS2": null, "CITY": "RALEIGH", "STATE": "NC", "POSTALCODE": "27613-7536", "PHONENUMBER": "(919) 676-3534", "RESTAURANTOPENDATE": 984614400000, "FACILITYTYPE": "2 - Food Stands", "X": -78.72593594, "Y": 35.90878681, "GEOCODESTATUS": "M", "PERMITID": "Not Provided"}}, {"type": "Feature", "id": 2346, "geometry": {"type": "Point", "coordinates": [-78.62236974306103, 35.87165958093395]}, "properties": {"OBJECTID": 2346, "HSISID": "04092021056", "NAME": "COOK OUT #13", "ADDRESS1": "6505 FALLS OF NEUSE RD ", "ADDRESS2": null, "CITY": "RALEIGH", "STATE": "NC", "POSTALCODE": "27615-6814", "PHONENUMBER": "(919) 862-8830", "RESTAURANTOPENDATE": 982886400000, "FACILITYTYPE": "2 - Food Stands", "X": -78.62236713, "Y": 35.87165248, "GEOCODESTATUS": "M", "PERMITID": "Not Provided"}}, {"type": "Feature", "id": 2347, "geometry": {"type": "Point", "coordinates": [-78.72593858375608, 35.90879391586435]}, "properties": {"OBJECTID": 2347, "HSISID": "04092021059", "NAME": "HARRIS TEETER #90 MEAT MARKET", "ADDRESS1": "13210 STRICKLAND RD ", "ADDRESS2": null, "CITY": "RALEIGH", "STATE": "NC", "POSTALCODE": "27613-7536", "PHONENUMBER": "(919) 676-3534", "RESTAURANTOPENDATE": 984614400000, "FACILITYTYPE": "2 - Food Stands", "X": -78.72593594, "Y": 35.90878681, "GEOCODESTATUS": "M", "PERMITID": "Not Provided"}}, {"type": "Feature", "id": 2658, "geometry": {"type": "Point", "coordinates": [-78.68548450636678, 35.941905083404855]}, "properties": {"OBJECTID": 2658, "HSISID": "04092021969", "NAME": "SPEEDWAY #6989", "ADDRESS1": "10920 CREEDMOOR RD ", "ADDRESS2": null, "CITY": "RALEIGH", "STATE": "NC", "POSTALCODE": "27615", "PHONENUMBER": "(919) 870-6057", "RESTAURANTOPENDATE": 1469664000000, "FACILITYTYPE": "2 - Food Stands", "X": -78.68548187, "Y": 35.94189797, "GEOCODESTATUS": "M", "PERMITID": "Not Provided"}}, {"type": "Feature", "id": 2659, "geometry": {"type": "Point", "coordinates": [-78.64945317421062, 35.74979041367226]}, "properties": {"OBJECTID": 2659, "HSISID": "04092021970", "NAME": "CIRCLE K #2723303", "ADDRESS1": "2506 S SAUNDERS ST ", "ADDRESS2": null, "CITY": "RALEIGH", "STATE": "NC", "POSTALCODE": "27603", "PHONENUMBER": "(919) 743-0128", "RESTAURANTOPENDATE": 1471910400000, "FACILITYTYPE": "2 - Food Stands", "X": -78.64945056, "Y": 35.74978334, "GEOCODESTATUS": "M", "PERMITID": "Not Provided"}}, {"type": "Feature", "id": 2660, "geometry": {"type": "Point", "coordinates": [-78.53863083558925, 35.956763915899344]}, "properties": {"OBJECTID": 2660, "HSISID": "04092021971", "NAME": "SAM'S CLUB #6976 ROTISSERIE", "ADDRESS1": "11460 ROYAL COTTON RD ", "ADDRESS2": null, "CITY": "WAKE FOREST", "STATE": "NC", "POSTALCODE": "27587", "PHONENUMBER": "(919) 263-6134", "RESTAURANTOPENDATE": 1471824000000, "FACILITYTYPE": "2 - Food Stands", "X": -78.53862825, "Y": 35.9567568, "GEOCODESTATUS": "M", "PERMITID": "Not Provided"}}, {"type": "Feature", "id": 2661, "geometry": {"type": "Point", "coordinates": [-78.53863083558925, 35.956763915899344]}, "properties": {"OBJECTID": 2661, "HSISID": "04092021973", "NAME": "SAM'S CLUB #6976 DELI", "ADDRESS1": "11460 ROYAL COTTON RD ", "ADDRESS2": null, "CITY": "WAKE FOREST", "STATE": "NC", "POSTALCODE": "27587", "PHONENUMBER": "(919) 263-6134", "RESTAURANTOPENDATE": 1471824000000, "FACILITYTYPE": "2 - Food Stands", "X": -78.53862825, "Y": 35.9567568, "GEOCODESTATUS": "M", "PERMITID": "Not Provided"}}, {"type": "Feature", "id": 2662, "geometry": {"type": "Point", "coordinates": [-78.5075985837886, 35.94611683231546]}, "properties": {"OBJECTID": 2662, "HSISID": "04092021974", "NAME": "PUBLIX #1514 PRODUCE", "ADDRESS1": "1030 FORESTVILLE RD ", "ADDRESS2": null, "CITY": "WAKE FOREST", "STATE": "NC", "POSTALCODE": "27587", "PHONENUMBER": "(919) 556-6671", "RESTAURANTOPENDATE": 1472515200000, "FACILITYTYPE": "2 - Food Stands", "X": -78.50759601, "Y": 35.94610971, "GEOCODESTATUS": "M", "PERMITID": "Not Provided"}}, {"type": "Feature", "id": 2663, "geometry": {"type": "Point", "coordinates": [-78.5075985837886, 35.94611683231546]}, "properties": {"OBJECTID": 2663, "HSISID": "04092021975", "NAME": "PUBLIX #1514 SEAFOOD", "ADDRESS1": "1030 FORESTVILLE RD ", "ADDRESS2": null, "CITY": "WAKE FOREST", "STATE": "NC", "POSTALCODE": "27587", "PHONENUMBER": "(919) 556-6671", "RESTAURANTOPENDATE": 1472515200000, "FACILITYTYPE": "2 - Food Stands", "X": -78.50759601, "Y": 35.94610971, "GEOCODESTATUS": "M", "PERMITID": "Not Provided"}}, {"type": "Feature", "id": 2664, "geometry": {"type": "Point", "coordinates": [-78.58124217307034, 35.72578724531575]}, "properties": {"OBJECTID": 2664, "HSISID": "04092021977", "NAME": "SPEEDWAY #6962", "ADDRESS1": "4020 JONES SAUSAGE RD ", "ADDRESS2": null, "CITY": "GARNER", "STATE": "NC", "POSTALCODE": "27529", "PHONENUMBER": "(919) 662-4020", "RESTAURANTOPENDATE": 1473206400000, "FACILITYTYPE": "2 - Food Stands", "X": -78.58123958, "Y": 35.72578018, "GEOCODESTATUS": "M", "PERMITID": "Not Provided"}}, {"type": "Feature", "id": 2665, "geometry": {"type": "Point", "coordinates": [-78.7684863346644, 35.83028733551062]}, "properties": {"OBJECTID": 2665, "HSISID": "04092021980", "NAME": "CIRCLE K #2720816", "ADDRESS1": "1807 N HARRISON AVE ", "ADDRESS2": null, "CITY": "CARY", "STATE": "NC", "POSTALCODE": "27513", "PHONENUMBER": "(919) 677-1808", "RESTAURANTOPENDATE": 1475193600000, "FACILITYTYPE": "2 - Food Stands", "X": -78.76848368, "Y": 35.83028025, "GEOCODESTATUS": "M", "PERMITID": "Not Provided"}}, {"type": "Feature", "id": 2666, "geometry": {"type": "Point", "coordinates": [-78.8271615004277, 35.83265433501349]}, "properties": {"OBJECTID": 2666, "HSISID": "04092021982", "NAME": "SANGAM CAFE", "ADDRESS1": "10300 CHAPEL HILL RD ", "ADDRESS2": "SUITE 600/700", "CITY": "MORRISVILLE", "STATE": "NC", "POSTALCODE": "27560", "PHONENUMBER": "(919) 460-4300", "RESTAURANTOPENDATE": 1475193600000, "FACILITYTYPE": "2 - Food Stands", "X": -78.82715883, "Y": 35.83264725, "GEOCODESTATUS": "M", "PERMITID": "Not Provided"}}, {"type": "Feature", "id": 2667, "geometry": {"type": "Point", "coordinates": [-78.84865825132587, 35.78922774315409]}, "properties": {"OBJECTID": 2667, "HSISID": "04092021987", "NAME": "SGD TOFU HOUSE", "ADDRESS1": "1961 HIGH HOUSE RD ", "ADDRESS2": null, "CITY": "CARY", "STATE": "NC", "POSTALCODE": "27519", "PHONENUMBER": "(919) 535-5900", "RESTAURANTOPENDATE": 1482364800000, "FACILITYTYPE": "2 - Food Stands", "X": -78.84865558, "Y": 35.78922067, "GEOCODESTATUS": "M", "PERMITID": "Not Provided"}}, {"type": "Feature", "id": 2668, "geometry": {"type": "Point", "coordinates": [-78.64297940776801, 35.83719807824667]}, "properties": {"OBJECTID": 2668, "HSISID": "04092021981", "NAME": "SMOOTHIE KING #1358", "ADDRESS1": "4120-110 MAIN AT NORTH HILLS ST ", "ADDRESS2": null, "CITY": "RALEIGH", "STATE": "NC", "POSTALCODE": "27609", "PHONENUMBER": "(984) 269-7823", "RESTAURANTOPENDATE": 1474934400000, "FACILITYTYPE": "2 - Food Stands", "X": -78.64297679, "Y": 35.83719099, "GEOCODESTATUS": "M", "PERMITID": "Not Provided"}}, {"type": "Feature", "id": 2669, "geometry": {"type": "Point", "coordinates": [-78.84865825132587, 35.78922774315409]}, "properties": {"OBJECTID": 2669, "HSISID": "04092021992", "NAME": "H MART KANGNAM TOWN", "ADDRESS1": "1961 HIGH HOUSE RD ", "ADDRESS2": null, "CITY": "CARY", "STATE": "NC", "POSTALCODE": "27519", "PHONENUMBER": "(919) 535-5900", "RESTAURANTOPENDATE": 1482364800000, "FACILITYTYPE": "2 - Food Stands", "X": -78.84865558, "Y": 35.78922067, "GEOCODESTATUS": "M", "PERMITID": "Not Provided"}}, {"type": "Feature", "id": 2670, "geometry": {"type": "Point", "coordinates": [-78.84865825132587, 35.78922774315409]}, "properties": {"OBJECTID": 2670, "HSISID": "04092021993", "NAME": "H MART DON-DON", "ADDRESS1": "1961 HIGH HOUSE RD ", "ADDRESS2": null, "CITY": "CARY", "STATE": "NC", "POSTALCODE": "27519", "PHONENUMBER": "(919) 535-5900", "RESTAURANTOPENDATE": 1482364800000, "FACILITYTYPE": "2 - Food Stands", "X": -78.84865558, "Y": 35.78922067, "GEOCODESTATUS": "M", "PERMITID": "Not Provided"}}, {"type": "Feature", "id": 2671, "geometry": {"type": "Point", "coordinates": [-78.84865825132587, 35.78922774315409]}, "properties": {"OBJECTID": 2671, "HSISID": "04092021994", "NAME": "H MART RTC DEPARTMENT", "ADDRESS1": "1961 HIGH HOUSE RD ", "ADDRESS2": null, "CITY": "CARY", "STATE": "NC", "POSTALCODE": "27519", "PHONENUMBER": "(919) 535-5900", "RESTAURANTOPENDATE": 1482364800000, "FACILITYTYPE": "2 - Food Stands", "X": -78.84865558, "Y": 35.78922067, "GEOCODESTATUS": "M", "PERMITID": "Not Provided"}}, {"type": "Feature", "id": 2672, "geometry": {"type": "Point", "coordinates": [-78.84865825132587, 35.78922774315409]}, "properties": {"OBJECTID": 2672, "HSISID": "04092021997", "NAME": "H MART SEAFOOD DEPARTMENT", "ADDRESS1": "1961 HIGH HOUSE RD ", "ADDRESS2": null, "CITY": "CARY", "STATE": "NC", "POSTALCODE": "27519", "PHONENUMBER": "(919) 535-5900", "RESTAURANTOPENDATE": 1482364800000, "FACILITYTYPE": "2 - Food Stands", "X": -78.84865558, "Y": 35.78922067, "GEOCODESTATUS": "M", "PERMITID": "Not Provided"}}, {"type": "Feature", "id": 2673, "geometry": {"type": "Point", "coordinates": [-78.84964034966946, 35.7902181503745]}, "properties": {"OBJECTID": 2673, "HSISID": "04092021995", "NAME": "H MART PRODUCE DEPARTMENT", "ADDRESS1": "1961 HIGH HOUSE RD ", "ADDRESS2": null, "CITY": "RALEIGH", "STATE": "NC", "POSTALCODE": "27519", "PHONENUMBER": "(919) 535-5900", "RESTAURANTOPENDATE": 1482364800000, "FACILITYTYPE": "2 - Food Stands", "X": -78.84963768, "Y": 35.79021108, "GEOCODESTATUS": "M", "PERMITID": "Not Provided"}}, {"type": "Feature", "id": 2674, "geometry": {"type": "Point", "coordinates": [-78.84865825132587, 35.78922774315409]}, "properties": {"OBJECTID": 2674, "HSISID": "04092021996", "NAME": "H MART MEAT DEPARTMENT", "ADDRESS1": "1961 HIGH HOUSE RD ", "ADDRESS2": null, "CITY": "CARY", "STATE": "NC", "POSTALCODE": "27519", "PHONENUMBER": "(919) 535-5900", "RESTAURANTOPENDATE": 1482364800000, "FACILITYTYPE": "2 - Food Stands", "X": -78.84865558, "Y": 35.78922067, "GEOCODESTATUS": "M", "PERMITID": "Not Provided"}}, {"type": "Feature", "id": 2675, "geometry": {"type": "Point", "coordinates": [-78.62124208693241, 35.80873974283699]}, "properties": {"OBJECTID": 2675, "HSISID": "04092022003", "NAME": "POSH NOSH CATERING", "ADDRESS1": "1053 E WHITAKER MILL RD ", "ADDRESS2": "SUITE 135", "CITY": "RALEIGH", "STATE": "NC", "POSTALCODE": "27604", "PHONENUMBER": "(919) 839-6004", "RESTAURANTOPENDATE": 1487116800000, "FACILITYTYPE": "2 - Food Stands", "X": -78.62123948, "Y": 35.80873266, "GEOCODESTATUS": "M", "PERMITID": "Not Provided"}}, {"type": "Feature", "id": 2676, "geometry": {"type": "Point", "coordinates": [-78.89379632660201, 35.73783058708408]}, "properties": {"OBJECTID": 2676, "HSISID": "04092022004", "NAME": "PUBLIX #1544 DELI", "ADDRESS1": "1441 KELLY RD ", "ADDRESS2": null, "CITY": "APEX", "STATE": "NC", "POSTALCODE": "27502", "PHONENUMBER": "(919) 303-6200", "RESTAURANTOPENDATE": 1486339200000, "FACILITYTYPE": "2 - Food Stands", "X": -78.89379364, "Y": 35.73782353, "GEOCODESTATUS": "M", "PERMITID": "Not Provided"}}, {"type": "Feature", "id": 2348, "geometry": {"type": "Point", "coordinates": [-78.61290300035321, 35.75414599381154]}, "properties": {"OBJECTID": 2348, "HSISID": "04092021082", "NAME": "HAN-DEE HUGO'S #46", "ADDRESS1": "1920 ROCK QUARRY RD ", "ADDRESS2": null, "CITY": "RALEIGH", "STATE": "NC", "POSTALCODE": "27610-4154", "PHONENUMBER": "(919) 836-8780", "RESTAURANTOPENDATE": 670550400000, "FACILITYTYPE": "2 - Food Stands", "X": -78.6129004, "Y": 35.75413892, "GEOCODESTATUS": "M", "PERMITID": "Not Provided"}}, {"type": "Feature", "id": 2349, "geometry": {"type": "Point", "coordinates": [-78.60121733876402, 35.848477089969265]}, "properties": {"OBJECTID": 2349, "HSISID": "04092021066", "NAME": "CIRCLE K #8527", "ADDRESS1": "2100 E MILLBROOK RD", "ADDRESS2": null, "CITY": "RALEIGH", "STATE": "NC", "POSTALCODE": "27604-1743", "PHONENUMBER": "(919) 799-9042", "RESTAURANTOPENDATE": 988848000000, "FACILITYTYPE": "2 - Food Stands", "X": -78.60121474, "Y": 35.84847, "GEOCODESTATUS": "M", "PERMITID": "Not Provided"}}, {"type": "Feature", "id": 2350, "geometry": {"type": "Point", "coordinates": [-78.61584124880285, 35.685071329305835]}, "properties": {"OBJECTID": 2350, "HSISID": "04092021088", "NAME": "LOWES FOODS #185 PRODUCE", "ADDRESS1": "1845 AVERSBORO RD ", "ADDRESS2": null, "CITY": "GARNER", "STATE": "NC", "POSTALCODE": "27529-4836", "PHONENUMBER": "(919) 779-9907", "RESTAURANTOPENDATE": 999216000000, "FACILITYTYPE": "2 - Food Stands", "X": -78.61583865, "Y": 35.68506427, "GEOCODESTATUS": "M", "PERMITID": "Not Provided"}}, {"type": "Feature", "id": 2351, "geometry": {"type": "Point", "coordinates": [-78.78753500292093, 35.90155707789474]}, "properties": {"OBJECTID": 2351, "HSISID": "04092021091", "NAME": "BJ'S WAREHOUSE CLUB #123 (FOODSTAND - MM AREA)", "ADDRESS1": "8811 BRIER CREEK PKY ", "ADDRESS2": null, "CITY": "RALEIGH", "STATE": "NC", "POSTALCODE": "27616", "PHONENUMBER": "(919) 806-5000", "RESTAURANTOPENDATE": 999820800000, "FACILITYTYPE": "2 - Food Stands", "X": -78.78753234, "Y": 35.90154998, "GEOCODESTATUS": "M", "PERMITID": "Not Provided"}}, {"type": "Feature", "id": 2352, "geometry": {"type": "Point", "coordinates": [-78.7229411640928, 35.8032515863339]}, "properties": {"OBJECTID": 2352, "HSISID": "04092021107", "NAME": "LENOVO CENTER VICTORY CLUB", "ADDRESS1": "1400 EDWARDS MILL RD ", "ADDRESS2": null, "CITY": "RALEIGH", "STATE": "NC", "POSTALCODE": "27607-3624", "PHONENUMBER": "(919) 861-2300", "RESTAURANTOPENDATE": 1008288000000, "FACILITYTYPE": "2 - Food Stands", "X": -78.72293853, "Y": 35.80324451, "GEOCODESTATUS": "M", "PERMITID": "Not Provided"}}, {"type": "Feature", "id": 2353, "geometry": {"type": "Point", "coordinates": [-78.559824326818, 35.940762335092955]}, "properties": {"OBJECTID": 2353, "HSISID": "04092021092", "NAME": "FOOD LION #2534 DELI", "ADDRESS1": "13200 NEW FALLS OF NEUSE RD", "ADDRESS2": null, "CITY": "RALEIGH", "STATE": "NC", "POSTALCODE": "27614-8239", "PHONENUMBER": "(919) 562-8912", "RESTAURANTOPENDATE": 1000425600000, "FACILITYTYPE": "2 - Food Stands", "X": -78.55982173, "Y": 35.94075522, "GEOCODESTATUS": "M", "PERMITID": "Not Provided"}}, {"type": "Feature", "id": 2354, "geometry": {"type": "Point", "coordinates": [-78.86537675720751, 35.73684992232912]}, "properties": {"OBJECTID": 2354, "HSISID": "04092021108", "NAME": "LOWES FOODS #184 MEAT/SEAFOOD", "ADDRESS1": "5400 APEX PEAKWAY ", "ADDRESS2": null, "CITY": "APEX", "STATE": "NC", "POSTALCODE": "27502", "PHONENUMBER": "(919) 363-5376", "RESTAURANTOPENDATE": 1010448000000, "FACILITYTYPE": "2 - Food Stands", "X": -78.86537408, "Y": 35.73684286, "GEOCODESTATUS": "M", "PERMITID": "Not Provided"}}, {"type": "Feature", "id": 2355, "geometry": {"type": "Point", "coordinates": [-78.86537675720751, 35.73684992232912]}, "properties": {"OBJECTID": 2355, "HSISID": "04092021109", "NAME": "LOWES FOODS #184 PRODUCE", "ADDRESS1": "5400 APEX PEAKWAY ", "ADDRESS2": null, "CITY": "APEX", "STATE": "NC", "POSTALCODE": "27502", "PHONENUMBER": "(919) 363-5376", "RESTAURANTOPENDATE": 1010448000000, "FACILITYTYPE": "2 - Food Stands", "X": -78.86537408, "Y": 35.73684286, "GEOCODESTATUS": "M", "PERMITID": "Not Provided"}}, {"type": "Feature", "id": 2356, "geometry": {"type": "Point", "coordinates": [-78.78150475105735, 35.594504916437934]}, "properties": {"OBJECTID": 2356, "HSISID": "04092021112", "NAME": "WALMART DELI", "ADDRESS1": "1051 E BROAD ST ", "ADDRESS2": null, "CITY": "FUQUAY-VARINA", "STATE": "NC", "POSTALCODE": "27526-1799", "PHONENUMBER": "(919) 567-2350", "RESTAURANTOPENDATE": 1016496000000, "FACILITYTYPE": "2 - Food Stands", "X": -78.78150211, "Y": 35.59449788, "GEOCODESTATUS": "M", "PERMITID": "Not Provided"}}, {"type": "Feature", "id": 2357, "geometry": {"type": "Point", "coordinates": [-78.62187267371527, 35.78019182698981]}, "properties": {"OBJECTID": 2357, "HSISID": "04092021125", "NAME": "COOK OUT #19", "ADDRESS1": "1201 NEW BERN AVE ", "ADDRESS2": null, "CITY": "RALEIGH", "STATE": "NC", "POSTALCODE": "27610-2529", "PHONENUMBER": "(919) 821-5410", "RESTAURANTOPENDATE": 1023926400000, "FACILITYTYPE": "2 - Food Stands", "X": -78.62187007, "Y": 35.78018475, "GEOCODESTATUS": "M", "PERMITID": "Not Provided"}}, {"type": "Feature", "id": 2358, "geometry": {"type": "Point", "coordinates": [-78.58046792156459, 35.79725783806819]}, "properties": {"OBJECTID": 2358, "HSISID": "04092021127", "NAME": "PAPA JOHN'S", "ADDRESS1": "3591 MAITLAND DR ", "ADDRESS2": "SUITE 5", "CITY": "RALEIGH", "STATE": "NC", "POSTALCODE": "27610-1239", "PHONENUMBER": "(919) 250-0101", "RESTAURANTOPENDATE": 1023753600000, "FACILITYTYPE": "2 - Food Stands", "X": -78.58046533, "Y": 35.79725075, "GEOCODESTATUS": "M", "PERMITID": "Not Provided"}}, {"type": "Feature", "id": 2359, "geometry": {"type": "Point", "coordinates": [-78.68558250000501, 35.802125916119024]}, "properties": {"OBJECTID": 2359, "HSISID": "04092021132", "NAME": "WHOLE FOODS MARKET PRODUCE DEPARTMENT", "ADDRESS1": "3540 WADE AVE ", "ADDRESS2": null, "CITY": "RALEIGH", "STATE": "NC", "POSTALCODE": "27607-4048", "PHONENUMBER": "(919) 828-5805", "RESTAURANTOPENDATE": 1027382400000, "FACILITYTYPE": "2 - Food Stands", "X": -78.68557988, "Y": 35.80211883, "GEOCODESTATUS": "M", "PERMITID": "Not Provided"}}, {"type": "Feature", "id": 2360, "geometry": {"type": "Point", "coordinates": [-78.5327071589792, 35.98594241874391]}, "properties": {"OBJECTID": 2360, "HSISID": "04092021134", "NAME": "LOWES FOODS #187 PRODUCE", "ADDRESS1": "12524 CAPITAL BLV", "ADDRESS2": null, "CITY": "WAKE FOREST", "STATE": "NC", "POSTALCODE": "27587-7487", "PHONENUMBER": "(919) 562-5020", "RESTAURANTOPENDATE": 1028851200000, "FACILITYTYPE": "2 - Food Stands", "X": -78.53270457, "Y": 35.98593529, "GEOCODESTATUS": "M", "PERMITID": "Not Provided"}}, {"type": "Feature", "id": 2361, "geometry": {"type": "Point", "coordinates": [-78.5327071589792, 35.98594241874391]}, "properties": {"OBJECTID": 2361, "HSISID": "04092021135", "NAME": "LOWES FOODS #187 MEAT/SEAFOOD", "ADDRESS1": "12524 CAPITAL BLV", "ADDRESS2": null, "CITY": "WAKE FOREST", "STATE": "NC", "POSTALCODE": "27587-7487", "PHONENUMBER": "(919) 562-5020", "RESTAURANTOPENDATE": 1028851200000, "FACILITYTYPE": "2 - Food Stands", "X": -78.53270457, "Y": 35.98593529, "GEOCODESTATUS": "M", "PERMITID": "Not Provided"}}, {"type": "Feature", "id": 2362, "geometry": {"type": "Point", "coordinates": [-78.50516017078571, 35.795123580459034]}, "properties": {"OBJECTID": 2362, "HSISID": "04092021136", "NAME": "LOWES FOODS #189 SEAFOOD ", "ADDRESS1": "3001 WIDEWATERS PKY ", "ADDRESS2": null, "CITY": "KNIGHTDALE", "STATE": "NC", "POSTALCODE": "27545", "PHONENUMBER": "(919) 217-9184", "RESTAURANTOPENDATE": 1030492800000, "FACILITYTYPE": "2 - Food Stands", "X": -78.5051576, "Y": 35.79511649, "GEOCODESTATUS": "M", "PERMITID": "Not Provided"}}, {"type": "Feature", "id": 2363, "geometry": {"type": "Point", "coordinates": [-78.50516017078571, 35.795123580459034]}, "properties": {"OBJECTID": 2363, "HSISID": "04092021137", "NAME": "LOWES FOODS #189 PRODUCE ", "ADDRESS1": "3001 WIDEWATERS PKY ", "ADDRESS2": null, "CITY": "KNIGHTDALE", "STATE": "NC", "POSTALCODE": "27545", "PHONENUMBER": "(919) 217-9184", "RESTAURANTOPENDATE": 1030492800000, "FACILITYTYPE": "2 - Food Stands", "X": -78.5051576, "Y": 35.79511649, "GEOCODESTATUS": "M", "PERMITID": "Not Provided"}}, {"type": "Feature", "id": 2364, "geometry": {"type": "Point", "coordinates": [-78.57604059292152, 35.86600875436967]}, "properties": {"OBJECTID": 2364, "HSISID": "04092021142", "NAME": "SINO WOK", "ADDRESS1": "5959-1108 TRIANGLE TOWN BLV ", "ADDRESS2": null, "CITY": "RALEIGH", "STATE": "NC", "POSTALCODE": "27616", "PHONENUMBER": "(919) 792-2499", "RESTAURANTOPENDATE": 1029715200000, "FACILITYTYPE": "2 - Food Stands", "X": -78.576038, "Y": 35.86600165, "GEOCODESTATUS": "M", "PERMITID": "Not Provided"}}, {"type": "Feature", "id": 2365, "geometry": {"type": "Point", "coordinates": [-78.8726121705206, 35.746190077729615]}, "properties": {"OBJECTID": 2365, "HSISID": "04092021148", "NAME": "PAPA JOHN'S", "ADDRESS1": "1238 W WILLIAMS ST ", "ADDRESS2": null, "CITY": "APEX", "STATE": "NC", "POSTALCODE": "27502-3953", "PHONENUMBER": "(919) 303-9100", "RESTAURANTOPENDATE": 1032912000000, "FACILITYTYPE": "2 - Food Stands", "X": -78.87260949, "Y": 35.74618301, "GEOCODESTATUS": "M", "PERMITID": "Not Provided"}}, {"type": "Feature", "id": 2677, "geometry": {"type": "Point", "coordinates": [-78.89379632660201, 35.73783058708408]}, "properties": {"OBJECTID": 2677, "HSISID": "04092022005", "NAME": "PUBLIX #1544 PRODUCE", "ADDRESS1": "1441 KELLY RD ", "ADDRESS2": null, "CITY": "APEX", "STATE": "NC", "POSTALCODE": "27502", "PHONENUMBER": "(919) 303-6200", "RESTAURANTOPENDATE": 1486339200000, "FACILITYTYPE": "2 - Food Stands", "X": -78.89379364, "Y": 35.73782353, "GEOCODESTATUS": "M", "PERMITID": "Not Provided"}}, {"type": "Feature", "id": 2678, "geometry": {"type": "Point", "coordinates": [-78.89379632660201, 35.73783058708408]}, "properties": {"OBJECTID": 2678, "HSISID": "04092022006", "NAME": "PUBLIX #1544 SEAFOOD", "ADDRESS1": "1441 KELLY RD ", "ADDRESS2": null, "CITY": "APEX", "STATE": "NC", "POSTALCODE": "27502", "PHONENUMBER": "(919) 303-6200", "RESTAURANTOPENDATE": 1486339200000, "FACILITYTYPE": "2 - Food Stands", "X": -78.89379364, "Y": 35.73782353, "GEOCODESTATUS": "M", "PERMITID": "Not Provided"}}, {"type": "Feature", "id": 2679, "geometry": {"type": "Point", "coordinates": [-78.89379632660201, 35.73783058708408]}, "properties": {"OBJECTID": 2679, "HSISID": "04092022007", "NAME": "PUBLIX #1544 MEATS", "ADDRESS1": "1441 KELLY RD ", "ADDRESS2": null, "CITY": "APEX", "STATE": "NC", "POSTALCODE": "27502", "PHONENUMBER": "(919) 303-6200", "RESTAURANTOPENDATE": 1486339200000, "FACILITYTYPE": "2 - Food Stands", "X": -78.89379364, "Y": 35.73782353, "GEOCODESTATUS": "M", "PERMITID": "Not Provided"}}, {"type": "Feature", "id": 2680, "geometry": {"type": "Point", "coordinates": [-78.76088591912385, 35.79051683877531]}, "properties": {"OBJECTID": 2680, "HSISID": "04092022009", "NAME": "LA BONITA DELI", "ADDRESS1": "836-110 E CHATHAM ST ", "ADDRESS2": null, "CITY": "CARY", "STATE": "NC", "POSTALCODE": "27511", "PHONENUMBER": "(919) 650-3161", "RESTAURANTOPENDATE": 1488412800000, "FACILITYTYPE": "2 - Food Stands", "X": -78.76088327, "Y": 35.79050976, "GEOCODESTATUS": "M", "PERMITID": "Not Provided"}}, {"type": "Feature", "id": 2681, "geometry": {"type": "Point", "coordinates": [-78.60287599413736, 35.9014490779673]}, "properties": {"OBJECTID": 2681, "HSISID": "04092022011", "NAME": "SPROUTS #540 DELI", "ADDRESS1": "9414 FALLS OF NEUSE RD ", "ADDRESS2": null, "CITY": "RALEIGH", "STATE": "NC", "POSTALCODE": "27615", "PHONENUMBER": "(919) 326-2530", "RESTAURANTOPENDATE": 1489449600000, "FACILITYTYPE": "2 - Food Stands", "X": -78.60287339, "Y": 35.90144197, "GEOCODESTATUS": "M", "PERMITID": "Not Provided"}}, {"type": "Feature", "id": 2682, "geometry": {"type": "Point", "coordinates": [-78.64721924538759, 35.79544799994945]}, "properties": {"OBJECTID": 2682, "HSISID": "04092022016", "NAME": "CHILD CARE SERVICES ASSOCIATION", "ADDRESS1": "1305 GLENWOOD AVE ", "ADDRESS2": null, "CITY": "RALEIGH", "STATE": "NC", "POSTALCODE": "27605", "PHONENUMBER": "(919) 754-3651", "RESTAURANTOPENDATE": 1496102400000, "FACILITYTYPE": "2 - Food Stands", "X": -78.64721663, "Y": 35.79544092, "GEOCODESTATUS": "M", "PERMITID": "Not Provided"}}, {"type": "Feature", "id": 2683, "geometry": {"type": "Point", "coordinates": [-78.9010824133322, 35.82061149665113]}, "properties": {"OBJECTID": 2683, "HSISID": "04092022014", "NAME": "HARRIS TEETER #298 STARBUCKS", "ADDRESS1": "10140 GREEN LEVEL CHURCH RD ", "ADDRESS2": null, "CITY": "CARY", "STATE": "NC", "POSTALCODE": "27519", "PHONENUMBER": "(919) 460-3126", "RESTAURANTOPENDATE": 1494892800000, "FACILITYTYPE": "2 - Food Stands", "X": -78.90107972, "Y": 35.82060442, "GEOCODESTATUS": "M", "PERMITID": "Not Provided"}}, {"type": "Feature", "id": 2684, "geometry": {"type": "Point", "coordinates": [-78.78792225466057, 35.91891950338449]}, "properties": {"OBJECTID": 2684, "HSISID": "04092022019", "NAME": "HARRIS TEETER #304 STARBUCKS", "ADDRESS1": "4221 CORNERS PKY ", "ADDRESS2": null, "CITY": "RALEIGH", "STATE": "NC", "POSTALCODE": "27616", "PHONENUMBER": "(919) 596-5399", "RESTAURANTOPENDATE": 1499904000000, "FACILITYTYPE": "2 - Food Stands", "X": -78.78791959, "Y": 35.9189124, "GEOCODESTATUS": "M", "PERMITID": "Not Provided"}}, {"type": "Feature", "id": 2685, "geometry": {"type": "Point", "coordinates": [-78.78792225466057, 35.91891950338449]}, "properties": {"OBJECTID": 2685, "HSISID": "04092022020", "NAME": "HARRIS TEETER #304 MEAT/SEAFOOD", "ADDRESS1": "4221 CORNERS PKY ", "ADDRESS2": null, "CITY": "RALEIGH", "STATE": "NC", "POSTALCODE": "27616", "PHONENUMBER": "(919) 596-5399", "RESTAURANTOPENDATE": 1499904000000, "FACILITYTYPE": "2 - Food Stands", "X": -78.78791959, "Y": 35.9189124, "GEOCODESTATUS": "M", "PERMITID": "Not Provided"}}, {"type": "Feature", "id": 2686, "geometry": {"type": "Point", "coordinates": [-78.78792225466057, 35.91891950338449]}, "properties": {"OBJECTID": 2686, "HSISID": "04092022021", "NAME": "HARRIS TEETER #304 PRODUCE", "ADDRESS1": "4221 CORNERS PKY ", "ADDRESS2": null, "CITY": "RALEIGH", "STATE": "NC", "POSTALCODE": "27616", "PHONENUMBER": "(919) 596-5399", "RESTAURANTOPENDATE": 1499904000000, "FACILITYTYPE": "2 - Food Stands", "X": -78.78791959, "Y": 35.9189124, "GEOCODESTATUS": "M", "PERMITID": "Not Provided"}}, {"type": "Feature", "id": 2687, "geometry": {"type": "Point", "coordinates": [-78.78792225466057, 35.91891950338449]}, "properties": {"OBJECTID": 2687, "HSISID": "04092022022", "NAME": "HARRIS TEETER #304 DELI/BAKERY", "ADDRESS1": "4221 CORNERS PKY ", "ADDRESS2": null, "CITY": "RALEIGH", "STATE": "NC", "POSTALCODE": "27616", "PHONENUMBER": "(919) 596-5399", "RESTAURANTOPENDATE": 1499904000000, "FACILITYTYPE": "2 - Food Stands", "X": -78.78791959, "Y": 35.9189124, "GEOCODESTATUS": "M", "PERMITID": "Not Provided"}}, {"type": "Feature", "id": 2688, "geometry": {"type": "Point", "coordinates": [-78.80849882634013, 35.901449916029385]}, "properties": {"OBJECTID": 2688, "HSISID": "04092022023", "NAME": "HUGO'S KITCHEN", "ADDRESS1": "9910 SELLONA ST ", "ADDRESS2": null, "CITY": "RALEIGH", "STATE": "NC", "POSTALCODE": "27617", "PHONENUMBER": "(919) 361-8399", "RESTAURANTOPENDATE": 1499904000000, "FACILITYTYPE": "2 - Food Stands", "X": -78.80849616, "Y": 35.90144282, "GEOCODESTATUS": "M", "PERMITID": "Not Provided"}}, {"type": "Feature", "id": 2689, "geometry": {"type": "Point", "coordinates": [-78.57604059292152, 35.86600875436967]}, "properties": {"OBJECTID": 2689, "HSISID": "04092022030", "NAME": "AUNTIE ANNE'S NC #111", "ADDRESS1": "5959 TRIANGLE TOWN BLVD ", "ADDRESS2": "STE EU-2133", "CITY": "RALEIGH", "STATE": "NC", "POSTALCODE": "27616", "PHONENUMBER": "(919) 792-2548", "RESTAURANTOPENDATE": 1504051200000, "FACILITYTYPE": "2 - Food Stands", "X": -78.576038, "Y": 35.86600165, "GEOCODESTATUS": "M", "PERMITID": "Not Provided"}}, {"type": "Feature", "id": 2690, "geometry": {"type": "Point", "coordinates": [-78.57604059292152, 35.86600875436967]}, "properties": {"OBJECTID": 2690, "HSISID": "04092022031", "NAME": "CARVEL", "ADDRESS1": "5959 TRIANGLE TOWN BLVD ", "ADDRESS2": null, "CITY": "RALEIGH", "STATE": "NC", "POSTALCODE": "27616", "PHONENUMBER": "(919) 449-0072", "RESTAURANTOPENDATE": 1504051200000, "FACILITYTYPE": "2 - Food Stands", "X": -78.576038, "Y": 35.86600165, "GEOCODESTATUS": "M", "PERMITID": "Not Provided"}}, {"type": "Feature", "id": 2691, "geometry": {"type": "Point", "coordinates": [-78.75428992505002, 35.7764929101669]}, "properties": {"OBJECTID": 2691, "HSISID": "04092022032", "NAME": "THE POOLSIDE GRILL", "ADDRESS1": "275 CONVENTION DR ", "ADDRESS2": null, "CITY": "CARY", "STATE": "NC", "POSTALCODE": "27511", "PHONENUMBER": "(919) 459-4045", "RESTAURANTOPENDATE": 1505088000000, "FACILITYTYPE": "2 - Food Stands", "X": -78.75428728, "Y": 35.77648584, "GEOCODESTATUS": "M", "PERMITID": "Not Provided"}}, {"type": "Feature", "id": 2692, "geometry": {"type": "Point", "coordinates": [-78.64569600913487, 35.77946366470373]}, "properties": {"OBJECTID": 2692, "HSISID": "04092022521", "NAME": "YOHO @ MSFH", "ADDRESS1": "411 W MORGAN ST", "ADDRESS2": null, "CITY": "RALEIGH", "STATE": "NC", "POSTALCODE": "27603", "PHONENUMBER": "(919) 673-8350", "RESTAURANTOPENDATE": 1554854400000, "FACILITYTYPE": "2 - Food Stands", "X": -78.6456934, "Y": 35.77945659, "GEOCODESTATUS": "M", "PERMITID": "Not Provided"}}, {"type": "Feature", "id": 2693, "geometry": {"type": "Point", "coordinates": [-78.46776866429464, 35.92243017390133]}, "properties": {"OBJECTID": 2693, "HSISID": "04092025144", "NAME": "DOMINOS #8824", "ADDRESS1": "6110 ROGERS RD ", "ADDRESS2": null, "CITY": "ROLESVILLE", "STATE": "NC", "POSTALCODE": "27571", "PHONENUMBER": "(919) 453-2324", "RESTAURANTOPENDATE": 1215993600000, "FACILITYTYPE": "2 - Food Stands", "X": -78.4677661, "Y": 35.92242306, "GEOCODESTATUS": "M", "PERMITID": "Not Provided"}}, {"type": "Feature", "id": 2694, "geometry": {"type": "Point", "coordinates": [-78.86276499749108, 35.73803674828795]}, "properties": {"OBJECTID": 2694, "HSISID": "04092025146", "NAME": "HARRIS TEETER #58 STARBUCKS", "ADDRESS1": "750 W WILLIAMS ST ", "ADDRESS2": null, "CITY": "APEX", "STATE": "NC", "POSTALCODE": "27502", "PHONENUMBER": "(919) 362-3782", "RESTAURANTOPENDATE": 1507680000000, "FACILITYTYPE": "2 - Food Stands", "X": -78.86276232, "Y": 35.73802969, "GEOCODESTATUS": "M", "PERMITID": "Not Provided"}}, {"type": "Feature", "id": 2695, "geometry": {"type": "Point", "coordinates": [-78.51867884097862, 36.005498497183844]}, "properties": {"OBJECTID": 2695, "HSISID": "04092025149", "NAME": "HARRIS TEETER #353 STARBUCKS", "ADDRESS1": "13686 CAPITAL BLVD ", "ADDRESS2": null, "CITY": "WAKE FOREST", "STATE": "NC", "POSTALCODE": "27587", "PHONENUMBER": "(919) 554-3608", "RESTAURANTOPENDATE": 1510185600000, "FACILITYTYPE": "2 - Food Stands", "X": -78.51867626, "Y": 36.00549137, "GEOCODESTATUS": "M", "PERMITID": "Not Provided"}}, {"type": "Feature", "id": 2366, "geometry": {"type": "Point", "coordinates": [-78.6585504970866, 35.78994799415039]}, "properties": {"OBJECTID": 2366, "HSISID": "04092021153", "NAME": "FRESH MARKET PRODUCE", "ADDRESS1": "400 WOODBURN RD ", "ADDRESS2": null, "CITY": "RALEIGH", "STATE": "NC", "POSTALCODE": "27605-1324", "PHONENUMBER": "(919) 828-7888", "RESTAURANTOPENDATE": 1034553600000, "FACILITYTYPE": "2 - Food Stands", "X": -78.65854788, "Y": 35.78994091, "GEOCODESTATUS": "M", "PERMITID": "Not Provided"}}, {"type": "Feature", "id": 2367, "geometry": {"type": "Point", "coordinates": [-78.31858483210956, 35.832292910154216]}, "properties": {"OBJECTID": 2367, "HSISID": "04092021154", "NAME": "FOOD LION #341 DELI ", "ADDRESS1": "114 WAKELON ST ", "ADDRESS2": null, "CITY": "ZEBULON", "STATE": "NC", "POSTALCODE": "27597-2403", "PHONENUMBER": "(919) 269-6122", "RESTAURANTOPENDATE": 1035504000000, "FACILITYTYPE": "2 - Food Stands", "X": -78.31858232, "Y": 35.83228581, "GEOCODESTATUS": "M", "PERMITID": "Not Provided"}}, {"type": "Feature", "id": 2368, "geometry": {"type": "Point", "coordinates": [-78.66326574270586, 35.790588753791496]}, "properties": {"OBJECTID": 2368, "HSISID": "04092021167", "NAME": "HARRIS TEETER #21 DELI", "ADDRESS1": "501 OBERLIN RD ", "ADDRESS2": null, "CITY": "RALEIGH", "STATE": "NC", "POSTALCODE": "27605", "PHONENUMBER": "(919) 828-9216", "RESTAURANTOPENDATE": 1043971200000, "FACILITYTYPE": "2 - Food Stands", "X": -78.66326313, "Y": 35.79058167, "GEOCODESTATUS": "M", "PERMITID": "Not Provided"}}, {"type": "Feature", "id": 2369, "geometry": {"type": "Point", "coordinates": [-78.58054282990736, 35.69111192234766]}, "properties": {"OBJECTID": 2369, "HSISID": "04092021160", "NAME": "BJ'S WAREHOUSE DELI", "ADDRESS1": "255 SHENSTONE BLV ", "ADDRESS2": null, "CITY": "GARNER", "STATE": "NC", "POSTALCODE": "27529", "PHONENUMBER": "(919) 661-3781", "RESTAURANTOPENDATE": 1035504000000, "FACILITYTYPE": "2 - Food Stands", "X": -78.58054024, "Y": 35.69110486, "GEOCODESTATUS": "M", "PERMITID": "Not Provided"}}, {"type": "Feature", "id": 2370, "geometry": {"type": "Point", "coordinates": [-78.68359800041532, 35.79339692245654]}, "properties": {"OBJECTID": 2370, "HSISID": "04092021170", "NAME": "SNOOPY'S HOT DOGS   MORE # 4", "ADDRESS1": "3600 HILLSBOROUGH ST ", "ADDRESS2": null, "CITY": "RALEIGH", "STATE": "NC", "POSTALCODE": "27607", "PHONENUMBER": "(919) 755-9022", "RESTAURANTOPENDATE": 1044403200000, "FACILITYTYPE": "2 - Food Stands", "X": -78.68359538, "Y": 35.79338984, "GEOCODESTATUS": "M", "PERMITID": "Not Provided"}}, {"type": "Feature", "id": 2371, "geometry": {"type": "Point", "coordinates": [-78.54185325443368, 35.97418917369287]}, "properties": {"OBJECTID": 2371, "HSISID": "04092021171", "NAME": "SUPER TARGET DELI", "ADDRESS1": "12000 RETAIL DR", "ADDRESS2": null, "CITY": "WAKE FOREST", "STATE": "NC", "POSTALCODE": "27587", "PHONENUMBER": "(919) 761-1001", "RESTAURANTOPENDATE": 1043798400000, "FACILITYTYPE": "2 - Food Stands", "X": -78.54185066, "Y": 35.97418205, "GEOCODESTATUS": "M", "PERMITID": "Not Provided"}}, {"type": "Feature", "id": 2372, "geometry": {"type": "Point", "coordinates": [-78.61051959284896, 35.832915502842305]}, "properties": {"OBJECTID": 2372, "HSISID": "04092021185", "NAME": "LA TAPATIA BUTCHER SHOP   SNACK BAR", "ADDRESS1": "1700 ST. ALBANS DR", "ADDRESS2": null, "CITY": "RALEIGH", "STATE": "NC", "POSTALCODE": "27609", "PHONENUMBER": "(919) 954-4816", "RESTAURANTOPENDATE": 1049760000000, "FACILITYTYPE": "2 - Food Stands", "X": -78.61051699, "Y": 35.83290841, "GEOCODESTATUS": "M", "PERMITID": "Not Provided"}}, {"type": "Feature", "id": 2373, "geometry": {"type": "Point", "coordinates": [-78.78059390784402, 35.80471875401835]}, "properties": {"OBJECTID": 2373, "HSISID": "04092021190", "NAME": "HARRIS TEETER #112 DELI", "ADDRESS1": "270 GRANDE HEIGHTS DR ", "ADDRESS2": null, "CITY": "CARY", "STATE": "NC", "POSTALCODE": "27513", "PHONENUMBER": "(919) 460-4326", "RESTAURANTOPENDATE": 1056326400000, "FACILITYTYPE": "2 - Food Stands", "X": -78.78059125, "Y": 35.80471168, "GEOCODESTATUS": "M", "PERMITID": "Not Provided"}}, {"type": "Feature", "id": 2374, "geometry": {"type": "Point", "coordinates": [-78.78059390784402, 35.80471875401835]}, "properties": {"OBJECTID": 2374, "HSISID": "04092021193", "NAME": "HARRIS TEETER #112 MEAT MARKET/SEAFOOD", "ADDRESS1": "270 GRANDE HEIGHTS DR ", "ADDRESS2": null, "CITY": "CARY", "STATE": "NC", "POSTALCODE": "27513", "PHONENUMBER": "(919) 460-4326", "RESTAURANTOPENDATE": 1056412800000, "FACILITYTYPE": "2 - Food Stands", "X": -78.78059125, "Y": 35.80471168, "GEOCODESTATUS": "M", "PERMITID": "Not Provided"}}, {"type": "Feature", "id": 2375, "geometry": {"type": "Point", "coordinates": [-78.78059390784402, 35.80471875401835]}, "properties": {"OBJECTID": 2375, "HSISID": "04092021196", "NAME": "HARRIS TEETER #112 PRODUCE", "ADDRESS1": "270 GRANDE HEIGHTS DR ", "ADDRESS2": null, "CITY": "CARY", "STATE": "NC", "POSTALCODE": "27513", "PHONENUMBER": "(919) 460-4326", "RESTAURANTOPENDATE": 1056412800000, "FACILITYTYPE": "2 - Food Stands", "X": -78.78059125, "Y": 35.80471168, "GEOCODESTATUS": "M", "PERMITID": "Not Provided"}}, {"type": "Feature", "id": 2376, "geometry": {"type": "Point", "coordinates": [-78.59988307511415, 35.89224316772374]}, "properties": {"OBJECTID": 2376, "HSISID": "04092021198", "NAME": "FOOD LION #572 PRODUCE", "ADDRESS1": "8320-120 LITCHFORD RD ", "ADDRESS2": null, "CITY": "RALEIGH", "STATE": "NC", "POSTALCODE": "27615", "PHONENUMBER": "(919) 790-8146", "RESTAURANTOPENDATE": 1056931200000, "FACILITYTYPE": "2 - Food Stands", "X": -78.59988047, "Y": 35.89223606, "GEOCODESTATUS": "M", "PERMITID": "Not Provided"}}, {"type": "Feature", "id": 2377, "geometry": {"type": "Point", "coordinates": [-78.76492258716586, 35.6669634970187]}, "properties": {"OBJECTID": 2377, "HSISID": "04092021201", "NAME": "MIDDLE CREEK PARK", "ADDRESS1": "151 MIDDLE CREEK PARK AVE ", "ADDRESS2": null, "CITY": "APEX", "STATE": "NC", "POSTALCODE": "27502", "PHONENUMBER": "(919) 427-9891", "RESTAURANTOPENDATE": 1056326400000, "FACILITYTYPE": "2 - Food Stands", "X": -78.76491995, "Y": 35.66695645, "GEOCODESTATUS": "M", "PERMITID": "Not Provided"}}, {"type": "Feature", "id": 2378, "geometry": {"type": "Point", "coordinates": [-78.77852940387797, 35.73667646297901]}, "properties": {"OBJECTID": 2378, "HSISID": "04092020943", "NAME": "WHOLE FOODS MARKET SEAFOOD SHOP", "ADDRESS1": "102  NEW WAVERLY PLACE ", "ADDRESS2": "#B", "CITY": "CARY", "STATE": "NC", "POSTALCODE": "27511", "PHONENUMBER": "(919) 816-8830", "RESTAURANTOPENDATE": 957830400000, "FACILITYTYPE": "2 - Food Stands", "X": -78.77852676, "Y": 35.7366694, "GEOCODESTATUS": "M", "PERMITID": "Not Provided"}}, {"type": "Feature", "id": 2379, "geometry": {"type": "Point", "coordinates": [-78.77852940387797, 35.73667646297901]}, "properties": {"OBJECTID": 2379, "HSISID": "04092020944", "NAME": "WHOLE FOODS MARKET PRODUCE SHOP", "ADDRESS1": "102  NEW WAVERLY PLACE ", "ADDRESS2": "#B", "CITY": "CARY", "STATE": "NC", "POSTALCODE": "27511", "PHONENUMBER": "(919) 816-8830", "RESTAURANTOPENDATE": 957830400000, "FACILITYTYPE": "2 - Food Stands", "X": -78.77852676, "Y": 35.7366694, "GEOCODESTATUS": "M", "PERMITID": "Not Provided"}}, {"type": "Feature", "id": 2380, "geometry": {"type": "Point", "coordinates": [-78.8248083348745, 35.653815419203625]}, "properties": {"OBJECTID": 2380, "HSISID": "04092021202", "NAME": "LOWES FOODS #207 DELI", "ADDRESS1": "112 BASS LAKE RD", "ADDRESS2": null, "CITY": "HOLLY SPRINGS", "STATE": "NC", "POSTALCODE": "27540", "PHONENUMBER": "(919) 577-6971", "RESTAURANTOPENDATE": 1057795200000, "FACILITYTYPE": "2 - Food Stands", "X": -78.82480568, "Y": 35.65380837, "GEOCODESTATUS": "M", "PERMITID": "Not Provided"}}, {"type": "Feature", "id": 2381, "geometry": {"type": "Point", "coordinates": [-78.8248083348745, 35.653815419203625]}, "properties": {"OBJECTID": 2381, "HSISID": "04092021204", "NAME": "LOWES FOODS #207 MEATS   SEAFOOD", "ADDRESS1": "112 BASS LAKE RD ", "ADDRESS2": null, "CITY": "HOLLY SPRINGS", "STATE": "NC", "POSTALCODE": "27540", "PHONENUMBER": "(919) 577-6971", "RESTAURANTOPENDATE": 1057795200000, "FACILITYTYPE": "2 - Food Stands", "X": -78.82480568, "Y": 35.65380837, "GEOCODESTATUS": "M", "PERMITID": "Not Provided"}}, {"type": "Feature", "id": 2382, "geometry": {"type": "Point", "coordinates": [-78.76396842685072, 35.788336364638724]}, "properties": {"OBJECTID": 2382, "HSISID": "04092021080", "NAME": "DOMINO'S PIZZA #5505", "ADDRESS1": "1367 SE MAYNARD", "ADDRESS2": null, "CITY": "CARY", "STATE": "NC", "POSTALCODE": "27511", "PHONENUMBER": "(919) 469-1115", "RESTAURANTOPENDATE": 994896000000, "FACILITYTYPE": "2 - Food Stands", "X": -78.76396578, "Y": 35.78832929, "GEOCODESTATUS": "M", "PERMITID": "Not Provided"}}, {"type": "Feature", "id": 2383, "geometry": {"type": "Point", "coordinates": [-78.80138441096851, 35.65563367029921]}, "properties": {"OBJECTID": 2383, "HSISID": "04092021208", "NAME": "TURN HOUSE", "ADDRESS1": "5107 LINKSLAND DR ", "ADDRESS2": null, "CITY": "HOLLY SPRINGS", "STATE": "NC", "POSTALCODE": "27540", "PHONENUMBER": "(919) 557-6100", "RESTAURANTOPENDATE": 1057881600000, "FACILITYTYPE": "2 - Food Stands", "X": -78.80138176, "Y": 35.65562662, "GEOCODESTATUS": "M", "PERMITID": "Not Provided"}}, {"type": "Feature", "id": 2696, "geometry": {"type": "Point", "coordinates": [-78.69147850517307, 35.991216838613795]}, "properties": {"OBJECTID": 2696, "HSISID": "04092025147", "NAME": "PAPA JOHN'S #4838", "ADDRESS1": "1440 BROGDEN WOODS DR ", "ADDRESS2": "SUITE 104", "CITY": "WAKE FOREST", "STATE": "NC", "POSTALCODE": "27587", "PHONENUMBER": "(919) 532-2300", "RESTAURANTOPENDATE": 1508198400000, "FACILITYTYPE": "2 - Food Stands", "X": -78.69147587, "Y": 35.99120972, "GEOCODESTATUS": "M", "PERMITID": "Not Provided"}}, {"type": "Feature", "id": 2697, "geometry": {"type": "Point", "coordinates": [-78.54282424830919, 35.94700841941254]}, "properties": {"OBJECTID": 2697, "HSISID": "04092025150", "NAME": "HARRIS TEETER #367 STARBUCKS", "ADDRESS1": "14520 JOHN REX BLVD ", "ADDRESS2": null, "CITY": "RALEIGH", "STATE": "NC", "POSTALCODE": "27614", "PHONENUMBER": "(919) 554-4167", "RESTAURANTOPENDATE": 1508803200000, "FACILITYTYPE": "2 - Food Stands", "X": -78.54282166, "Y": 35.9470013, "GEOCODESTATUS": "M", "PERMITID": "Not Provided"}}, {"type": "Feature", "id": 2698, "geometry": {"type": "Point", "coordinates": [-78.57832874605897, 35.801360329550626]}, "properties": {"OBJECTID": 2698, "HSISID": "04092025157", "NAME": "SPEEDWAY #6975", "ADDRESS1": "1741 TRAWICK RD ", "ADDRESS2": null, "CITY": "RALEIGH", "STATE": "NC", "POSTALCODE": "27604", "PHONENUMBER": "(919) 231-2202", "RESTAURANTOPENDATE": 1511913600000, "FACILITYTYPE": "2 - Food Stands", "X": -78.57832615, "Y": 35.80135324, "GEOCODESTATUS": "M", "PERMITID": "Not Provided"}}, {"type": "Feature", "id": 2699, "geometry": {"type": "Point", "coordinates": [-78.62166525412478, 35.895113413624664]}, "properties": {"OBJECTID": 2699, "HSISID": "04092025156", "NAME": "JUICE-KEYS #2", "ADDRESS1": "8490-102 HONEYCUTT RD ", "ADDRESS2": null, "CITY": "RALEIGH", "STATE": "NC", "POSTALCODE": "27615", "PHONENUMBER": "(919) 710-1109", "RESTAURANTOPENDATE": 1512086400000, "FACILITYTYPE": "2 - Food Stands", "X": -78.62166264, "Y": 35.89510631, "GEOCODESTATUS": "M", "PERMITID": "Not Provided"}}, {"type": "Feature", "id": 2700, "geometry": {"type": "Point", "coordinates": [-78.66276850606302, 35.755010245742504]}, "properties": {"OBJECTID": 2700, "HSISID": "04092025158", "NAME": "A TASTE OF NY COMMISSARY", "ADDRESS1": "1411-J DIGGS DR ", "ADDRESS2": null, "CITY": "RALEIGH", "STATE": "NC", "POSTALCODE": "27603", "PHONENUMBER": "(919) 345-8138", "RESTAURANTOPENDATE": 1513814400000, "FACILITYTYPE": "2 - Food Stands", "X": -78.66276589, "Y": 35.75500317, "GEOCODESTATUS": "M", "PERMITID": "Not Provided"}}, {"type": "Feature", "id": 2701, "geometry": {"type": "Point", "coordinates": [-78.55323674566081, 35.970074916380476]}, "properties": {"OBJECTID": 2701, "HSISID": "04092025159", "NAME": "FOOD LION #2227 PRODUCE", "ADDRESS1": "161 CRENSHAW CORNERS DR ", "ADDRESS2": null, "CITY": "WAKE FOREST", "STATE": "NC", "POSTALCODE": "27587", "PHONENUMBER": "(919) 569-0089", "RESTAURANTOPENDATE": 1516320000000, "FACILITYTYPE": "2 - Food Stands", "X": -78.55323415, "Y": 35.97006779, "GEOCODESTATUS": "M", "PERMITID": "Not Provided"}}, {"type": "Feature", "id": 2702, "geometry": {"type": "Point", "coordinates": [-78.55323674566081, 35.970074916380476]}, "properties": {"OBJECTID": 2702, "HSISID": "04092025160", "NAME": "FOOD LION #2227 DELI", "ADDRESS1": "161 CRENSHAW CORNERS DR ", "ADDRESS2": null, "CITY": "WAKE FOREST", "STATE": "NC", "POSTALCODE": "27587", "PHONENUMBER": "(919) 569-0089", "RESTAURANTOPENDATE": 1516320000000, "FACILITYTYPE": "2 - Food Stands", "X": -78.55323415, "Y": 35.97006779, "GEOCODESTATUS": "M", "PERMITID": "Not Provided"}}, {"type": "Feature", "id": 2703, "geometry": {"type": "Point", "coordinates": [-78.61204274571895, 35.754038077660724]}, "properties": {"OBJECTID": 2703, "HSISID": "04092025162", "NAME": "KRISPY KRUNCHY CHICKEN", "ADDRESS1": "1969 ROCK QUARRY RD ", "ADDRESS2": null, "CITY": "RALEIGH", "STATE": "NC", "POSTALCODE": "27610", "PHONENUMBER": "(919) 754-9876", "RESTAURANTOPENDATE": 1519344000000, "FACILITYTYPE": "2 - Food Stands", "X": -78.61204015, "Y": 35.754031, "GEOCODESTATUS": "M", "PERMITID": "Not Provided"}}, {"type": "Feature", "id": 2704, "geometry": {"type": "Point", "coordinates": [-78.59490641057103, 35.84957475409759]}, "properties": {"OBJECTID": 2704, "HSISID": "04092025163", "NAME": "ROCKY TOP CATERING", "ADDRESS1": "5000 DEPARTURE DR ", "ADDRESS2": null, "CITY": "RALEIGH", "STATE": "NC", "POSTALCODE": "27616", "PHONENUMBER": "(919) 829-3771", "RESTAURANTOPENDATE": 1519689600000, "FACILITYTYPE": "2 - Food Stands", "X": -78.59490381, "Y": 35.84956766, "GEOCODESTATUS": "M", "PERMITID": "Not Provided"}}, {"type": "Feature", "id": 2705, "geometry": {"type": "Point", "coordinates": [-78.82910242471576, 35.83742500557666]}, "properties": {"OBJECTID": 2705, "HSISID": "04092025169", "NAME": "APPLE SPICE BOX LUNCH   CATERING", "ADDRESS1": "10404 CHAPEL HILL RD ", "ADDRESS2": "SUITE 109", "CITY": "MORRISVILLE", "STATE": "NC", "POSTALCODE": "27560", "PHONENUMBER": "(919) 336-3160", "RESTAURANTOPENDATE": 1521504000000, "FACILITYTYPE": "2 - Food Stands", "X": -78.82909975, "Y": 35.83741792, "GEOCODESTATUS": "M", "PERMITID": "Not Provided"}}, {"type": "Feature", "id": 2706, "geometry": {"type": "Point", "coordinates": [-78.83776349980278, 35.667892089396375]}, "properties": {"OBJECTID": 2706, "HSISID": "04092025171", "NAME": "BULL CITY HOSPITALITY", "ADDRESS1": "101 SPORTSMANSHIP WAY ", "ADDRESS2": null, "CITY": "HOLLY SPRINGS", "STATE": "NC", "POSTALCODE": "27540", "PHONENUMBER": null, "RESTAURANTOPENDATE": 1522281600000, "FACILITYTYPE": "2 - Food Stands", "X": -78.83776084, "Y": 35.66788504, "GEOCODESTATUS": "M", "PERMITID": "Not Provided"}}, {"type": "Feature", "id": 2707, "geometry": {"type": "Point", "coordinates": [-78.59988307511415, 35.89224316772374]}, "properties": {"OBJECTID": 2707, "HSISID": "04092025174", "NAME": "MEEZ MARKET   CATERING", "ADDRESS1": "8320-108 LITCHFORD RD ", "ADDRESS2": null, "CITY": "RALEIGH", "STATE": "NC", "POSTALCODE": "27615", "PHONENUMBER": "(252) 327-2445", "RESTAURANTOPENDATE": 1524096000000, "FACILITYTYPE": "2 - Food Stands", "X": -78.59988047, "Y": 35.89223606, "GEOCODESTATUS": "M", "PERMITID": "Not Provided"}}, {"type": "Feature", "id": 2708, "geometry": {"type": "Point", "coordinates": [-78.72593858375608, 35.90879391586435]}, "properties": {"OBJECTID": 2708, "HSISID": "04092025175", "NAME": "HARRIS TEETER #90 STARBUCKS", "ADDRESS1": "13210 STRICKLAND RD ", "ADDRESS2": null, "CITY": "RALEIGH", "STATE": "NC", "POSTALCODE": "27613", "PHONENUMBER": "(919) 676-3534", "RESTAURANTOPENDATE": 1525651200000, "FACILITYTYPE": "2 - Food Stands", "X": -78.72593594, "Y": 35.90878681, "GEOCODESTATUS": "M", "PERMITID": "Not Provided"}}, {"type": "Feature", "id": 2709, "geometry": {"type": "Point", "coordinates": [-78.67901258449827, 35.839324340867115]}, "properties": {"OBJECTID": 2709, "HSISID": "04092025185", "NAME": "PRETZELMAKER", "ADDRESS1": "4325 GLENWOOD AVE ", "ADDRESS2": "SUITE 2049", "CITY": "RALEIGH", "STATE": "NC", "POSTALCODE": "27612", "PHONENUMBER": "(919) 783-5702", "RESTAURANTOPENDATE": 1530576000000, "FACILITYTYPE": "2 - Food Stands", "X": -78.67900996, "Y": 35.83931725, "GEOCODESTATUS": "M", "PERMITID": "Not Provided"}}, {"type": "Feature", "id": 2710, "geometry": {"type": "Point", "coordinates": [-78.63903083820921, 35.752059670156385]}, "properties": {"OBJECTID": 2710, "HSISID": "04092025188", "NAME": "REDPLATE CATERING @TKA", "ADDRESS1": "2161 S WILMINGTON ST ", "ADDRESS2": null, "CITY": "RALEIGH", "STATE": "NC", "POSTALCODE": "27601", "PHONENUMBER": "(919) 332-1492", "RESTAURANTOPENDATE": 1529539200000, "FACILITYTYPE": "2 - Food Stands", "X": -78.63902823, "Y": 35.7520526, "GEOCODESTATUS": "M", "PERMITID": "Not Provided"}}, {"type": "Feature", "id": 2711, "geometry": {"type": "Point", "coordinates": [-78.64569600913487, 35.77946366470373]}, "properties": {"OBJECTID": 2711, "HSISID": "04092025193", "NAME": "COW BAR @ MSFH", "ADDRESS1": "411 W MORGAN ST ", "ADDRESS2": null, "CITY": "RALEIGH", "STATE": "NC", "POSTALCODE": "27603", "PHONENUMBER": "(702) 544-9413", "RESTAURANTOPENDATE": 1532736000000, "FACILITYTYPE": "2 - Food Stands", "X": -78.6456934, "Y": 35.77945659, "GEOCODESTATUS": "M", "PERMITID": "Not Provided"}}, {"type": "Feature", "id": 2712, "geometry": {"type": "Point", "coordinates": [-78.77842524254177, 35.78774358056228]}, "properties": {"OBJECTID": 2712, "HSISID": "04092025192", "NAME": "BIG DOM'S BAGEL SHOP", "ADDRESS1": "203 E CHATHAM ST ", "ADDRESS2": null, "CITY": "CARY", "STATE": "NC", "POSTALCODE": "27511", "PHONENUMBER": "(919) 377-1143", "RESTAURANTOPENDATE": 1533513600000, "FACILITYTYPE": "2 - Food Stands", "X": -78.77842259, "Y": 35.78773651, "GEOCODESTATUS": "M", "PERMITID": "Not Provided"}}, {"type": "Feature", "id": 2713, "geometry": {"type": "Point", "coordinates": [-78.64569600913487, 35.77946366470373]}, "properties": {"OBJECTID": 2713, "HSISID": "04092025194", "NAME": "IYLA'S SOUTHERN KITCHEN @ MSFH", "ADDRESS1": "411 W MORGAN ST ", "ADDRESS2": null, "CITY": "RALEIGH", "STATE": "NC", "POSTALCODE": "27603", "PHONENUMBER": "(704) 401-4401", "RESTAURANTOPENDATE": 1533081600000, "FACILITYTYPE": "2 - Food Stands", "X": -78.6456934, "Y": 35.77945659, "GEOCODESTATUS": "M", "PERMITID": "Not Provided"}}, {"type": "Feature", "id": 3343, "geometry": {"type": "Point", "coordinates": [-78.6129309223873, 35.78878833496422]}, "properties": {"OBJECTID": 3343, "HSISID": "04092300004", "NAME": "LARRY'S SUPERMARKET - MEAT MARKET", "ADDRESS1": "2041 MILBURNIE RD ", "ADDRESS2": null, "CITY": "RALEIGH", "STATE": "NC", "POSTALCODE": "27610-2211", "PHONENUMBER": "(919) 834-0152", "RESTAURANTOPENDATE": 691891200000, "FACILITYTYPE": "30 - Meat Market", "X": -78.61292832, "Y": 35.78878125, "GEOCODESTATUS": "M", "PERMITID": "Not Provided"}}, {"type": "Feature", "id": 3344, "geometry": {"type": "Point", "coordinates": [-78.64662309233461, 35.75037600000754]}, "properties": {"OBJECTID": 3344, "HSISID": "04092300027", "NAME": "SAM'S CLUB #8223 MEAT MARKET", "ADDRESS1": "2537 S SAUNDERS ST ", "ADDRESS2": null, "CITY": "RALEIGH", "STATE": "NC", "POSTALCODE": "27603-2843", "PHONENUMBER": "(919) 839-1700", "RESTAURANTOPENDATE": 713059200000, "FACILITYTYPE": "30 - Meat Market", "X": -78.64662048, "Y": 35.75036893, "GEOCODESTATUS": "M", "PERMITID": "Not Provided"}}, {"type": "Feature", "id": 3345, "geometry": {"type": "Point", "coordinates": [-78.66060232984648, 35.81550866475602]}, "properties": {"OBJECTID": 3345, "HSISID": "04092300052", "NAME": "HARRIS TEETER #289 MEAT MARKET", "ADDRESS1": "2603 GLENWOOD AVE ", "ADDRESS2": null, "CITY": "RALEIGH", "STATE": "NC", "POSTALCODE": "27608-1044", "PHONENUMBER": "(919) 787-5526", "RESTAURANTOPENDATE": 683164800000, "FACILITYTYPE": "30 - Meat Market", "X": -78.66059971, "Y": 35.81550158, "GEOCODESTATUS": "M", "PERMITID": "Not Provided"}}, {"type": "Feature", "id": 3346, "geometry": {"type": "Point", "coordinates": [-78.51574433834806, 35.75589350316759]}, "properties": {"OBJECTID": 3346, "HSISID": "04092300067", "NAME": "PAULS CASH GROCERY MEAT MARKET", "ADDRESS1": "7301 POOLE RD ", "ADDRESS2": null, "CITY": "RALEIGH", "STATE": "NC", "POSTALCODE": "27610-9366", "PHONENUMBER": "(919) 266-2624", "RESTAURANTOPENDATE": 683164800000, "FACILITYTYPE": "30 - Meat Market", "X": -78.51574177, "Y": 35.75588643, "GEOCODESTATUS": "M", "PERMITID": "Not Provided"}}, {"type": "Feature", "id": 3347, "geometry": {"type": "Point", "coordinates": [-78.70695808666805, 35.825454670449396]}, "properties": {"OBJECTID": 3347, "HSISID": "04092300060", "NAME": "HARRIS TEETER #69 MEAT MARKET", "ADDRESS1": "3201-123 EDWARDS MILL RD", "ADDRESS2": null, "CITY": "RALEIGH", "STATE": "NC", "POSTALCODE": "27612-5385", "PHONENUMBER": "(919) 781-8776", "RESTAURANTOPENDATE": 683164800000, "FACILITYTYPE": "30 - Meat Market", "X": -78.70695545, "Y": 35.82544758, "GEOCODESTATUS": "M", "PERMITID": "Not Provided"}}, {"type": "Feature", "id": 3348, "geometry": {"type": "Point", "coordinates": [-78.66106158088975, 35.79149699973599]}, "properties": {"OBJECTID": 3348, "HSISID": "04092300094", "NAME": "HARRIS TEETER #21 MEAT MARKET", "ADDRESS1": "500 OBERLIN RD ", "ADDRESS2": null, "CITY": "RALEIGH", "STATE": "NC", "POSTALCODE": "27605-1327", "PHONENUMBER": "(919) 828-9216", "RESTAURANTOPENDATE": 783648000000, "FACILITYTYPE": "30 - Meat Market", "X": -78.66105896, "Y": 35.791489920000004, "GEOCODESTATUS": "M", "PERMITID": "Not Provided"}}, {"type": "Feature", "id": 3349, "geometry": {"type": "Point", "coordinates": [-78.68558250000501, 35.802125916119024]}, "properties": {"OBJECTID": 3349, "HSISID": "04092300113", "NAME": "WHOLE FOODS MARKET MEAT MARKET", "ADDRESS1": "3540 WADE AVE ", "ADDRESS2": null, "CITY": "RALEIGH", "STATE": "NC", "POSTALCODE": "27607-4048", "PHONENUMBER": "(919) 828-5805", "RESTAURANTOPENDATE": 866678400000, "FACILITYTYPE": "30 - Meat Market", "X": -78.68557988, "Y": 35.80211883, "GEOCODESTATUS": "M", "PERMITID": "Not Provided"}}, {"type": "Feature", "id": 3350, "geometry": {"type": "Point", "coordinates": [-78.58500791941795, 35.84649600012666]}, "properties": {"OBJECTID": 3350, "HSISID": "04092300121", "NAME": "SAM'S CLUB #6570 MEAT MARKET", "ADDRESS1": "3001 CALVARY DR ", "ADDRESS2": null, "CITY": "RALEIGH", "STATE": "NC", "POSTALCODE": "27604-2801", "PHONENUMBER": "(919) 874-0112", "RESTAURANTOPENDATE": 895104000000, "FACILITYTYPE": "30 - Meat Market", "X": -78.58500532, "Y": 35.84648891, "GEOCODESTATUS": "M", "PERMITID": "Not Provided"}}, {"type": "Feature", "id": 3351, "geometry": {"type": "Point", "coordinates": [-78.80247858121584, 35.604872413368746]}, "properties": {"OBJECTID": 3351, "HSISID": "04092300142", "NAME": "FOOD LION #1459 MEAT MARKET", "ADDRESS1": "1508 BROAD ST ", "ADDRESS2": null, "CITY": "FUQUAY-VARINA", "STATE": "NC", "POSTALCODE": "27526-8363", "PHONENUMBER": "(919) 577-1000", "RESTAURANTOPENDATE": 962409600000, "FACILITYTYPE": "30 - Meat Market", "X": -78.80247593, "Y": 35.60486538, "GEOCODESTATUS": "M", "PERMITID": "Not Provided"}}, {"type": "Feature", "id": 3352, "geometry": {"type": "Point", "coordinates": [-78.83687233236992, 35.65966634063028]}, "properties": {"OBJECTID": 3352, "HSISID": "04092300143", "NAME": "FOOD LION #938 MEAT MARKET", "ADDRESS1": "517 N MAIN ST", "ADDRESS2": null, "CITY": "HOLLY SPRINGS", "STATE": "NC", "POSTALCODE": "27540-9397", "PHONENUMBER": "(919) 557-1175", "RESTAURANTOPENDATE": 962409600000, "FACILITYTYPE": "30 - Meat Market", "X": -78.83686967, "Y": 35.65965929, "GEOCODESTATUS": "M", "PERMITID": "Not Provided"}}, {"type": "Feature", "id": 3353, "geometry": {"type": "Point", "coordinates": [-78.68200916459428, 35.85880017380762]}, "properties": {"OBJECTID": 3353, "HSISID": "04092300146", "NAME": "FOOD LION #193 MEAT MARKET", "ADDRESS1": "5633 CREEDMOOR RD", "ADDRESS2": null, "CITY": "RALEIGH", "STATE": "NC", "POSTALCODE": "27612-6316", "PHONENUMBER": "(919) 781-0597", "RESTAURANTOPENDATE": 962409600000, "FACILITYTYPE": "30 - Meat Market", "X": -78.68200654, "Y": 35.85879308, "GEOCODESTATUS": "M", "PERMITID": "Not Provided"}}, {"type": "Feature", "id": 3354, "geometry": {"type": "Point", "coordinates": [-78.69299833280911, 35.81677665926294]}, "properties": {"OBJECTID": 3354, "HSISID": "04092300147", "NAME": "FOOD LION #1484 MEAT MARKET", "ADDRESS1": "2420 WYCLIFF RD ", "ADDRESS2": null, "CITY": "RALEIGH", "STATE": "NC", "POSTALCODE": "27607-2903", "PHONENUMBER": "(919) 571-3638", "RESTAURANTOPENDATE": 962409600000, "FACILITYTYPE": "30 - Meat Market", "X": -78.69299571, "Y": 35.81676957, "GEOCODESTATUS": "M", "PERMITID": "Not Provided"}}, {"type": "Feature", "id": 3355, "geometry": {"type": "Point", "coordinates": [-78.66044382329112, 35.8861846584724]}, "properties": {"OBJECTID": 3355, "HSISID": "04092300148", "NAME": "FOOD LION #1481 MEAT MARKET ", "ADDRESS1": "7713 LEAD MINE RD ", "ADDRESS2": null, "CITY": "RALEIGH", "STATE": "NC", "POSTALCODE": "27615-4805", "PHONENUMBER": "(919) 518-1607", "RESTAURANTOPENDATE": 962409600000, "FACILITYTYPE": "30 - Meat Market", "X": -78.6604412, "Y": 35.88617756, "GEOCODESTATUS": "M", "PERMITID": "Not Provided"}}, {"type": "Feature", "id": 3356, "geometry": {"type": "Point", "coordinates": [-78.65461324843605, 35.899334413121224]}, "properties": {"OBJECTID": 3356, "HSISID": "04092300150", "NAME": "FOOD LION #1374 MEAT MARKET", "ADDRESS1": "9525 STRICKLAND RD ", "ADDRESS2": null, "CITY": "RALEIGH", "STATE": "NC", "POSTALCODE": "27615-1936", "PHONENUMBER": "(919) 676-0141", "RESTAURANTOPENDATE": 962409600000, "FACILITYTYPE": "30 - Meat Market", "X": -78.65461063, "Y": 35.89932731, "GEOCODESTATUS": "M", "PERMITID": "Not Provided"}}, {"type": "Feature", "id": 3357, "geometry": {"type": "Point", "coordinates": [-78.7186661650445, 35.86920375425917]}, "properties": {"OBJECTID": 3357, "HSISID": "04092300149", "NAME": "FOOD LION #1557 MEAT MARKET ", "ADDRESS1": "4827 GROVE BARTON RD", "ADDRESS2": null, "CITY": "RALEIGH", "STATE": "NC", "POSTALCODE": "27613", "PHONENUMBER": null, "RESTAURANTOPENDATE": 962409600000, "FACILITYTYPE": "30 - Meat Market", "X": -78.71866353, "Y": 35.86919666, "GEOCODESTATUS": "M", "PERMITID": "Not Provided"}}, {"type": "Feature", "id": 3358, "geometry": {"type": "Point", "coordinates": [-78.55797200280195, 35.85460617392628]}, "properties": {"OBJECTID": 3358, "HSISID": "04092300151", "NAME": "FOOD LION #1079 MEAT MARKET", "ADDRESS1": "5621 LOUISBURG RD", "ADDRESS2": null, "CITY": "RALEIGH", "STATE": "NC", "POSTALCODE": "27616-5353", "PHONENUMBER": "(919) 981-0402", "RESTAURANTOPENDATE": 962409600000, "FACILITYTYPE": "30 - Meat Market", "X": -78.55796941, "Y": 35.85459908, "GEOCODESTATUS": "M", "PERMITID": "Not Provided"}}, {"type": "Feature", "id": 2384, "geometry": {"type": "Point", "coordinates": [-78.8995327150806, 35.795573899276825]}, "properties": {"OBJECTID": 2384, "HSISID": "04092021200", "NAME": "THOMAS BROOKS PARK", "ADDRESS1": "111 BROOKS PARK LN ", "ADDRESS2": null, "CITY": "CARY", "STATE": "NC", "POSTALCODE": "27519", "PHONENUMBER": "(919) 621-8410", "RESTAURANTOPENDATE": 1056326400000, "FACILITYTYPE": "2 - Food Stands", "X": -78.89953003, "Y": 35.79556683, "GEOCODESTATUS": "M", "PERMITID": "Not Provided"}}, {"type": "Feature", "id": 2385, "geometry": {"type": "Point", "coordinates": [-78.8248083348745, 35.653815419203625]}, "properties": {"OBJECTID": 2385, "HSISID": "04092021203", "NAME": "LOWES FOODS #207 PRODUCE", "ADDRESS1": "112 BASS LAKE RD", "ADDRESS2": null, "CITY": "HOLLY SPRINGS", "STATE": "NC", "POSTALCODE": "27540", "PHONENUMBER": "(919) 577-6971", "RESTAURANTOPENDATE": 1057795200000, "FACILITYTYPE": "2 - Food Stands", "X": -78.82480568, "Y": 35.65380837, "GEOCODESTATUS": "M", "PERMITID": "Not Provided"}}, {"type": "Feature", "id": 2386, "geometry": {"type": "Point", "coordinates": [-78.559824326818, 35.940762335092955]}, "properties": {"OBJECTID": 2386, "HSISID": "04092021215", "NAME": "FOOD LION #2534 MEAT MARKET/SEAFOOD", "ADDRESS1": "13200 NEW FALLS OF NEUSE RD", "ADDRESS2": null, "CITY": "RALEIGH", "STATE": "NC", "POSTALCODE": "27614", "PHONENUMBER": "(919) 562-8912", "RESTAURANTOPENDATE": 1062633600000, "FACILITYTYPE": "2 - Food Stands", "X": -78.55982173, "Y": 35.94075522, "GEOCODESTATUS": "M", "PERMITID": "Not Provided"}}, {"type": "Feature", "id": 2387, "geometry": {"type": "Point", "coordinates": [-78.65070149083152, 35.73659800550706]}, "properties": {"OBJECTID": 2387, "HSISID": "04092021217", "NAME": "COOK OUT # 24", "ADDRESS1": "3222 S WILMINGTON ST ", "ADDRESS2": null, "CITY": "RALEIGH", "STATE": "NC", "POSTALCODE": "27603", "PHONENUMBER": "(919) 661-5811", "RESTAURANTOPENDATE": 1063065600000, "FACILITYTYPE": "2 - Food Stands", "X": -78.65069888, "Y": 35.73659094, "GEOCODESTATUS": "M", "PERMITID": "Not Provided"}}, {"type": "Feature", "id": 2388, "geometry": {"type": "Point", "coordinates": [-78.56814650234207, 35.86626807834815]}, "properties": {"OBJECTID": 2388, "HSISID": "04092021216", "NAME": "SUPER TARGET STORE T1826 (DELI)", "ADDRESS1": "7900 OLD WAKE FOREST RD", "ADDRESS2": null, "CITY": "RALEIGH", "STATE": "NC", "POSTALCODE": "27616", "PHONENUMBER": "(919) 790-1024", "RESTAURANTOPENDATE": 1062547200000, "FACILITYTYPE": "2 - Food Stands", "X": -78.56814391, "Y": 35.86626098, "GEOCODESTATUS": "M", "PERMITID": "Not Provided"}}, {"type": "Feature", "id": 2389, "geometry": {"type": "Point", "coordinates": [-78.62278650881429, 35.708219412763775]}, "properties": {"OBJECTID": 2389, "HSISID": "04092021222", "NAME": "FOOD LION #75 DELI ", "ADDRESS1": "1339 5TH AVE ", "ADDRESS2": null, "CITY": "GARNER", "STATE": "NC", "POSTALCODE": "27529", "PHONENUMBER": "(919) 779-0770", "RESTAURANTOPENDATE": 1063843200000, "FACILITYTYPE": "2 - Food Stands", "X": -78.62278391, "Y": 35.70821235, "GEOCODESTATUS": "M", "PERMITID": "Not Provided"}}, {"type": "Feature", "id": 2390, "geometry": {"type": "Point", "coordinates": [-78.5095184908592, 35.978247921699335]}, "properties": {"OBJECTID": 2390, "HSISID": "04092021229", "NAME": "DOMINOS PIZZA #4493", "ADDRESS1": "143-B S WHITE ST ", "ADDRESS2": null, "CITY": "WAKE FOREST", "STATE": "NC", "POSTALCODE": "27587", "PHONENUMBER": "(919) 554-1155", "RESTAURANTOPENDATE": 1065398400000, "FACILITYTYPE": "2 - Food Stands", "X": -78.50951591, "Y": 35.9782408, "GEOCODESTATUS": "M", "PERMITID": "Not Provided"}}, {"type": "Feature", "id": 2391, "geometry": {"type": "Point", "coordinates": [-78.5894137546288, 35.90603941306413]}, "properties": {"OBJECTID": 2391, "HSISID": "04092021223", "NAME": "FOOD LION #1358 DELI", "ADDRESS1": "1121 FALLS RIVER AVE ", "ADDRESS2": null, "CITY": "RALEIGH", "STATE": "NC", "POSTALCODE": "27614", "PHONENUMBER": "(919) 847-1640", "RESTAURANTOPENDATE": 1064793600000, "FACILITYTYPE": "2 - Food Stands", "X": -78.58941115, "Y": 35.90603231, "GEOCODESTATUS": "M", "PERMITID": "Not Provided"}}, {"type": "Feature", "id": 2392, "geometry": {"type": "Point", "coordinates": [-78.77801549127398, 35.9123497543802]}, "properties": {"OBJECTID": 2392, "HSISID": "04092021233", "NAME": "WALMART SUPERCENTER #5118 DELI", "ADDRESS1": "10050 GLENWOOD AVE", "ADDRESS2": null, "CITY": "RALEIGH", "STATE": "NC", "POSTALCODE": "27617", "PHONENUMBER": "(919) 596-5790", "RESTAURANTOPENDATE": 1067212800000, "FACILITYTYPE": "2 - Food Stands", "X": -78.77801283, "Y": 35.91234265, "GEOCODESTATUS": "M", "PERMITID": "Not Provided"}}, {"type": "Feature", "id": 2393, "geometry": {"type": "Point", "coordinates": [-78.64662309233461, 35.75037600000754]}, "properties": {"OBJECTID": 2393, "HSISID": "04092021235", "NAME": "SAM'S CLUB #8223 DELI/ROTISSERIE", "ADDRESS1": "2537 S SAUNDERS ST ", "ADDRESS2": null, "CITY": "RALEIGH", "STATE": "NC", "POSTALCODE": "27603", "PHONENUMBER": "(919) 839-1700", "RESTAURANTOPENDATE": 1067212800000, "FACILITYTYPE": "2 - Food Stands", "X": -78.64662048, "Y": 35.75036893, "GEOCODESTATUS": "M", "PERMITID": "Not Provided"}}, {"type": "Feature", "id": 2394, "geometry": {"type": "Point", "coordinates": [-78.54837408971075, 35.791684994352835]}, "properties": {"OBJECTID": 2394, "HSISID": "04092021245", "NAME": "FOOD LION #2504 DELI ", "ADDRESS1": "1030-125 N ROGERS LN ", "ADDRESS2": null, "CITY": "RALEIGH", "STATE": "NC", "POSTALCODE": "27610", "PHONENUMBER": "(919) 792-0321", "RESTAURANTOPENDATE": 1071187200000, "FACILITYTYPE": "2 - Food Stands", "X": -78.54837151, "Y": 35.79167791, "GEOCODESTATUS": "M", "PERMITID": "Not Provided"}}, {"type": "Feature", "id": 2395, "geometry": {"type": "Point", "coordinates": [-78.73666708649516, 35.74405908942946]}, "properties": {"OBJECTID": 2395, "HSISID": "04092021254", "NAME": "DOMINO'S PIZZA #8980", "ADDRESS1": "2881 JONES FRANKLIN RD ", "ADDRESS2": null, "CITY": "RALEIGH", "STATE": "NC", "POSTALCODE": "27606", "PHONENUMBER": "(919) 235-0808", "RESTAURANTOPENDATE": 1075939200000, "FACILITYTYPE": "2 - Food Stands", "X": -78.73666445, "Y": 35.74405202, "GEOCODESTATUS": "M", "PERMITID": "Not Provided"}}, {"type": "Feature", "id": 2396, "geometry": {"type": "Point", "coordinates": [-78.67875991262913, 35.78168783807671]}, "properties": {"OBJECTID": 2396, "HSISID": "04092021264", "NAME": "HAN-DEE HUGO'S #90", "ADDRESS1": "3029 WESTERN BLVD ", "ADDRESS2": null, "CITY": "RALEIGH", "STATE": "NC", "POSTALCODE": "27606", "PHONENUMBER": "(919) 833-5062", "RESTAURANTOPENDATE": 1081900800000, "FACILITYTYPE": "2 - Food Stands", "X": -78.67875729, "Y": 35.78168076, "GEOCODESTATUS": "M", "PERMITID": "Not Provided"}}, {"type": "Feature", "id": 2397, "geometry": {"type": "Point", "coordinates": [-78.67901258449827, 35.839324340867115]}, "properties": {"OBJECTID": 2397, "HSISID": "04092021272", "NAME": "MOE'S SOUTHWEST GRILL", "ADDRESS1": "4325 GLENWOOD AVE ", "ADDRESS2": "SUITE 2037", "CITY": "RALEIGH", "STATE": "NC", "POSTALCODE": "27612", "PHONENUMBER": "(919) 235-4550", "RESTAURANTOPENDATE": 1083542400000, "FACILITYTYPE": "2 - Food Stands", "X": -78.67900996, "Y": 35.83931725, "GEOCODESTATUS": "M", "PERMITID": "Not Provided"}}, {"type": "Feature", "id": 2398, "geometry": {"type": "Point", "coordinates": [-78.62309499726348, 35.89441191568708]}, "properties": {"OBJECTID": 2398, "HSISID": "04092021269", "NAME": "HAN-DEE HUGO'S #95", "ADDRESS1": "8109 FALLS OF NEUSE RD", "ADDRESS2": null, "CITY": "RALEIGH", "STATE": "NC", "POSTALCODE": "27615", "PHONENUMBER": "(919) 847-7689", "RESTAURANTOPENDATE": 1082937600000, "FACILITYTYPE": "2 - Food Stands", "X": -78.62309239, "Y": 35.89440481, "GEOCODESTATUS": "M", "PERMITID": "Not Provided"}}, {"type": "Feature", "id": 2399, "geometry": {"type": "Point", "coordinates": [-78.53503567060584, 35.95208425139612]}, "properties": {"OBJECTID": 2399, "HSISID": "04092021282", "NAME": "WALMART #5254 DELI", "ADDRESS1": "2114 S MAIN ST ", "ADDRESS2": null, "CITY": "WAKE FOREST", "STATE": "NC", "POSTALCODE": "27587", "PHONENUMBER": "(919) 562-2921", "RESTAURANTOPENDATE": 1089849600000, "FACILITYTYPE": "2 - Food Stands", "X": -78.53503308, "Y": 35.95207713, "GEOCODESTATUS": "M", "PERMITID": "Not Provided"}}, {"type": "Feature", "id": 2400, "geometry": {"type": "Point", "coordinates": [-78.50483041344114, 35.94465117361742]}, "properties": {"OBJECTID": 2400, "HSISID": "04092021287", "NAME": "HARRIS TEETER #43 DELI", "ADDRESS1": "3638 ROGERS RD ", "ADDRESS2": null, "CITY": "WAKE FOREST", "STATE": "NC", "POSTALCODE": "27587", "PHONENUMBER": "(919) 562-9521", "RESTAURANTOPENDATE": 1091491200000, "FACILITYTYPE": "2 - Food Stands", "X": -78.50482784, "Y": 35.94464405, "GEOCODESTATUS": "M", "PERMITID": "Not Provided"}}, {"type": "Feature", "id": 2401, "geometry": {"type": "Point", "coordinates": [-78.50483041344114, 35.94465117361742]}, "properties": {"OBJECTID": 2401, "HSISID": "04092021288", "NAME": "HARRIS TEETER #43 MEAT MARKET   SEAFOOD", "ADDRESS1": "3638 ROGERS RD ", "ADDRESS2": null, "CITY": "WAKE FOREST", "STATE": "NC", "POSTALCODE": "27587", "PHONENUMBER": "(919) 562-9521", "RESTAURANTOPENDATE": 1091491200000, "FACILITYTYPE": "2 - Food Stands", "X": -78.50482784, "Y": 35.94464405, "GEOCODESTATUS": "M", "PERMITID": "Not Provided"}}, {"type": "Feature", "id": 2714, "geometry": {"type": "Point", "coordinates": [-78.64569600913487, 35.77946366470373]}, "properties": {"OBJECTID": 2714, "HSISID": "04092025197", "NAME": "THE BOWLS @ MSFH", "ADDRESS1": "411 W MORGAN ST ", "ADDRESS2": null, "CITY": "RALEIGH", "STATE": "NC", "POSTALCODE": "27603", "PHONENUMBER": "(919) 213-1008", "RESTAURANTOPENDATE": 1533081600000, "FACILITYTYPE": "2 - Food Stands", "X": -78.6456934, "Y": 35.77945659, "GEOCODESTATUS": "M", "PERMITID": "Not Provided"}}, {"type": "Feature", "id": 2715, "geometry": {"type": "Point", "coordinates": [-78.64569600913487, 35.77946366470373]}, "properties": {"OBJECTID": 2715, "HSISID": "04092025198", "NAME": "THE KATSU @ MSFH", "ADDRESS1": "411 W MORGAN ST ", "ADDRESS2": null, "CITY": "RALEIGH", "STATE": "NC", "POSTALCODE": "27603", "PHONENUMBER": "(786) 656-3697", "RESTAURANTOPENDATE": 1533081600000, "FACILITYTYPE": "2 - Food Stands", "X": -78.6456934, "Y": 35.77945659, "GEOCODESTATUS": "M", "PERMITID": "Not Provided"}}, {"type": "Feature", "id": 2716, "geometry": {"type": "Point", "coordinates": [-78.64569600913487, 35.77946366470373]}, "properties": {"OBJECTID": 2716, "HSISID": "04092025199", "NAME": "CURRY IN A HURRY @ MSFH", "ADDRESS1": "411 W MORGAN ST ", "ADDRESS2": null, "CITY": "RALEIGH", "STATE": "NC", "POSTALCODE": "27603", "PHONENUMBER": "(919) 606-4285", "RESTAURANTOPENDATE": 1533081600000, "FACILITYTYPE": "2 - Food Stands", "X": -78.6456934, "Y": 35.77945659, "GEOCODESTATUS": "M", "PERMITID": "Not Provided"}}, {"type": "Feature", "id": 2717, "geometry": {"type": "Point", "coordinates": [-78.64569600913487, 35.77946366470373]}, "properties": {"OBJECTID": 2717, "HSISID": "04092025202", "NAME": "MAKUS EMPANADAS @ MSFH", "ADDRESS1": "411 W MORGAN ST ", "ADDRESS2": null, "CITY": "RALEIGH", "STATE": "NC", "POSTALCODE": "27603", "PHONENUMBER": null, "RESTAURANTOPENDATE": 1533168000000, "FACILITYTYPE": "2 - Food Stands", "X": -78.6456934, "Y": 35.77945659, "GEOCODESTATUS": "M", "PERMITID": "Not Provided"}}, {"type": "Feature", "id": 2718, "geometry": {"type": "Point", "coordinates": [-78.8648052572495, 35.73965683186791]}, "properties": {"OBJECTID": 2718, "HSISID": "04092025204", "NAME": "ROMEO'S PIZZA", "ADDRESS1": "800 W WILLIAMS ST ", "ADDRESS2": "SUITE 160", "CITY": "APEX", "STATE": "NC", "POSTALCODE": "27502", "PHONENUMBER": "(919) 355-2920", "RESTAURANTOPENDATE": 1535587200000, "FACILITYTYPE": "2 - Food Stands", "X": -78.86480258, "Y": 35.73964977, "GEOCODESTATUS": "M", "PERMITID": "Not Provided"}}, {"type": "Feature", "id": 2719, "geometry": {"type": "Point", "coordinates": [-78.83921241560995, 35.63988333527005]}, "properties": {"OBJECTID": 2719, "HSISID": "04092025217", "NAME": "HARRIS TEETER #311 CHEESE ISLAND", "ADDRESS1": "324 VILLAGE WALK ", "ADDRESS2": null, "CITY": "HOLLY SPRINGS", "STATE": "NC", "POSTALCODE": "27540", "PHONENUMBER": "(919) 552-1596", "RESTAURANTOPENDATE": 1536796800000, "FACILITYTYPE": "2 - Food Stands", "X": -78.83920975, "Y": 35.63987629, "GEOCODESTATUS": "M", "PERMITID": "Not Provided"}}, {"type": "Feature", "id": 2720, "geometry": {"type": "Point", "coordinates": [-78.6313540064948, 35.88452074797771]}, "properties": {"OBJECTID": 2720, "HSISID": "04092025206", "NAME": "KEIM CENTER (RAVENSCROFT SCHOOL)", "ADDRESS1": "7409 FALLS OF NEUSE RD ", "ADDRESS2": null, "CITY": "RALEIGH", "STATE": "NC", "POSTALCODE": "27615", "PHONENUMBER": null, "RESTAURANTOPENDATE": 1535068800000, "FACILITYTYPE": "2 - Food Stands", "X": -78.63135139, "Y": 35.88451365, "GEOCODESTATUS": "M", "PERMITID": "Not Provided"}}, {"type": "Feature", "id": 2721, "geometry": {"type": "Point", "coordinates": [-78.67901258449827, 35.839324340867115]}, "properties": {"OBJECTID": 2721, "HSISID": "04092025224", "NAME": "LUCIANO", "ADDRESS1": "4325 GLENWOOD AVE ", "ADDRESS2": "SUITE 2032", "CITY": "RALEIGH", "STATE": "NC", "POSTALCODE": "27612", "PHONENUMBER": "(919) 571-2538", "RESTAURANTOPENDATE": 1542326400000, "FACILITYTYPE": "2 - Food Stands", "X": -78.67900996, "Y": 35.83931725, "GEOCODESTATUS": "M", "PERMITID": "Not Provided"}}, {"type": "Feature", "id": 2722, "geometry": {"type": "Point", "coordinates": [-78.50516017078571, 35.795123580459034]}, "properties": {"OBJECTID": 2722, "HSISID": "04092025225", "NAME": "DOMINO'S #8938", "ADDRESS1": "2001 WIDE WATERS PKY ", "ADDRESS2": null, "CITY": "KNIGHTDALE", "STATE": "NC", "POSTALCODE": "27545", "PHONENUMBER": "(919) 266-6667", "RESTAURANTOPENDATE": 1542585600000, "FACILITYTYPE": "2 - Food Stands", "X": -78.5051576, "Y": 35.79511649, "GEOCODESTATUS": "M", "PERMITID": "Not Provided"}}, {"type": "Feature", "id": 2723, "geometry": {"type": "Point", "coordinates": [-78.69742691979866, 35.665091413675235]}, "properties": {"OBJECTID": 2723, "HSISID": "04092025227", "NAME": "DOMINOS #8958", "ADDRESS1": "7981 FAYETTEVILLE RD ", "ADDRESS2": null, "CITY": "RALEIGH", "STATE": "NC", "POSTALCODE": "27603", "PHONENUMBER": "(919) 661-2612", "RESTAURANTOPENDATE": 1544832000000, "FACILITYTYPE": "2 - Food Stands", "X": -78.6974243, "Y": 35.66508436, "GEOCODESTATUS": "M", "PERMITID": "Not Provided"}}, {"type": "Feature", "id": 2724, "geometry": {"type": "Point", "coordinates": [-78.83509575435971, 35.6634541672132]}, "properties": {"OBJECTID": 2724, "HSISID": "04092025228", "NAME": "DOMINOS PIZZA #8978", "ADDRESS1": "2100 CROSSWAY LN ", "ADDRESS2": null, "CITY": "HOLLY SPRINGS", "STATE": "NC", "POSTALCODE": "27540", "PHONENUMBER": "(919) 567-2330", "RESTAURANTOPENDATE": 1544832000000, "FACILITYTYPE": "2 - Food Stands", "X": -78.83509309, "Y": 35.66344712, "GEOCODESTATUS": "M", "PERMITID": "Not Provided"}}, {"type": "Feature", "id": 2725, "geometry": {"type": "Point", "coordinates": [-78.8448688323295, 35.71973066477803]}, "properties": {"OBJECTID": 2725, "HSISID": "04092025229", "NAME": "DOMINO'S #8908", "ADDRESS1": "833 PERRY RD ", "ADDRESS2": null, "CITY": "APEX", "STATE": "NC", "POSTALCODE": "27502", "PHONENUMBER": "(919) 387-0030", "RESTAURANTOPENDATE": 1545004800000, "FACILITYTYPE": "2 - Food Stands", "X": -78.84486616, "Y": 35.71972361, "GEOCODESTATUS": "M", "PERMITID": "Not Provided"}}, {"type": "Feature", "id": 2726, "geometry": {"type": "Point", "coordinates": [-78.72593858375608, 35.90879391586435]}, "properties": {"OBJECTID": 2726, "HSISID": "04092025230", "NAME": "DOMINO'S #7431", "ADDRESS1": "13220-190 STRICKLAND RD", "ADDRESS2": null, "CITY": "RALEIGH", "STATE": "NC", "POSTALCODE": "27613", "PHONENUMBER": "(919) 676-6602", "RESTAURANTOPENDATE": 1545004800000, "FACILITYTYPE": "2 - Food Stands", "X": -78.72593594, "Y": 35.90878681, "GEOCODESTATUS": "M", "PERMITID": "Not Provided"}}, {"type": "Feature", "id": 2727, "geometry": {"type": "Point", "coordinates": [-78.79440915892002, 35.66436408965649]}, "properties": {"OBJECTID": 2727, "HSISID": "04092025231", "NAME": "THE BUTCHERS MARKET", "ADDRESS1": "4200 LASSITER RD ", "ADDRESS2": null, "CITY": "HOLLY SPRINGS", "STATE": "NC", "POSTALCODE": "27540", "PHONENUMBER": "(919) 267-9191", "RESTAURANTOPENDATE": 1544745600000, "FACILITYTYPE": "2 - Food Stands", "X": -78.79440651, "Y": 35.66435704, "GEOCODESTATUS": "M", "PERMITID": "Not Provided"}}, {"type": "Feature", "id": 2728, "geometry": {"type": "Point", "coordinates": [-78.90353891061324, 35.824876910118476]}, "properties": {"OBJECTID": 2728, "HSISID": "04092025232", "NAME": "PUBLIX 1552 PRODUCE", "ADDRESS1": "425 EMISSARY DR ", "ADDRESS2": null, "CITY": "CARY", "STATE": "NC", "POSTALCODE": "27519", "PHONENUMBER": "(919) 388-7201", "RESTAURANTOPENDATE": 1541116800000, "FACILITYTYPE": "2 - Food Stands", "X": -78.90353622, "Y": 35.82486983, "GEOCODESTATUS": "M", "PERMITID": "Not Provided"}}, {"type": "Feature", "id": 2729, "geometry": {"type": "Point", "coordinates": [-78.90353891061324, 35.824876910118476]}, "properties": {"OBJECTID": 2729, "HSISID": "04092025233", "NAME": "PUBLIX 1552 SEAFOOD", "ADDRESS1": "425 EMISSARY DR ", "ADDRESS2": null, "CITY": "CARY", "STATE": "NC", "POSTALCODE": "27519", "PHONENUMBER": "(919) 388-7201", "RESTAURANTOPENDATE": 1541116800000, "FACILITYTYPE": "2 - Food Stands", "X": -78.90353622, "Y": 35.82486983, "GEOCODESTATUS": "M", "PERMITID": "Not Provided"}}, {"type": "Feature", "id": 2730, "geometry": {"type": "Point", "coordinates": [-78.90353891061324, 35.824876910118476]}, "properties": {"OBJECTID": 2730, "HSISID": "04092025234", "NAME": "PUBLIX 1552 MEAT", "ADDRESS1": "425 EMISSARY DR ", "ADDRESS2": null, "CITY": "CARY", "STATE": "NC", "POSTALCODE": "27519", "PHONENUMBER": "(919) 388-7201", "RESTAURANTOPENDATE": 1541116800000, "FACILITYTYPE": "2 - Food Stands", "X": -78.90353622, "Y": 35.82486983, "GEOCODESTATUS": "M", "PERMITID": "Not Provided"}}, {"type": "Feature", "id": 2731, "geometry": {"type": "Point", "coordinates": [-78.80041257750325, 35.58231108969986]}, "properties": {"OBJECTID": 2731, "HSISID": "04092025235", "NAME": "FUQUAY MEAT MARKET", "ADDRESS1": "112 W VANCE ST ", "ADDRESS2": null, "CITY": "FUQUAY-VARINA", "STATE": "NC", "POSTALCODE": "27526", "PHONENUMBER": "(919) 346-1267", "RESTAURANTOPENDATE": 1545177600000, "FACILITYTYPE": "2 - Food Stands", "X": -78.80040993, "Y": 35.58230406, "GEOCODESTATUS": "M", "PERMITID": "Not Provided"}}, {"type": "Feature", "id": 2732, "geometry": {"type": "Point", "coordinates": [-78.72728891942646, 35.90564467051236]}, "properties": {"OBJECTID": 2732, "HSISID": "04092025236", "NAME": "PUBLIX 1551 SEAFOOD", "ADDRESS1": "9640 LEESVILLE RD ", "ADDRESS2": null, "CITY": "RALEIGH", "STATE": "NC", "POSTALCODE": "27613", "PHONENUMBER": "(919) 848-3480", "RESTAURANTOPENDATE": 1543190400000, "FACILITYTYPE": "2 - Food Stands", "X": -78.72728628, "Y": 35.90563757, "GEOCODESTATUS": "M", "PERMITID": "Not Provided"}}, {"type": "Feature", "id": 2402, "geometry": {"type": "Point", "coordinates": [-78.50483041344114, 35.94465117361742]}, "properties": {"OBJECTID": 2402, "HSISID": "04092021289", "NAME": "HARRIS TEETER #43 PRODUCE", "ADDRESS1": "3638 ROGERS RD ", "ADDRESS2": null, "CITY": "WAKE FOREST", "STATE": "NC", "POSTALCODE": "27587", "PHONENUMBER": "(919) 562-9521", "RESTAURANTOPENDATE": 1091491200000, "FACILITYTYPE": "2 - Food Stands", "X": -78.50482784, "Y": 35.94464405, "GEOCODESTATUS": "M", "PERMITID": "Not Provided"}}, {"type": "Feature", "id": 2403, "geometry": {"type": "Point", "coordinates": [-78.56000916232138, 35.80046907827594]}, "properties": {"OBJECTID": 2403, "HSISID": "04092021291", "NAME": "WALMART #5292 DELI", "ADDRESS1": "4431 NEW BERN AVE ", "ADDRESS2": null, "CITY": "RALEIGH", "STATE": "NC", "POSTALCODE": "27610", "PHONENUMBER": "(919) 212-6442", "RESTAURANTOPENDATE": 1093305600000, "FACILITYTYPE": "2 - Food Stands", "X": -78.56000658, "Y": 35.80046199, "GEOCODESTATUS": "M", "PERMITID": "Not Provided"}}, {"type": "Feature", "id": 2404, "geometry": {"type": "Point", "coordinates": [-78.66326574270586, 35.790588753791496]}, "properties": {"OBJECTID": 2404, "HSISID": "04092021295", "NAME": "HARRIS TEETER #21 PRODUCE   SALAD BAR", "ADDRESS1": "501 OBERLIN RD ", "ADDRESS2": null, "CITY": "RALEIGH", "STATE": "NC", "POSTALCODE": "27605", "PHONENUMBER": "(919) 828-9216", "RESTAURANTOPENDATE": 1095897600000, "FACILITYTYPE": "2 - Food Stands", "X": -78.66326313, "Y": 35.79058167, "GEOCODESTATUS": "M", "PERMITID": "Not Provided"}}, {"type": "Feature", "id": 2405, "geometry": {"type": "Point", "coordinates": [-78.66331049098217, 35.764460245515046]}, "properties": {"OBJECTID": 2405, "HSISID": "04092021308", "NAME": "FOOD RUNNERS COLLABORATIVE", "ADDRESS1": "1001 BLAIR DR ", "ADDRESS2": null, "CITY": "RALEIGH", "STATE": "NC", "POSTALCODE": "27603", "PHONENUMBER": "(919) 856-1823", "RESTAURANTOPENDATE": 1107820800000, "FACILITYTYPE": "2 - Food Stands", "X": -78.66330788, "Y": 35.76445317, "GEOCODESTATUS": "M", "PERMITID": "Not Provided"}}, {"type": "Feature", "id": 2406, "geometry": {"type": "Point", "coordinates": [-78.87777875661688, 35.7448846586571]}, "properties": {"OBJECTID": 2406, "HSISID": "04092021298", "NAME": "SUPER TARGET #1932 (DELI & STARBUCKS)", "ADDRESS1": "1201 BEAVER CREEK COMMONS DR ", "ADDRESS2": null, "CITY": "APEX", "STATE": "NC", "POSTALCODE": "27502", "PHONENUMBER": "(919) 372-1405", "RESTAURANTOPENDATE": 1099612800000, "FACILITYTYPE": "2 - Food Stands", "X": -78.87777608, "Y": 35.7448776, "GEOCODESTATUS": "M", "PERMITID": "Not Provided"}}, {"type": "Feature", "id": 2407, "geometry": {"type": "Point", "coordinates": [-78.78517065923464, 35.91134007841621]}, "properties": {"OBJECTID": 2407, "HSISID": "04092021313", "NAME": "PAPA JOHN'S PIZZA #1734", "ADDRESS1": "10251 LITTLE BRIER CREEK LN ", "ADDRESS2": "STE 105", "CITY": "RALEIGH", "STATE": "NC", "POSTALCODE": "27617", "PHONENUMBER": "(919) 523-4592", "RESTAURANTOPENDATE": 1110758400000, "FACILITYTYPE": "2 - Food Stands", "X": -78.785168, "Y": 35.91133298, "GEOCODESTATUS": "M", "PERMITID": "Not Provided"}}, {"type": "Feature", "id": 2408, "geometry": {"type": "Point", "coordinates": [-78.86276499749108, 35.73803674828795]}, "properties": {"OBJECTID": 2408, "HSISID": "04092021318", "NAME": "HARRIS TEETER #58 PRODUCE", "ADDRESS1": "750 W WILLIAMS ST ", "ADDRESS2": null, "CITY": "APEX", "STATE": "NC", "POSTALCODE": "27502", "PHONENUMBER": "(919) 362-3782", "RESTAURANTOPENDATE": 1113350400000, "FACILITYTYPE": "2 - Food Stands", "X": -78.86276232, "Y": 35.73802969, "GEOCODESTATUS": "M", "PERMITID": "Not Provided"}}, {"type": "Feature", "id": 2409, "geometry": {"type": "Point", "coordinates": [-78.86276499749108, 35.73803674828795]}, "properties": {"OBJECTID": 2409, "HSISID": "04092021319", "NAME": "HARRIS TEETER #58 DELI", "ADDRESS1": "750 W WILLIAMS ST ", "ADDRESS2": null, "CITY": "APEX", "STATE": "NC", "POSTALCODE": "27502", "PHONENUMBER": "(919) 362-3782", "RESTAURANTOPENDATE": 1113350400000, "FACILITYTYPE": "2 - Food Stands", "X": -78.86276232, "Y": 35.73802969, "GEOCODESTATUS": "M", "PERMITID": "Not Provided"}}, {"type": "Feature", "id": 2410, "geometry": {"type": "Point", "coordinates": [-78.86276499749108, 35.73803674828795]}, "properties": {"OBJECTID": 2410, "HSISID": "04092021322", "NAME": "HARRIS TEETER #58 MEAT/SEAFOOD", "ADDRESS1": "750 W WILLIAMS ST ", "ADDRESS2": null, "CITY": "APEX", "STATE": "NC", "POSTALCODE": "27502", "PHONENUMBER": "(919) 362-3782", "RESTAURANTOPENDATE": 1113350400000, "FACILITYTYPE": "2 - Food Stands", "X": -78.86276232, "Y": 35.73802969, "GEOCODESTATUS": "M", "PERMITID": "Not Provided"}}, {"type": "Feature", "id": 2411, "geometry": {"type": "Point", "coordinates": [-78.60826942529057, 35.83723575440644]}, "properties": {"OBJECTID": 2411, "HSISID": "04092021327", "NAME": "WALMART SUPERCENTER # 2058 DELI", "ADDRESS1": "1725 NEW HOPE CHURCH RD", "ADDRESS2": null, "CITY": "RALEIGH", "STATE": "NC", "POSTALCODE": "27609", "PHONENUMBER": "(919) 790-6910", "RESTAURANTOPENDATE": 1115683200000, "FACILITYTYPE": "2 - Food Stands", "X": -78.60826682, "Y": 35.83722866, "GEOCODESTATUS": "M", "PERMITID": "Not Provided"}}, {"type": "Feature", "id": 2412, "geometry": {"type": "Point", "coordinates": [-78.68558250000501, 35.802125916119024]}, "properties": {"OBJECTID": 2412, "HSISID": "04092021334", "NAME": "WHOLE FOODS MARKET SEAFOOD MARKET", "ADDRESS1": "3540 WADE AVE ", "ADDRESS2": null, "CITY": "RALEIGH", "STATE": "NC", "POSTALCODE": "27607", "PHONENUMBER": "(919) 828-1589", "RESTAURANTOPENDATE": 1119830400000, "FACILITYTYPE": "2 - Food Stands", "X": -78.68557988, "Y": 35.80211883, "GEOCODESTATUS": "M", "PERMITID": "Not Provided"}}, {"type": "Feature", "id": 2413, "geometry": {"type": "Point", "coordinates": [-78.85811792183976, 35.83563258099752]}, "properties": {"OBJECTID": 2413, "HSISID": "04092021338", "NAME": "HARRIS TEETER #104 MEAT MARKET", "ADDRESS1": "4093 DAVIS DR ", "ADDRESS2": null, "CITY": "MORRISVILLE", "STATE": "NC", "POSTALCODE": "27560", "PHONENUMBER": "(919) 380-0354", "RESTAURANTOPENDATE": 1123200000000, "FACILITYTYPE": "2 - Food Stands", "X": -78.85811524, "Y": 35.8356255, "GEOCODESTATUS": "M", "PERMITID": "Not Provided"}}, {"type": "Feature", "id": 2414, "geometry": {"type": "Point", "coordinates": [-78.85811792183976, 35.83563258099752]}, "properties": {"OBJECTID": 2414, "HSISID": "04092021339", "NAME": "HARRIS TEETER #104 DELI", "ADDRESS1": "4093 DAVIS DR ", "ADDRESS2": null, "CITY": "MORRISVILLE", "STATE": "NC", "POSTALCODE": "27560", "PHONENUMBER": "(919) 380-0354", "RESTAURANTOPENDATE": 1123200000000, "FACILITYTYPE": "2 - Food Stands", "X": -78.85811524, "Y": 35.8356255, "GEOCODESTATUS": "M", "PERMITID": "Not Provided"}}, {"type": "Feature", "id": 2415, "geometry": {"type": "Point", "coordinates": [-78.85811792183976, 35.83563258099752]}, "properties": {"OBJECTID": 2415, "HSISID": "04092021337", "NAME": "HARRIS TEETER #104 PRODUCE", "ADDRESS1": "4093 DAVIS DR ", "ADDRESS2": null, "CITY": "MORRISVILLE", "STATE": "NC", "POSTALCODE": "27520", "PHONENUMBER": "(919) 380-0354", "RESTAURANTOPENDATE": 1123200000000, "FACILITYTYPE": "2 - Food Stands", "X": -78.85811524, "Y": 35.8356255, "GEOCODESTATUS": "M", "PERMITID": "Not Provided"}}, {"type": "Feature", "id": 2416, "geometry": {"type": "Point", "coordinates": [-78.79652633853732, 35.66680317320954]}, "properties": {"OBJECTID": 2416, "HSISID": "04092021341", "NAME": "HARRIS TEETER #118 PRODUCE", "ADDRESS1": "5277 SUNSET LAKE RD ", "ADDRESS2": null, "CITY": "HOLLY SPRINGS", "STATE": "NC", "POSTALCODE": "27540", "PHONENUMBER": "(919) 363-3059", "RESTAURANTOPENDATE": 1124064000000, "FACILITYTYPE": "2 - Food Stands", "X": -78.79652369, "Y": 35.66679612, "GEOCODESTATUS": "M", "PERMITID": "Not Provided"}}, {"type": "Feature", "id": 2417, "geometry": {"type": "Point", "coordinates": [-78.79652633853732, 35.66680317320954]}, "properties": {"OBJECTID": 2417, "HSISID": "04092021342", "NAME": "HARRIS TEETER #118 DELI", "ADDRESS1": "5277 SUNSET LAKE RD ", "ADDRESS2": null, "CITY": "HOLLY SPRINGS", "STATE": "NC", "POSTALCODE": "27540", "PHONENUMBER": "(919) 363-3059", "RESTAURANTOPENDATE": 1124064000000, "FACILITYTYPE": "2 - Food Stands", "X": -78.79652369, "Y": 35.66679612, "GEOCODESTATUS": "M", "PERMITID": "Not Provided"}}, {"type": "Feature", "id": 2418, "geometry": {"type": "Point", "coordinates": [-78.78578042155027, 35.91012600036957]}, "properties": {"OBJECTID": 2418, "HSISID": "04092021343", "NAME": "LOWES FOODS #224 BEEF SHOP", "ADDRESS1": "8100 BRIER CREEK PKY ", "ADDRESS2": null, "CITY": "RALEIGH", "STATE": "NC", "POSTALCODE": "27616", "PHONENUMBER": "(336) 659-0180", "RESTAURANTOPENDATE": 1124064000000, "FACILITYTYPE": "2 - Food Stands", "X": -78.78577776, "Y": 35.9101189, "GEOCODESTATUS": "M", "PERMITID": "Not Provided"}}, {"type": "Feature", "id": 2419, "geometry": {"type": "Point", "coordinates": [-78.78578042155027, 35.91012600036957]}, "properties": {"OBJECTID": 2419, "HSISID": "04092021344", "NAME": "LOWES FOODS #224 DELI", "ADDRESS1": "8100 BRIER CREEK PKY ", "ADDRESS2": null, "CITY": "RALEIGH", "STATE": "NC", "POSTALCODE": "27616", "PHONENUMBER": "(919) 293-0294", "RESTAURANTOPENDATE": 1124064000000, "FACILITYTYPE": "2 - Food Stands", "X": -78.78577776, "Y": 35.9101189, "GEOCODESTATUS": "M", "PERMITID": "Not Provided"}}, {"type": "Feature", "id": 2733, "geometry": {"type": "Point", "coordinates": [-78.72728891942646, 35.90564467051236]}, "properties": {"OBJECTID": 2733, "HSISID": "04092025237", "NAME": "PUBLIX 1551 PRODUCE", "ADDRESS1": "9640 LEESVILE RD ", "ADDRESS2": null, "CITY": "RALEIGH", "STATE": "NC", "POSTALCODE": "27613", "PHONENUMBER": "(919) 848-3480", "RESTAURANTOPENDATE": 1543190400000, "FACILITYTYPE": "2 - Food Stands", "X": -78.72728628, "Y": 35.90563757, "GEOCODESTATUS": "M", "PERMITID": "Not Provided"}}, {"type": "Feature", "id": 2734, "geometry": {"type": "Point", "coordinates": [-78.61571234162037, 35.80612275478846]}, "properties": {"OBJECTID": 2734, "HSISID": "04092025239", "NAME": "GREYHOUND BUS TERMINAL", "ADDRESS1": "2210 CAPITAL BLVD", "ADDRESS2": null, "CITY": "RALEIGH", "STATE": "NC", "POSTALCODE": "27604", "PHONENUMBER": "(336) 926-0466", "RESTAURANTOPENDATE": 1546819200000, "FACILITYTYPE": "2 - Food Stands", "X": -78.61570974, "Y": 35.80611567, "GEOCODESTATUS": "M", "PERMITID": "Not Provided"}}, {"type": "Feature", "id": 2735, "geometry": {"type": "Point", "coordinates": [-78.72728891942646, 35.90564467051236]}, "properties": {"OBJECTID": 2735, "HSISID": "04092025238", "NAME": "PUBLIX 1551 MEAT", "ADDRESS1": "9640 LEESVILLE RD ", "ADDRESS2": null, "CITY": "RALEIGH", "STATE": "NC", "POSTALCODE": "27613", "PHONENUMBER": "(919) 848-3480", "RESTAURANTOPENDATE": 1543190400000, "FACILITYTYPE": "2 - Food Stands", "X": -78.72728628, "Y": 35.90563757, "GEOCODESTATUS": "M", "PERMITID": "Not Provided"}}, {"type": "Feature", "id": 2736, "geometry": {"type": "Point", "coordinates": [-78.64569600913487, 35.77946366470373]}, "properties": {"OBJECTID": 2736, "HSISID": "04092025240", "NAME": "BAD CAT COFFEE COMPANY  @ MSFH", "ADDRESS1": "411 W MORGAN ST ", "ADDRESS2": "STE. K1", "CITY": "RALEIGH", "STATE": "NC", "POSTALCODE": "27603", "PHONENUMBER": null, "RESTAURANTOPENDATE": 1549929600000, "FACILITYTYPE": "2 - Food Stands", "X": -78.6456934, "Y": 35.77945659, "GEOCODESTATUS": "M", "PERMITID": "Not Provided"}}, {"type": "Feature", "id": 2737, "geometry": {"type": "Point", "coordinates": [-78.80543709259956, 35.74006292183538]}, "properties": {"OBJECTID": 2737, "HSISID": "04092025243", "NAME": "LITTLE CAESARS EXPRESS", "ADDRESS1": "102 GREGSON DR ", "ADDRESS2": null, "CITY": "CARY", "STATE": "NC", "POSTALCODE": "27511", "PHONENUMBER": "(919) 481-4493", "RESTAURANTOPENDATE": 1551225600000, "FACILITYTYPE": "2 - Food Stands", "X": -78.80543444, "Y": 35.74005586, "GEOCODESTATUS": "M", "PERMITID": "Not Provided"}}, {"type": "Feature", "id": 2738, "geometry": {"type": "Point", "coordinates": [-78.63206542518967, 35.77488383858493]}, "properties": {"OBJECTID": 2738, "HSISID": "04092025249", "NAME": "CHHOTE'S @ T CO", "ADDRESS1": "500-123 E DAVIE ST ", "ADDRESS2": null, "CITY": "RALEIGH", "STATE": "NC", "POSTALCODE": "27601", "PHONENUMBER": null, "RESTAURANTOPENDATE": 1554076800000, "FACILITYTYPE": "2 - Food Stands", "X": -78.63206282, "Y": 35.77487676, "GEOCODESTATUS": "M", "PERMITID": "Not Provided"}}, {"type": "Feature", "id": 2739, "geometry": {"type": "Point", "coordinates": [-78.83588792247892, 35.65576774872227]}, "properties": {"OBJECTID": 2739, "HSISID": "04092025245", "NAME": "PAPA JOHN'S #4960", "ADDRESS1": "130 W HOLLY SPRINGS RD ", "ADDRESS2": null, "CITY": "HOLLY SPRINGS", "STATE": "NC", "POSTALCODE": "27540", "PHONENUMBER": "(919) 762-3747", "RESTAURANTOPENDATE": 1552348800000, "FACILITYTYPE": "2 - Food Stands", "X": -78.83588526, "Y": 35.6557607, "GEOCODESTATUS": "M", "PERMITID": "Not Provided"}}, {"type": "Feature", "id": 2740, "geometry": {"type": "Point", "coordinates": [-78.63206542518967, 35.77488383858493]}, "properties": {"OBJECTID": 2740, "HSISID": "04092025250", "NAME": "BUL BOX @ T CO", "ADDRESS1": "500 E DAVIE ST ", "ADDRESS2": "ST. 131", "CITY": "RALEIGH", "STATE": "NC", "POSTALCODE": "27601", "PHONENUMBER": "(919) 917-7958", "RESTAURANTOPENDATE": 1553212800000, "FACILITYTYPE": "2 - Food Stands", "X": -78.63206282, "Y": 35.77487676, "GEOCODESTATUS": "M", "PERMITID": "Not Provided"}}, {"type": "Feature", "id": 2741, "geometry": {"type": "Point", "coordinates": [-78.63903083820921, 35.752059670156385]}, "properties": {"OBJECTID": 2741, "HSISID": "04092025252", "NAME": "MEZQUITAL VALLEY CATERING @ TKA", "ADDRESS1": "2161  S WILMINGTON ST ", "ADDRESS2": null, "CITY": "RALEIGH", "STATE": "NC", "POSTALCODE": "27603", "PHONENUMBER": "(919) 412-4121", "RESTAURANTOPENDATE": 1554768000000, "FACILITYTYPE": "2 - Food Stands", "X": -78.63902823, "Y": 35.7520526, "GEOCODESTATUS": "M", "PERMITID": "Not Provided"}}, {"type": "Feature", "id": 2742, "geometry": {"type": "Point", "coordinates": [-78.77604457480662, 35.59549617335156]}, "properties": {"OBJECTID": 2742, "HSISID": "04092025253", "NAME": "HARRIS TEETER #498 DELI", "ADDRESS1": "1371 E BROAD ST ", "ADDRESS2": null, "CITY": "FUQUAY-VARINA", "STATE": "NC", "POSTALCODE": "27526", "PHONENUMBER": null, "RESTAURANTOPENDATE": 1555545600000, "FACILITYTYPE": "2 - Food Stands", "X": -78.77604193, "Y": 35.59548914, "GEOCODESTATUS": "M", "PERMITID": "Not Provided"}}, {"type": "Feature", "id": 2743, "geometry": {"type": "Point", "coordinates": [-78.77604457480662, 35.59549617335156]}, "properties": {"OBJECTID": 2743, "HSISID": "04092025254", "NAME": "HARRIS TEETER #498 PRODUCE", "ADDRESS1": "1371 E BROAD ST ", "ADDRESS2": null, "CITY": "FUQUAY-VARINA", "STATE": "NC", "POSTALCODE": "27526", "PHONENUMBER": "(919) 567-7423", "RESTAURANTOPENDATE": 1555545600000, "FACILITYTYPE": "2 - Food Stands", "X": -78.77604193, "Y": 35.59548914, "GEOCODESTATUS": "M", "PERMITID": "Not Provided"}}, {"type": "Feature", "id": 2744, "geometry": {"type": "Point", "coordinates": [-78.77604457480662, 35.59549617335156]}, "properties": {"OBJECTID": 2744, "HSISID": "04092025255", "NAME": "HARRIS TEETER MEAT/SEAFOOD #498", "ADDRESS1": "1371 E BROAD ST ", "ADDRESS2": null, "CITY": "FUQUAY-VARINA", "STATE": "NC", "POSTALCODE": "27526", "PHONENUMBER": "(919) 567-7423", "RESTAURANTOPENDATE": 1555545600000, "FACILITYTYPE": "2 - Food Stands", "X": -78.77604193, "Y": 35.59548914, "GEOCODESTATUS": "M", "PERMITID": "Not Provided"}}, {"type": "Feature", "id": 2745, "geometry": {"type": "Point", "coordinates": [-78.63206542518967, 35.77488383858493]}, "properties": {"OBJECTID": 2745, "HSISID": "04092025256", "NAME": "DANK BURRITO @ TCO", "ADDRESS1": "500 E DAVIE ST ", "ADDRESS2": "STE. 132", "CITY": "RALEIGH", "STATE": "NC", "POSTALCODE": "27601", "PHONENUMBER": "(919) 917-7521", "RESTAURANTOPENDATE": 1555459200000, "FACILITYTYPE": "2 - Food Stands", "X": -78.63206282, "Y": 35.77487676, "GEOCODESTATUS": "M", "PERMITID": "Not Provided"}}, {"type": "Feature", "id": 2746, "geometry": {"type": "Point", "coordinates": [-78.79440915892002, 35.66436408965649]}, "properties": {"OBJECTID": 2746, "HSISID": "04092025260", "NAME": "SMOOTHIE KING #1662", "ADDRESS1": "4212 LASSITER RD", "ADDRESS2": null, "CITY": "HOLLY SPRINGS", "STATE": "NC", "POSTALCODE": "27540-4301", "PHONENUMBER": null, "RESTAURANTOPENDATE": 1559260800000, "FACILITYTYPE": "2 - Food Stands", "X": -78.79440651, "Y": 35.66435704, "GEOCODESTATUS": "M", "PERMITID": "Not Provided"}}, {"type": "Feature", "id": 2747, "geometry": {"type": "Point", "coordinates": [-78.57604059292152, 35.86600875436967]}, "properties": {"OBJECTID": 2747, "HSISID": "04092025263", "NAME": "ORIENTAL PHO", "ADDRESS1": "5959 TRIANGLE TOWN BLVD", "ADDRESS2": "1116", "CITY": "RALEIGH", "STATE": "NC", "POSTALCODE": "27616", "PHONENUMBER": "(919) 449-0807", "RESTAURANTOPENDATE": 1560297600000, "FACILITYTYPE": "2 - Food Stands", "X": -78.576038, "Y": 35.86600165, "GEOCODESTATUS": "M", "PERMITID": "Not Provided"}}, {"type": "Feature", "id": 2748, "geometry": {"type": "Point", "coordinates": [-78.68223508727118, 35.901061742258456]}, "properties": {"OBJECTID": 2748, "HSISID": "04092025267", "NAME": "HARRIS TEETER #495 DELI", "ADDRESS1": "8345 CREEDMOOR RD", "ADDRESS2": null, "CITY": "RALEIGH", "STATE": "NC", "POSTALCODE": "27613-1385", "PHONENUMBER": null, "RESTAURANTOPENDATE": 1563148800000, "FACILITYTYPE": "2 - Food Stands", "X": -78.68223246, "Y": 35.90105464, "GEOCODESTATUS": "M", "PERMITID": "Not Provided"}}, {"type": "Feature", "id": 2749, "geometry": {"type": "Point", "coordinates": [-78.68223508727118, 35.901061742258456]}, "properties": {"OBJECTID": 2749, "HSISID": "04092025268", "NAME": "HARRIS TEETER #495 PRODUCE", "ADDRESS1": "8345 CREEDMOOR RD", "ADDRESS2": null, "CITY": "RALEIGH", "STATE": "NC", "POSTALCODE": "27613", "PHONENUMBER": null, "RESTAURANTOPENDATE": 1563148800000, "FACILITYTYPE": "2 - Food Stands", "X": -78.68223246, "Y": 35.90105464, "GEOCODESTATUS": "M", "PERMITID": "Not Provided"}}, {"type": "Feature", "id": 2750, "geometry": {"type": "Point", "coordinates": [-78.68223508727118, 35.901061742258456]}, "properties": {"OBJECTID": 2750, "HSISID": "04092025269", "NAME": "HARRIS TEETER #495 MEAT/SEAFOOD", "ADDRESS1": "8345 CREEDMOOR RD", "ADDRESS2": null, "CITY": "RALEIGH", "STATE": "NC", "POSTALCODE": "27613", "PHONENUMBER": null, "RESTAURANTOPENDATE": 1563148800000, "FACILITYTYPE": "2 - Food Stands", "X": -78.68223246, "Y": 35.90105464, "GEOCODESTATUS": "M", "PERMITID": "Not Provided"}}, {"type": "Feature", "id": 2751, "geometry": {"type": "Point", "coordinates": [-78.64662309233461, 35.75037600000754]}, "properties": {"OBJECTID": 2751, "HSISID": "04092025271", "NAME": "FUJISAN @ SAM'S CLUB", "ADDRESS1": "2537 S SAUNDERS ST", "ADDRESS2": null, "CITY": "RALEIGH", "STATE": "NC", "POSTALCODE": "27603", "PHONENUMBER": "(919) 839-1700", "RESTAURANTOPENDATE": 1562889600000, "FACILITYTYPE": "2 - Food Stands", "X": -78.64662048, "Y": 35.75036893, "GEOCODESTATUS": "M", "PERMITID": "Not Provided"}}, {"type": "Feature", "id": 2420, "geometry": {"type": "Point", "coordinates": [-78.78578042155027, 35.91012600036957]}, "properties": {"OBJECTID": 2420, "HSISID": "04092021348", "NAME": "LOWES FOODS #224 PRODUCE", "ADDRESS1": "8100 BRIER CREEK PKY ", "ADDRESS2": null, "CITY": "RALEIGH", "STATE": "NC", "POSTALCODE": "27616", "PHONENUMBER": "(919) 293-0294", "RESTAURANTOPENDATE": 1124064000000, "FACILITYTYPE": "2 - Food Stands", "X": -78.78577776, "Y": 35.9101189, "GEOCODESTATUS": "M", "PERMITID": "Not Provided"}}, {"type": "Feature", "id": 2421, "geometry": {"type": "Point", "coordinates": [-78.63958657435981, 35.77131899977773]}, "properties": {"OBJECTID": 2421, "HSISID": "04092021361", "NAME": "KENNEDY THEATER KITCHEN", "ADDRESS1": "2 E SOUTH ST ", "ADDRESS2": null, "CITY": "RALEIGH", "STATE": "NC", "POSTALCODE": "27601", "PHONENUMBER": "(919) 675-5635", "RESTAURANTOPENDATE": 1131926400000, "FACILITYTYPE": "2 - Food Stands", "X": -78.63958397, "Y": 35.77131192, "GEOCODESTATUS": "M", "PERMITID": "Not Provided"}}, {"type": "Feature", "id": 2422, "geometry": {"type": "Point", "coordinates": [-78.68558250000501, 35.802125916119024]}, "properties": {"OBJECTID": 2422, "HSISID": "04092021377", "NAME": "WHOLE FOODS MARKET COFFEE BAR", "ADDRESS1": "3540 WADE AVE ", "ADDRESS2": null, "CITY": "RALEIGH", "STATE": "NC", "POSTALCODE": "27607", "PHONENUMBER": "(919) 828-5805", "RESTAURANTOPENDATE": 1145318400000, "FACILITYTYPE": "2 - Food Stands", "X": -78.68557988, "Y": 35.80211883, "GEOCODESTATUS": "M", "PERMITID": "Not Provided"}}, {"type": "Feature", "id": 2423, "geometry": {"type": "Point", "coordinates": [-78.62444999976589, 35.87397367044404]}, "properties": {"OBJECTID": 2423, "HSISID": "04092021372", "NAME": "EDIBLE ARRANGEMENTS", "ADDRESS1": "6675 FALLS OF NEUSE RD", "ADDRESS2": null, "CITY": "RALEIGH", "STATE": "NC", "POSTALCODE": "27615", "PHONENUMBER": "(919) 845-7405", "RESTAURANTOPENDATE": 1143417600000, "FACILITYTYPE": "2 - Food Stands", "X": -78.62444739, "Y": 35.87396657, "GEOCODESTATUS": "M", "PERMITID": "Not Provided"}}, {"type": "Feature", "id": 2424, "geometry": {"type": "Point", "coordinates": [-78.70695808666805, 35.825454670449396]}, "properties": {"OBJECTID": 2424, "HSISID": "04092021379", "NAME": "HARRIS TEETER #69 PRODUCE", "ADDRESS1": "3201-123 EDWARDS MILL RD", "ADDRESS2": null, "CITY": "RALEIGH", "STATE": "NC", "POSTALCODE": "27612", "PHONENUMBER": "(919) 781-8776", "RESTAURANTOPENDATE": 1145577600000, "FACILITYTYPE": "2 - Food Stands", "X": -78.70695545, "Y": 35.82544758, "GEOCODESTATUS": "M", "PERMITID": "Not Provided"}}, {"type": "Feature", "id": 2425, "geometry": {"type": "Point", "coordinates": [-78.70695808666805, 35.825454670449396]}, "properties": {"OBJECTID": 2425, "HSISID": "04092021380", "NAME": "HARRIS TEETER #69 DELI /BAKERY", "ADDRESS1": "3201-123 EDWARDS MILL RD", "ADDRESS2": null, "CITY": "RALEIGH", "STATE": "NC", "POSTALCODE": "27612", "PHONENUMBER": "(919) 781-8776", "RESTAURANTOPENDATE": 1145577600000, "FACILITYTYPE": "2 - Food Stands", "X": -78.70695545, "Y": 35.82544758, "GEOCODESTATUS": "M", "PERMITID": "Not Provided"}}, {"type": "Feature", "id": 2426, "geometry": {"type": "Point", "coordinates": [-78.61874383189765, 35.86628708384318]}, "properties": {"OBJECTID": 2426, "HSISID": "04092021382", "NAME": "HARRIS TEETER #344 DELI/BAKERY", "ADDRESS1": "6024 FALLS OF NEUSE RD", "ADDRESS2": null, "CITY": "RALEIGH", "STATE": "NC", "POSTALCODE": "27609", "PHONENUMBER": "(919) 872-5786", "RESTAURANTOPENDATE": 1144627200000, "FACILITYTYPE": "2 - Food Stands", "X": -78.61874122, "Y": 35.86627999, "GEOCODESTATUS": "M", "PERMITID": "Not Provided"}}, {"type": "Feature", "id": 2427, "geometry": {"type": "Point", "coordinates": [-78.61874383189765, 35.86628708384318]}, "properties": {"OBJECTID": 2427, "HSISID": "04092021383", "NAME": "HARRIS TEETER #344 MEAT/SEAFOOD", "ADDRESS1": "6024 FALLS OF NEUSE RD", "ADDRESS2": null, "CITY": "RALEIGH", "STATE": "NC", "POSTALCODE": "27609", "PHONENUMBER": "(919) 872-5786", "RESTAURANTOPENDATE": 1144627200000, "FACILITYTYPE": "2 - Food Stands", "X": -78.61874122, "Y": 35.86627999, "GEOCODESTATUS": "M", "PERMITID": "Not Provided"}}, {"type": "Feature", "id": 2428, "geometry": {"type": "Point", "coordinates": [-78.61874383189765, 35.86628708384318]}, "properties": {"OBJECTID": 2428, "HSISID": "04092021384", "NAME": "HARRIS TEETER #344 PRODUCE", "ADDRESS1": "6024 FALLS OF NEUSE RD", "ADDRESS2": null, "CITY": "RALEIGH", "STATE": "NC", "POSTALCODE": "27609", "PHONENUMBER": "(919) 872-5786", "RESTAURANTOPENDATE": 1144627200000, "FACILITYTYPE": "2 - Food Stands", "X": -78.61874122, "Y": 35.86627999, "GEOCODESTATUS": "M", "PERMITID": "Not Provided"}}, {"type": "Feature", "id": 2429, "geometry": {"type": "Point", "coordinates": [-78.78400649993951, 35.91249191030778]}, "properties": {"OBJECTID": 2429, "HSISID": "04092021385", "NAME": "FUEL STOP AT BRIER CREEK", "ADDRESS1": "10250 LITTLE BRIER CREEK LN", "ADDRESS2": null, "CITY": "RALEIGH", "STATE": "NC", "POSTALCODE": "27617", "PHONENUMBER": "(919) 361-5300", "RESTAURANTOPENDATE": 1147046400000, "FACILITYTYPE": "2 - Food Stands", "X": -78.78400384, "Y": 35.91248481, "GEOCODESTATUS": "M", "PERMITID": "Not Provided"}}, {"type": "Feature", "id": 2430, "geometry": {"type": "Point", "coordinates": [-78.68103909287171, 35.89084699431557]}, "properties": {"OBJECTID": 2430, "HSISID": "04092021389", "NAME": "SEVEN OAKS SWIM CLUB CONCESSION STAND", "ADDRESS1": "2500 HOWARD RD ", "ADDRESS2": null, "CITY": "RALEIGH", "STATE": "NC", "POSTALCODE": "27613", "PHONENUMBER": "(919) 848-8313", "RESTAURANTOPENDATE": 1150761600000, "FACILITYTYPE": "2 - Food Stands", "X": -78.68103647, "Y": 35.89083989, "GEOCODESTATUS": "M", "PERMITID": "Not Provided"}}, {"type": "Feature", "id": 2431, "geometry": {"type": "Point", "coordinates": [-78.8518804185753, 35.790451910630374]}, "properties": {"OBJECTID": 2431, "HSISID": "04092021397", "NAME": "HARRIS TEETER #138 PRODUCE", "ADDRESS1": "98 CORNERSTONE DR ", "ADDRESS2": null, "CITY": "CARY", "STATE": "NC", "POSTALCODE": "27519", "PHONENUMBER": "(919) 467-1259", "RESTAURANTOPENDATE": 1157414400000, "FACILITYTYPE": "2 - Food Stands", "X": -78.85187774, "Y": 35.79044484, "GEOCODESTATUS": "M", "PERMITID": "Not Provided"}}, {"type": "Feature", "id": 2432, "geometry": {"type": "Point", "coordinates": [-78.8518804185753, 35.790451910630374]}, "properties": {"OBJECTID": 2432, "HSISID": "04092021398", "NAME": "HARRIS TEETER #138 DELI", "ADDRESS1": "98 CORNERSTONE DR ", "ADDRESS2": null, "CITY": "CARY", "STATE": "NC", "POSTALCODE": "27519", "PHONENUMBER": "(919) 467-1259", "RESTAURANTOPENDATE": 1157414400000, "FACILITYTYPE": "2 - Food Stands", "X": -78.85187774, "Y": 35.79044484, "GEOCODESTATUS": "M", "PERMITID": "Not Provided"}}, {"type": "Feature", "id": 2433, "geometry": {"type": "Point", "coordinates": [-78.8518804185753, 35.790451910630374]}, "properties": {"OBJECTID": 2433, "HSISID": "04092021399", "NAME": "HARRIS TEETER #138 MEAT/SEAFOOD", "ADDRESS1": "98 CORNERSTONE DR ", "ADDRESS2": null, "CITY": "CARY", "STATE": "NC", "POSTALCODE": "27519", "PHONENUMBER": "(919) 467-1259", "RESTAURANTOPENDATE": 1157414400000, "FACILITYTYPE": "2 - Food Stands", "X": -78.85187774, "Y": 35.79044484, "GEOCODESTATUS": "M", "PERMITID": "Not Provided"}}, {"type": "Feature", "id": 2434, "geometry": {"type": "Point", "coordinates": [-78.70124563461593, 35.663653243645754]}, "properties": {"OBJECTID": 2434, "HSISID": "04092021401", "NAME": "HARRIS TEETER #283 MEAT/SEAFOOD", "ADDRESS1": "8101 FAYETTEVILLE RD ", "ADDRESS2": null, "CITY": "FUQUAY-VARINA", "STATE": "NC", "POSTALCODE": "27603", "PHONENUMBER": "(919) 772-0241", "RESTAURANTOPENDATE": 1155686400000, "FACILITYTYPE": "2 - Food Stands", "X": -78.70124301, "Y": 35.66364619, "GEOCODESTATUS": "M", "PERMITID": "Not Provided"}}, {"type": "Feature", "id": 2435, "geometry": {"type": "Point", "coordinates": [-78.70124563461593, 35.663653243645754]}, "properties": {"OBJECTID": 2435, "HSISID": "04092021403", "NAME": "HARRIS TEETER #283 PRODUCE ", "ADDRESS1": "8101 FAYETTEVILLE  RD ", "ADDRESS2": null, "CITY": "FUQUAY-VARINA", "STATE": "NC", "POSTALCODE": "27603", "PHONENUMBER": "(919) 772-0241", "RESTAURANTOPENDATE": 1155686400000, "FACILITYTYPE": "2 - Food Stands", "X": -78.70124301, "Y": 35.66364619, "GEOCODESTATUS": "M", "PERMITID": "Not Provided"}}, {"type": "Feature", "id": 2436, "geometry": {"type": "Point", "coordinates": [-78.62231582616258, 35.818263922074365]}, "properties": {"OBJECTID": 2436, "HSISID": "04092021409", "NAME": "COSTCO WHOLESALE #645 MEAT DEPARTMENT ", "ADDRESS1": "2838 WAKE FOREST RD ", "ADDRESS2": null, "CITY": "RALEIGH", "STATE": "NC", "POSTALCODE": "27609", "PHONENUMBER": "(919) 755-2816", "RESTAURANTOPENDATE": 1161648000000, "FACILITYTYPE": "2 - Food Stands", "X": -78.62231322, "Y": 35.81825683, "GEOCODESTATUS": "M", "PERMITID": "Not Provided"}}, {"type": "Feature", "id": 2437, "geometry": {"type": "Point", "coordinates": [-78.70124563461593, 35.663653243645754]}, "properties": {"OBJECTID": 2437, "HSISID": "04092021402", "NAME": "HARRIS TEETER #283 DELI ", "ADDRESS1": "8101 FAYETTEVILLE RD ", "ADDRESS2": null, "CITY": "FUQUAY-VARINA", "STATE": "NC", "POSTALCODE": "27603", "PHONENUMBER": "(919) 772-0241", "RESTAURANTOPENDATE": 1155686400000, "FACILITYTYPE": "2 - Food Stands", "X": -78.70124301, "Y": 35.66364619, "GEOCODESTATUS": "M", "PERMITID": "Not Provided"}}, {"type": "Feature", "id": 2752, "geometry": {"type": "Point", "coordinates": [-78.53863083558925, 35.956763915899344]}, "properties": {"OBJECTID": 2752, "HSISID": "04092025270", "NAME": "FUJISAN", "ADDRESS1": "11460 ROYAL COTTON RD ", "ADDRESS2": null, "CITY": "WAKE FOREST", "STATE": "NC", "POSTALCODE": "27587", "PHONENUMBER": "(919) 263-6134", "RESTAURANTOPENDATE": 1562889600000, "FACILITYTYPE": "2 - Food Stands", "X": -78.53862825, "Y": 35.9567568, "GEOCODESTATUS": "M", "PERMITID": "Not Provided"}}, {"type": "Feature", "id": 2753, "geometry": {"type": "Point", "coordinates": [-78.82197274829379, 35.745632497402276]}, "properties": {"OBJECTID": 2753, "HSISID": "04092025272", "NAME": "HARRIS TEETER #496 MEAT/SEAFOOD", "ADDRESS1": "940 US 64 HWY W", "ADDRESS2": null, "CITY": "APEX", "STATE": "NC", "POSTALCODE": "27523-7184", "PHONENUMBER": null, "RESTAURANTOPENDATE": 1563148800000, "FACILITYTYPE": "2 - Food Stands", "X": -78.82197009, "Y": 35.74562543, "GEOCODESTATUS": "M", "PERMITID": "Not Provided"}}, {"type": "Feature", "id": 2754, "geometry": {"type": "Point", "coordinates": [-78.82197274829379, 35.745632497402276]}, "properties": {"OBJECTID": 2754, "HSISID": "04092025273", "NAME": "HARRIS TEETER #496 PRODUCE", "ADDRESS1": "940 US 64 HWY W", "ADDRESS2": null, "CITY": "APEX", "STATE": "NC", "POSTALCODE": "27523-7184", "PHONENUMBER": null, "RESTAURANTOPENDATE": 1563148800000, "FACILITYTYPE": "2 - Food Stands", "X": -78.82197009, "Y": 35.74562543, "GEOCODESTATUS": "M", "PERMITID": "Not Provided"}}, {"type": "Feature", "id": 2755, "geometry": {"type": "Point", "coordinates": [-78.82197274829379, 35.745632497402276]}, "properties": {"OBJECTID": 2755, "HSISID": "04092025274", "NAME": "HARRIS TEETER #496 DELI", "ADDRESS1": "940 US 64 HWY W", "ADDRESS2": null, "CITY": "APEX", "STATE": "NC", "POSTALCODE": "27523-7184", "PHONENUMBER": null, "RESTAURANTOPENDATE": 1563148800000, "FACILITYTYPE": "2 - Food Stands", "X": -78.82197009, "Y": 35.74562543, "GEOCODESTATUS": "M", "PERMITID": "Not Provided"}}, {"type": "Feature", "id": 2756, "geometry": {"type": "Point", "coordinates": [-78.84865825132587, 35.78922774315409]}, "properties": {"OBJECTID": 2756, "HSISID": "04092025275", "NAME": "LOVE BAO TAIWANESE KITCHEN", "ADDRESS1": "1961 HIGH HOUSE RD ", "ADDRESS2": null, "CITY": "CARY", "STATE": "NC", "POSTALCODE": "27519", "PHONENUMBER": "(919) 622-3586", "RESTAURANTOPENDATE": 1563753600000, "FACILITYTYPE": "2 - Food Stands", "X": -78.84865558, "Y": 35.78922067, "GEOCODESTATUS": "M", "PERMITID": "Not Provided"}}, {"type": "Feature", "id": 2757, "geometry": {"type": "Point", "coordinates": [-78.83842617386632, 35.745811826185786]}, "properties": {"OBJECTID": 2757, "HSISID": "04092025277", "NAME": "APEX HIGH SCHOOL CULINARY ARTS", "ADDRESS1": "1501 LAURA DUNCAN RD", "ADDRESS2": null, "CITY": "APEX", "STATE": "NC", "POSTALCODE": "27523-1539", "PHONENUMBER": null, "RESTAURANTOPENDATE": 1564617600000, "FACILITYTYPE": "2 - Food Stands", "X": -78.83842351, "Y": 35.74580476, "GEOCODESTATUS": "M", "PERMITID": "Not Provided"}}, {"type": "Feature", "id": 2758, "geometry": {"type": "Point", "coordinates": [-78.81194275167114, 35.785358580623]}, "properties": {"OBJECTID": 2758, "HSISID": "04092025280", "NAME": "HARRIS TEETER #494 PRODUCE", "ADDRESS1": "1273 NW MAYNARD RD", "ADDRESS2": null, "CITY": "CARY", "STATE": "NC", "POSTALCODE": "27513", "PHONENUMBER": null, "RESTAURANTOPENDATE": 1566777600000, "FACILITYTYPE": "2 - Food Stands", "X": -78.81194009, "Y": 35.78535151, "GEOCODESTATUS": "M", "PERMITID": "Not Provided"}}, {"type": "Feature", "id": 2759, "geometry": {"type": "Point", "coordinates": [-78.81194275167114, 35.785358580623]}, "properties": {"OBJECTID": 2759, "HSISID": "04092025281", "NAME": "HARRIS TEETER #494 MEAT/SEAFOOD", "ADDRESS1": "1273 NW MAYNARD RD", "ADDRESS2": null, "CITY": "CARY", "STATE": "NC", "POSTALCODE": "27513", "PHONENUMBER": null, "RESTAURANTOPENDATE": 1566777600000, "FACILITYTYPE": "2 - Food Stands", "X": -78.81194009, "Y": 35.78535151, "GEOCODESTATUS": "M", "PERMITID": "Not Provided"}}, {"type": "Feature", "id": 2760, "geometry": {"type": "Point", "coordinates": [-78.63206542518967, 35.77488383858493]}, "properties": {"OBJECTID": 2760, "HSISID": "04092025282", "NAME": "ALIMENTARI", "ADDRESS1": "500 E DAVIE ST", "ADDRESS2": "SUITE 136", "CITY": "RALEIGH", "STATE": "NC", "POSTALCODE": "27601", "PHONENUMBER": "(919) 316-0468", "RESTAURANTOPENDATE": 1568678400000, "FACILITYTYPE": "2 - Food Stands", "X": -78.63206282, "Y": 35.77487676, "GEOCODESTATUS": "M", "PERMITID": "Not Provided"}}, {"type": "Feature", "id": 2761, "geometry": {"type": "Point", "coordinates": [-78.89528342257664, 35.73604724560056]}, "properties": {"OBJECTID": 2761, "HSISID": "04092025286", "NAME": "MARCO'S PIZZA #8403", "ADDRESS1": "1487 KELLY RD", "ADDRESS2": null, "CITY": "APEX", "STATE": "NC", "POSTALCODE": "27502-9572", "PHONENUMBER": "(919) 446-5555", "RESTAURANTOPENDATE": 1571961600000, "FACILITYTYPE": "2 - Food Stands", "X": -78.89528074, "Y": 35.73604019, "GEOCODESTATUS": "M", "PERMITID": "Not Provided"}}, {"type": "Feature", "id": 2762, "geometry": {"type": "Point", "coordinates": [-78.62700057752488, 35.89304517364213]}, "properties": {"OBJECTID": 2762, "HSISID": "04092025288", "NAME": "FOOD LION #2244 DELI", "ADDRESS1": "7905 FALLS OF NEUSE RD", "ADDRESS2": null, "CITY": "RALEIGH", "STATE": "NC", "POSTALCODE": "27615", "PHONENUMBER": "(919) 847-8159", "RESTAURANTOPENDATE": 1572307200000, "FACILITYTYPE": "2 - Food Stands", "X": -78.62699797, "Y": 35.89303807, "GEOCODESTATUS": "M", "PERMITID": "Not Provided"}}, {"type": "Feature", "id": 2763, "geometry": {"type": "Point", "coordinates": [-78.63903083820921, 35.752059670156385]}, "properties": {"OBJECTID": 2763, "HSISID": "04092025292", "NAME": "KITCHEN ARCHIVE", "ADDRESS1": "2161 S WILMINGTON ST ", "ADDRESS2": null, "CITY": "RALEIGH", "STATE": "NC", "POSTALCODE": "27603", "PHONENUMBER": "(919) 920-6309", "RESTAURANTOPENDATE": 1572912000000, "FACILITYTYPE": "2 - Food Stands", "X": -78.63902823, "Y": 35.7520526, "GEOCODESTATUS": "M", "PERMITID": "Not Provided"}}, {"type": "Feature", "id": 2764, "geometry": {"type": "Point", "coordinates": [-78.62700057752488, 35.89304517364213]}, "properties": {"OBJECTID": 2764, "HSISID": "04092025289", "NAME": "FOOD LION #2244 PRODUCE", "ADDRESS1": "7905 FALLS OF NEUSE RD", "ADDRESS2": null, "CITY": "RALEIGH", "STATE": "NC", "POSTALCODE": "27615", "PHONENUMBER": "(919) 847-8159", "RESTAURANTOPENDATE": 1572307200000, "FACILITYTYPE": "2 - Food Stands", "X": -78.62699797, "Y": 35.89303807, "GEOCODESTATUS": "M", "PERMITID": "Not Provided"}}, {"type": "Feature", "id": 2765, "geometry": {"type": "Point", "coordinates": [-78.64569600913487, 35.77946366470373]}, "properties": {"OBJECTID": 2765, "HSISID": "04092025307", "NAME": "THE PANINI CO @ MSFH", "ADDRESS1": "411 W MORGAN ST", "ADDRESS2": null, "CITY": "RALEIGH", "STATE": "NC", "POSTALCODE": "27603", "PHONENUMBER": "(919) 414-2291", "RESTAURANTOPENDATE": 1580083200000, "FACILITYTYPE": "2 - Food Stands", "X": -78.6456934, "Y": 35.77945659, "GEOCODESTATUS": "M", "PERMITID": "Not Provided"}}, {"type": "Feature", "id": 2766, "geometry": {"type": "Point", "coordinates": [-78.74322858915211, 35.74717183250092]}, "properties": {"OBJECTID": 2766, "HSISID": "04092025294", "NAME": "HARRIS TEETER #330 STARBUCKS", "ADDRESS1": "1151 TRYON VILLAGE DR", "ADDRESS2": null, "CITY": "CARY", "STATE": "NC", "POSTALCODE": "27518", "PHONENUMBER": "(919) 233-3476", "RESTAURANTOPENDATE": 1574726400000, "FACILITYTYPE": "2 - Food Stands", "X": -78.74322595, "Y": 35.74716476, "GEOCODESTATUS": "M", "PERMITID": "Not Provided"}}, {"type": "Feature", "id": 2767, "geometry": {"type": "Point", "coordinates": [-78.58619874313922, 35.925407999867524]}, "properties": {"OBJECTID": 2767, "HSISID": "04092025314", "NAME": "THE BUTCHER'S MARKET-BEDFORD", "ADDRESS1": "1540 DUNN RD", "ADDRESS2": "160", "CITY": "RALEIGH", "STATE": "NC", "POSTALCODE": "27614", "PHONENUMBER": "(919) 747-9802", "RESTAURANTOPENDATE": 1592870400000, "FACILITYTYPE": "2 - Food Stands", "X": -78.58619614, "Y": 35.92540089, "GEOCODESTATUS": "M", "PERMITID": "Not Provided"}}, {"type": "Feature", "id": 2768, "geometry": {"type": "Point", "coordinates": [-78.64490250058262, 35.78790507782399]}, "properties": {"OBJECTID": 2768, "HSISID": "04092025320", "NAME": "PUBLIX #1652  DELI", "ADDRESS1": "417 W PEACE ST", "ADDRESS2": "100", "CITY": "RALEIGH", "STATE": "NC", "POSTALCODE": "27603-1133", "PHONENUMBER": "(919) 755-5444", "RESTAURANTOPENDATE": 1599004800000, "FACILITYTYPE": "2 - Food Stands", "X": -78.64489989, "Y": 35.787898, "GEOCODESTATUS": "M", "PERMITID": "Not Provided"}}, {"type": "Feature", "id": 2769, "geometry": {"type": "Point", "coordinates": [-78.64490250058262, 35.78790507782399]}, "properties": {"OBJECTID": 2769, "HSISID": "04092025321", "NAME": "PUBLIX #1652 PRODUCE", "ADDRESS1": "417 W PEACE ST", "ADDRESS2": "100", "CITY": "RALEIGH", "STATE": "NC", "POSTALCODE": "27603-5017", "PHONENUMBER": "(919) 755-5444", "RESTAURANTOPENDATE": 1599004800000, "FACILITYTYPE": "2 - Food Stands", "X": -78.64489989, "Y": 35.787898, "GEOCODESTATUS": "M", "PERMITID": "Not Provided"}}, {"type": "Feature", "id": 2770, "geometry": {"type": "Point", "coordinates": [-78.58256816495401, 35.84853950331252]}, "properties": {"OBJECTID": 2770, "HSISID": "04092025318", "NAME": "EL MANDADO SUPERMARKET-MEAT/SEAFOOD DEPT", "ADDRESS1": "2950 E MILLBROOK RD", "ADDRESS2": null, "CITY": "RALEIGH", "STATE": "NC", "POSTALCODE": "27604-2816", "PHONENUMBER": "(919) 878-1800", "RESTAURANTOPENDATE": 1598745600000, "FACILITYTYPE": "2 - Food Stands", "X": -78.58256557, "Y": 35.84853241, "GEOCODESTATUS": "M", "PERMITID": "Not Provided"}}, {"type": "Feature", "id": 3359, "geometry": {"type": "Point", "coordinates": [-78.57896690735373, 35.845721748873665]}, "properties": {"OBJECTID": 3359, "HSISID": "04092300152", "NAME": "FOOD LION #247 MEAT MARKET", "ADDRESS1": "4510 CAPITAL BLV ", "ADDRESS2": null, "CITY": "RALEIGH", "STATE": "NC", "POSTALCODE": "27604-4353", "PHONENUMBER": "(919) 876-8126", "RESTAURANTOPENDATE": 962409600000, "FACILITYTYPE": "30 - Meat Market", "X": -78.57896431, "Y": 35.84571465, "GEOCODESTATUS": "M", "PERMITID": "Not Provided"}}, {"type": "Feature", "id": 3360, "geometry": {"type": "Point", "coordinates": [-78.57924165897904, 35.798858162300284]}, "properties": {"OBJECTID": 3360, "HSISID": "04092300153", "NAME": "FOOD LION #1259 MEAT MARKET ", "ADDRESS1": "3685 NEW BERN AVE ", "ADDRESS2": null, "CITY": "RALEIGH", "STATE": "NC", "POSTALCODE": "27610-1232", "PHONENUMBER": "(919) 231-7294", "RESTAURANTOPENDATE": 962409600000, "FACILITYTYPE": "30 - Meat Market", "X": -78.57923907, "Y": 35.79885108, "GEOCODESTATUS": "M", "PERMITID": "Not Provided"}}, {"type": "Feature", "id": 3361, "geometry": {"type": "Point", "coordinates": [-78.61144832651516, 35.79423408950216]}, "properties": {"OBJECTID": 3361, "HSISID": "04092300154", "NAME": "FOOD LION #757 MEAT MARKET", "ADDRESS1": "1100-122 RALEIGH BLV", "ADDRESS2": null, "CITY": "RALEIGH", "STATE": "NC", "POSTALCODE": "27610-1076", "PHONENUMBER": "(919) 829-7077", "RESTAURANTOPENDATE": 962409600000, "FACILITYTYPE": "30 - Meat Market", "X": -78.61144572, "Y": 35.79422701, "GEOCODESTATUS": "M", "PERMITID": "Not Provided"}}, {"type": "Feature", "id": 3362, "geometry": {"type": "Point", "coordinates": [-78.57953865892802, 35.76725099961572]}, "properties": {"OBJECTID": 3362, "HSISID": "04092300155", "NAME": "FOOD LION #586 MEAT MARKET ", "ADDRESS1": "3416 POOLE RD ", "ADDRESS2": null, "CITY": "RALEIGH", "STATE": "NC", "POSTALCODE": "27610-2918", "PHONENUMBER": null, "RESTAURANTOPENDATE": 962409600000, "FACILITYTYPE": "30 - Meat Market", "X": -78.57953607, "Y": 35.76724392, "GEOCODESTATUS": "M", "PERMITID": "Not Provided"}}, {"type": "Feature", "id": 3363, "geometry": {"type": "Point", "coordinates": [-78.53977333263305, 35.87454967031385]}, "properties": {"OBJECTID": 3363, "HSISID": "04092300156", "NAME": "FOOD LION #1654 MEAT MARKET", "ADDRESS1": "7440 LOUISBURG RD ", "ADDRESS2": null, "CITY": "RALEIGH", "STATE": "NC", "POSTALCODE": "27616-6482", "PHONENUMBER": "(919) 875-1394", "RESTAURANTOPENDATE": 962409600000, "FACILITYTYPE": "30 - Meat Market", "X": -78.53977075, "Y": 35.87454257, "GEOCODESTATUS": "M", "PERMITID": "Not Provided"}}, {"type": "Feature", "id": 3364, "geometry": {"type": "Point", "coordinates": [-78.61481150245729, 35.754831670803355]}, "properties": {"OBJECTID": 3364, "HSISID": "04092300157", "NAME": "FOOD LION #1669 MEAT MARKET", "ADDRESS1": "1601 CROSS LINK RD ", "ADDRESS2": null, "CITY": "RALEIGH", "STATE": "NC", "POSTALCODE": "27610-4186", "PHONENUMBER": "(919) 807-1395", "RESTAURANTOPENDATE": 953078400000, "FACILITYTYPE": "30 - Meat Market", "X": -78.6148089, "Y": 35.7548246, "GEOCODESTATUS": "M", "PERMITID": "Not Provided"}}, {"type": "Feature", "id": 3365, "geometry": {"type": "Point", "coordinates": [-78.60613533566801, 35.685010173839295]}, "properties": {"OBJECTID": 3365, "HSISID": "04092300158", "NAME": "FOOD LION #561 MEAT MARKET", "ADDRESS1": "217 TIMBER DR ", "ADDRESS2": null, "CITY": "GARNER", "STATE": "NC", "POSTALCODE": "27529-4870", "PHONENUMBER": "(919) 779-5551", "RESTAURANTOPENDATE": 962409600000, "FACILITYTYPE": "30 - Meat Market", "X": -78.60613274, "Y": 35.68500311, "GEOCODESTATUS": "M", "PERMITID": "Not Provided"}}, {"type": "Feature", "id": 3366, "geometry": {"type": "Point", "coordinates": [-78.38037525436589, 35.795692005796724]}, "properties": {"OBJECTID": 3366, "HSISID": "04092300160", "NAME": "FOOD LION #815 MEAT MARKET ", "ADDRESS1": "2837 WENDELL BLV ", "ADDRESS2": null, "CITY": "WENDELL", "STATE": "NC", "POSTALCODE": "27591-6904", "PHONENUMBER": "(919) 365-3002", "RESTAURANTOPENDATE": 962409600000, "FACILITYTYPE": "30 - Meat Market", "X": -78.38037272, "Y": 35.79568491, "GEOCODESTATUS": "M", "PERMITID": "Not Provided"}}, {"type": "Feature", "id": 3367, "geometry": {"type": "Point", "coordinates": [-78.31858483210956, 35.832292910154216]}, "properties": {"OBJECTID": 3367, "HSISID": "04092300162", "NAME": "FOOD LION #341 MEAT MARKET", "ADDRESS1": "114 WAKELON ST ", "ADDRESS2": null, "CITY": "ZEBULON", "STATE": "NC", "POSTALCODE": "27597-2403", "PHONENUMBER": "(919) 269-6122", "RESTAURANTOPENDATE": 962409600000, "FACILITYTYPE": "30 - Meat Market", "X": -78.31858232, "Y": 35.83228581, "GEOCODESTATUS": "M", "PERMITID": "Not Provided"}}, {"type": "Feature", "id": 3368, "geometry": {"type": "Point", "coordinates": [-78.69252658682659, 35.78576399999761]}, "properties": {"OBJECTID": 3368, "HSISID": "04092300163", "NAME": "FOOD LION #1573 MEAT MARKET", "ADDRESS1": "3926 WESTERN BLVD ", "ADDRESS2": null, "CITY": "RALEIGH", "STATE": "NC", "POSTALCODE": "27606-1937", "PHONENUMBER": "(919) 664-8059", "RESTAURANTOPENDATE": 962409600000, "FACILITYTYPE": "30 - Meat Market", "X": -78.69252396, "Y": 35.78575692, "GEOCODESTATUS": "M", "PERMITID": "Not Provided"}}, {"type": "Feature", "id": 3369, "geometry": {"type": "Point", "coordinates": [-78.59044484056034, 35.8231495810768]}, "properties": {"OBJECTID": 3369, "HSISID": "04092300165", "NAME": "FOOD LION #1491 MEAT MARKET", "ADDRESS1": "3151-113 CAPITAL BLV ", "ADDRESS2": null, "CITY": "RALEIGH", "STATE": "NC", "POSTALCODE": "27604-3335", "PHONENUMBER": "(919) 790-6728", "RESTAURANTOPENDATE": 962409600000, "FACILITYTYPE": "30 - Meat Market", "X": -78.59044224, "Y": 35.82314249, "GEOCODESTATUS": "M", "PERMITID": "Not Provided"}}, {"type": "Feature", "id": 3370, "geometry": {"type": "Point", "coordinates": [-78.6972105840078, 35.76626899384288]}, "properties": {"OBJECTID": 3370, "HSISID": "04092300164", "NAME": "FOOD LION #1454 MEAT MARKET", "ADDRESS1": "3415 AVENT FERRY RD ", "ADDRESS2": null, "CITY": "RALEIGH", "STATE": "NC", "POSTALCODE": "27606", "PHONENUMBER": "(919) 858-9772", "RESTAURANTOPENDATE": 962409600000, "FACILITYTYPE": "30 - Meat Market", "X": -78.69720796, "Y": 35.76626192, "GEOCODESTATUS": "M", "PERMITID": "Not Provided"}}, {"type": "Feature", "id": 3371, "geometry": {"type": "Point", "coordinates": [-78.77764425378835, 35.59048166464749]}, "properties": {"OBJECTID": 3371, "HSISID": "04092300167", "NAME": "FOOD LION #434 MEAT MARKET", "ADDRESS1": "1338 N MAIN ST ", "ADDRESS2": null, "CITY": "FUQUAY-VARINA", "STATE": "NC", "POSTALCODE": "27526-2617", "PHONENUMBER": null, "RESTAURANTOPENDATE": 962409600000, "FACILITYTYPE": "30 - Meat Market", "X": -78.77764161, "Y": 35.59047463, "GEOCODESTATUS": "M", "PERMITID": "Not Provided"}}, {"type": "Feature", "id": 3372, "geometry": {"type": "Point", "coordinates": [-78.59988307511415, 35.89224316772374]}, "properties": {"OBJECTID": 3372, "HSISID": "04092300166", "NAME": "FOOD LION #572 MEAT MARKET ", "ADDRESS1": "8320-120 LITCHFORD RD ", "ADDRESS2": null, "CITY": "RALEIGH", "STATE": "NC", "POSTALCODE": "27615-2464", "PHONENUMBER": "(919) 790-8146", "RESTAURANTOPENDATE": 962409600000, "FACILITYTYPE": "30 - Meat Market", "X": -78.59988047, "Y": 35.89223606, "GEOCODESTATUS": "M", "PERMITID": "Not Provided"}}, {"type": "Feature", "id": 3373, "geometry": {"type": "Point", "coordinates": [-78.7259125897135, 35.62515774318088]}, "properties": {"OBJECTID": 3373, "HSISID": "04092300168", "NAME": "FOOD LION #1589 MEAT MARKET ", "ADDRESS1": "3417 N MAIN ST", "ADDRESS2": null, "CITY": "FUQUAY-VARINA", "STATE": "NC", "POSTALCODE": "27526-7257", "PHONENUMBER": "(919) 557-0555", "RESTAURANTOPENDATE": 962409600000, "FACILITYTYPE": "30 - Meat Market", "X": -78.72590996, "Y": 35.6251507, "GEOCODESTATUS": "M", "PERMITID": "Not Provided"}}, {"type": "Feature", "id": 3374, "geometry": {"type": "Point", "coordinates": [-78.68034466728845, 35.74406792233418]}, "properties": {"OBJECTID": 3374, "HSISID": "04092300170", "NAME": "FOOD LION #649 MEAT MARKET ", "ADDRESS1": "2720 LAKE WHEELER RD ", "ADDRESS2": null, "CITY": "RALEIGH", "STATE": "NC", "POSTALCODE": "27603-5861", "PHONENUMBER": "(919) 755-3856", "RESTAURANTOPENDATE": 962409600000, "FACILITYTYPE": "30 - Meat Market", "X": -78.68034205, "Y": 35.74406085, "GEOCODESTATUS": "M", "PERMITID": "Not Provided"}}, {"type": "Feature", "id": 3375, "geometry": {"type": "Point", "coordinates": [-78.76838683271491, 35.800442496958084]}, "properties": {"OBJECTID": 3375, "HSISID": "04092300173", "NAME": "FOOD LION #727 MEAT MARKET ", "ADDRESS1": "900 NE MAYNARD RD ", "ADDRESS2": null, "CITY": "CARY", "STATE": "NC", "POSTALCODE": "27513-4163", "PHONENUMBER": "(919) 460-6274", "RESTAURANTOPENDATE": 1024358400000, "FACILITYTYPE": "30 - Meat Market", "X": -78.76838418, "Y": 35.80043542, "GEOCODESTATUS": "M", "PERMITID": "Not Provided"}}, {"type": "Feature", "id": 3376, "geometry": {"type": "Point", "coordinates": [-78.78312592447953, 35.77218232916313]}, "properties": {"OBJECTID": 3376, "HSISID": "04092300171", "NAME": "FOOD LION #40 MEAT MARKET ", "ADDRESS1": "980 KILDAIRE FARM RD ", "ADDRESS2": null, "CITY": "CARY", "STATE": "NC", "POSTALCODE": "27511-3923", "PHONENUMBER": "(919) 467-4168", "RESTAURANTOPENDATE": 962409600000, "FACILITYTYPE": "30 - Meat Market", "X": -78.78312327, "Y": 35.77217526, "GEOCODESTATUS": "M", "PERMITID": "Not Provided"}}, {"type": "Feature", "id": 2438, "geometry": {"type": "Point", "coordinates": [-78.62231582616258, 35.818263922074365]}, "properties": {"OBJECTID": 2438, "HSISID": "04092021411", "NAME": "COSTCO WHOLESALE #645 ROTISERRIE/DELI", "ADDRESS1": "2838 WAKE FOREST RD ", "ADDRESS2": null, "CITY": "RALEIGH", "STATE": "NC", "POSTALCODE": "27609", "PHONENUMBER": "(919) 755-2816", "RESTAURANTOPENDATE": 1161648000000, "FACILITYTYPE": "2 - Food Stands", "X": -78.62231322, "Y": 35.81825683, "GEOCODESTATUS": "M", "PERMITID": "Not Provided"}}, {"type": "Feature", "id": 2439, "geometry": {"type": "Point", "coordinates": [-78.83800784077582, 35.78180441901703]}, "properties": {"OBJECTID": 2439, "HSISID": "04092021412", "NAME": "FRESH MARKET #8 PRODUCE", "ADDRESS1": "3655 CARY PKWY ", "ADDRESS2": null, "CITY": "CARY", "STATE": "NC", "POSTALCODE": "27511", "PHONENUMBER": "(919) 481-2865", "RESTAURANTOPENDATE": 1162252800000, "FACILITYTYPE": "2 - Food Stands", "X": -78.83800517, "Y": 35.78179735, "GEOCODESTATUS": "M", "PERMITID": "Not Provided"}}, {"type": "Feature", "id": 2440, "geometry": {"type": "Point", "coordinates": [-78.83800784077582, 35.78180441901703]}, "properties": {"OBJECTID": 2440, "HSISID": "04092021413", "NAME": "FRESH MARKET #8 SEAFOOD", "ADDRESS1": "3655 CARY PKY ", "ADDRESS2": null, "CITY": "CARY", "STATE": "NC", "POSTALCODE": "27511", "PHONENUMBER": "(919) 481-2865", "RESTAURANTOPENDATE": 1162252800000, "FACILITYTYPE": "2 - Food Stands", "X": -78.83800517, "Y": 35.78179735, "GEOCODESTATUS": "M", "PERMITID": "Not Provided"}}, {"type": "Feature", "id": 2441, "geometry": {"type": "Point", "coordinates": [-78.83800784077582, 35.78180441901703]}, "properties": {"OBJECTID": 2441, "HSISID": "04092021414", "NAME": "FRESH MARKET #8 DELI", "ADDRESS1": "3655 CARY PKWY ", "ADDRESS2": null, "CITY": "CARY", "STATE": "NC", "POSTALCODE": "27513", "PHONENUMBER": "(919) 481-2865", "RESTAURANTOPENDATE": 1162252800000, "FACILITYTYPE": "2 - Food Stands", "X": -78.83800517, "Y": 35.78179735, "GEOCODESTATUS": "M", "PERMITID": "Not Provided"}}, {"type": "Feature", "id": 2442, "geometry": {"type": "Point", "coordinates": [-78.58237950016586, 35.8731624129034]}, "properties": {"OBJECTID": 2442, "HSISID": "04092021415", "NAME": "BJ'S MEMBERSHIP CLUB #177 DELI/MEAT MARKET", "ADDRESS1": "6301 TRIANGLE PLANTATION DR ", "ADDRESS2": null, "CITY": "RALEIGH", "STATE": "NC", "POSTALCODE": "27616", "PHONENUMBER": "(919) 278-1000", "RESTAURANTOPENDATE": 1161734400000, "FACILITYTYPE": "2 - Food Stands", "X": -78.5823769, "Y": 35.87315531, "GEOCODESTATUS": "M", "PERMITID": "Not Provided"}}, {"type": "Feature", "id": 2443, "geometry": {"type": "Point", "coordinates": [-78.58693190781564, 35.82784025752604]}, "properties": {"OBJECTID": 2443, "HSISID": "04092021418", "NAME": "LOS CUATES MEXICAN FOOD", "ADDRESS1": "3505 CAPITAL BLVD ", "ADDRESS2": null, "CITY": "RALEIGH", "STATE": "NC", "POSTALCODE": "27609", "PHONENUMBER": "(919) 954-1215", "RESTAURANTOPENDATE": 1166745600000, "FACILITYTYPE": "2 - Food Stands", "X": -78.58692931, "Y": 35.82783317, "GEOCODESTATUS": "M", "PERMITID": "Not Provided"}}, {"type": "Feature", "id": 2444, "geometry": {"type": "Point", "coordinates": [-78.5202382456969, 35.67518007786365]}, "properties": {"OBJECTID": 2444, "HSISID": "04092021426", "NAME": "SPEEDWAY #6959", "ADDRESS1": "2808 US 70 HWY E ", "ADDRESS2": null, "CITY": "CLAYTON", "STATE": "NC", "POSTALCODE": "27520-9321", "PHONENUMBER": "(919) 553-3535", "RESTAURANTOPENDATE": 1166659200000, "FACILITYTYPE": "2 - Food Stands", "X": -78.52023568, "Y": 35.67517302, "GEOCODESTATUS": "M", "PERMITID": "Not Provided"}}, {"type": "Feature", "id": 2445, "geometry": {"type": "Point", "coordinates": [-78.58616483252948, 35.721073848536406]}, "properties": {"OBJECTID": 2445, "HSISID": "04092021428", "NAME": "SPEEDWAY #6961", "ADDRESS1": "4541 JONES SAUSAGE RD", "ADDRESS2": null, "CITY": "RALEIGH", "STATE": "NC", "POSTALCODE": "27529", "PHONENUMBER": "(919) 779-3409", "RESTAURANTOPENDATE": 1166400000000, "FACILITYTYPE": "2 - Food Stands", "X": -78.58616224, "Y": 35.72106678, "GEOCODESTATUS": "M", "PERMITID": "Not Provided"}}, {"type": "Feature", "id": 2446, "geometry": {"type": "Point", "coordinates": [-78.76514549164654, 35.791578838482266]}, "properties": {"OBJECTID": 2446, "HSISID": "04092021439", "NAME": "SEA DEPOT SEAFOOD MARKET", "ADDRESS1": "750-G E CHATHAM ST ", "ADDRESS2": null, "CITY": "CARY", "STATE": "NC", "POSTALCODE": "27511", "PHONENUMBER": "(919) 469-8889", "RESTAURANTOPENDATE": 1173657600000, "FACILITYTYPE": "2 - Food Stands", "X": -78.76514284, "Y": 35.79157176, "GEOCODESTATUS": "M", "PERMITID": "Not Provided"}}, {"type": "Feature", "id": 2447, "geometry": {"type": "Point", "coordinates": [-78.54113800575715, 35.875996826662494]}, "properties": {"OBJECTID": 2447, "HSISID": "04092021451", "NAME": "SPEEDWAY #6982", "ADDRESS1": "7413 LOUISBURG RD ", "ADDRESS2": null, "CITY": "RALEIGH", "STATE": "NC", "POSTALCODE": "27616", "PHONENUMBER": "(919) 872-4844", "RESTAURANTOPENDATE": 1179273600000, "FACILITYTYPE": "2 - Food Stands", "X": -78.54113542, "Y": 35.87598972, "GEOCODESTATUS": "M", "PERMITID": "Not Provided"}}, {"type": "Feature", "id": 2448, "geometry": {"type": "Point", "coordinates": [-78.65568774264088, 35.902780826243585]}, "properties": {"OBJECTID": 2448, "HSISID": "04092021446", "NAME": "LOWES FOODS #191 PRODUCE", "ADDRESS1": "9600 STRICKLAND RD ", "ADDRESS2": null, "CITY": "RALEIGH", "STATE": "NC", "POSTALCODE": "27615", "PHONENUMBER": "(919) 847-5661", "RESTAURANTOPENDATE": 1177632000000, "FACILITYTYPE": "2 - Food Stands", "X": -78.65568512, "Y": 35.90277372, "GEOCODESTATUS": "M", "PERMITID": "Not Provided"}}, {"type": "Feature", "id": 2449, "geometry": {"type": "Point", "coordinates": [-78.78729700554602, 35.73333782658473]}, "properties": {"OBJECTID": 2449, "HSISID": "04092021455", "NAME": "LIFETIME FITNESS BISTRO (OUTSIDE)", "ADDRESS1": "1700 REGENCY PKY ", "ADDRESS2": null, "CITY": "CARY", "STATE": "NC", "POSTALCODE": "27511", "PHONENUMBER": "(919) 467-7779", "RESTAURANTOPENDATE": 1180569600000, "FACILITYTYPE": "2 - Food Stands", "X": -78.78729435, "Y": 35.73333076, "GEOCODESTATUS": "M", "PERMITID": "Not Provided"}}, {"type": "Feature", "id": 2450, "geometry": {"type": "Point", "coordinates": [-78.57926692475088, 35.84834966428609]}, "properties": {"OBJECTID": 2450, "HSISID": "04092021474", "NAME": "LEE'S KITCHEN", "ADDRESS1": "4638 CAPITAL BLVD ", "ADDRESS2": null, "CITY": "RALEIGH", "STATE": "NC", "POSTALCODE": "27604", "PHONENUMBER": "(919) 872-7422", "RESTAURANTOPENDATE": 1190246400000, "FACILITYTYPE": "2 - Food Stands", "X": -78.57926433, "Y": 35.84834257, "GEOCODESTATUS": "M", "PERMITID": "Not Provided"}}, {"type": "Feature", "id": 2451, "geometry": {"type": "Point", "coordinates": [-78.8925924218375, 35.797229329652886]}, "properties": {"OBJECTID": 2451, "HSISID": "04092021457", "NAME": "USA BASEBALL CONCESSION STAND", "ADDRESS1": "250 BROOKS PARK LN ", "ADDRESS2": null, "CITY": "CARY", "STATE": "NC", "POSTALCODE": "27519", "PHONENUMBER": "(919) 387-5844", "RESTAURANTOPENDATE": 1181779200000, "FACILITYTYPE": "2 - Food Stands", "X": -78.89258974, "Y": 35.79722226, "GEOCODESTATUS": "M", "PERMITID": "Not Provided"}}, {"type": "Feature", "id": 2452, "geometry": {"type": "Point", "coordinates": [-78.50931375477954, 35.893602167365955]}, "properties": {"OBJECTID": 2452, "HSISID": "04092021475", "NAME": "LOWES FOODS #226 PRODUCE", "ADDRESS1": "8440 LOUISBURG RD ", "ADDRESS2": null, "CITY": "RALEIGH", "STATE": "NC", "POSTALCODE": "27616", "PHONENUMBER": "(919) 866-1031", "RESTAURANTOPENDATE": 1189728000000, "FACILITYTYPE": "2 - Food Stands", "X": -78.50931118, "Y": 35.89359506, "GEOCODESTATUS": "M", "PERMITID": "Not Provided"}}, {"type": "Feature", "id": 2453, "geometry": {"type": "Point", "coordinates": [-78.50931375477954, 35.893602167365955]}, "properties": {"OBJECTID": 2453, "HSISID": "04092021477", "NAME": "LOWES FOODS #226 DELI", "ADDRESS1": "8440 LOUISBURG ROAD, SUITE 110", "ADDRESS2": null, "CITY": "RALEIGH", "STATE": "NC", "POSTALCODE": "27616", "PHONENUMBER": "(919) 266-1031", "RESTAURANTOPENDATE": 1189728000000, "FACILITYTYPE": "2 - Food Stands", "X": -78.50931118, "Y": 35.89359506, "GEOCODESTATUS": "M", "PERMITID": "Not Provided"}}, {"type": "Feature", "id": 2454, "geometry": {"type": "Point", "coordinates": [-78.54796467351622, 35.723133418706816]}, "properties": {"OBJECTID": 2454, "HSISID": "04092021484", "NAME": "FOOD LION #2638 MEAT MARKET", "ADDRESS1": "6209 ROCK QUARRY RD ", "ADDRESS2": null, "CITY": "RALEIGH", "STATE": "NC", "POSTALCODE": "27610", "PHONENUMBER": "(919) 772-5894", "RESTAURANTOPENDATE": 1194220800000, "FACILITYTYPE": "2 - Food Stands", "X": -78.54796209, "Y": 35.72312635, "GEOCODESTATUS": "M", "PERMITID": "Not Provided"}}, {"type": "Feature", "id": 2455, "geometry": {"type": "Point", "coordinates": [-78.54796467351622, 35.723133418706816]}, "properties": {"OBJECTID": 2455, "HSISID": "04092021486", "NAME": "FOOD LION #2638 DELI/BAKERY", "ADDRESS1": "6209 ROCK QUARRY RD ", "ADDRESS2": null, "CITY": "RALEIGH", "STATE": "NC", "POSTALCODE": "27610", "PHONENUMBER": "(919) 772-5894", "RESTAURANTOPENDATE": 1194220800000, "FACILITYTYPE": "2 - Food Stands", "X": -78.54796209, "Y": 35.72312635, "GEOCODESTATUS": "M", "PERMITID": "Not Provided"}}, {"type": "Feature", "id": 2771, "geometry": {"type": "Point", "coordinates": [-78.64490250058262, 35.78790507782399]}, "properties": {"OBJECTID": 2771, "HSISID": "04092025322", "NAME": "PUBLIX #1652 SEAFOOD", "ADDRESS1": "417 W PEACE ST", "ADDRESS2": "100", "CITY": "RALEIGH", "STATE": "NC", "POSTALCODE": "27603-5017", "PHONENUMBER": "(919) 755-5444", "RESTAURANTOPENDATE": 1599004800000, "FACILITYTYPE": "2 - Food Stands", "X": -78.64489989, "Y": 35.787898, "GEOCODESTATUS": "M", "PERMITID": "Not Provided"}}, {"type": "Feature", "id": 2772, "geometry": {"type": "Point", "coordinates": [-78.64569600913487, 35.77946366470373]}, "properties": {"OBJECTID": 2772, "HSISID": "04092025323", "NAME": "OPA! RALEIGH @MSFH", "ADDRESS1": "411 W MORGAN ST ", "ADDRESS2": null, "CITY": "RALEIGH", "STATE": "NC", "POSTALCODE": "27603", "PHONENUMBER": "(919) 868-2434", "RESTAURANTOPENDATE": 1600646400000, "FACILITYTYPE": "2 - Food Stands", "X": -78.6456934, "Y": 35.77945659, "GEOCODESTATUS": "M", "PERMITID": "Not Provided"}}, {"type": "Feature", "id": 2773, "geometry": {"type": "Point", "coordinates": [-78.85023308320056, 35.82832516808825]}, "properties": {"OBJECTID": 2773, "HSISID": "04092025328", "NAME": "WEGMANS #139 MEAT/SEAFOOD/DELI/CHEESE/VEG/FRUIT PR", "ADDRESS1": "3710 DAVIS DR", "ADDRESS2": null, "CITY": "CARY", "STATE": "NC", "POSTALCODE": "27519", "PHONENUMBER": "(919) 415-0210", "RESTAURANTOPENDATE": 1604275200000, "FACILITYTYPE": "2 - Food Stands", "X": -78.85023041, "Y": 35.82831809, "GEOCODESTATUS": "M", "PERMITID": "Not Provided"}}, {"type": "Feature", "id": 2774, "geometry": {"type": "Point", "coordinates": [-78.6913592421114, 35.78400816193265]}, "properties": {"OBJECTID": 2774, "HSISID": "04092025325", "NAME": "DIJLAH MARKET AND GRILL", "ADDRESS1": "3917 WESTERN BLVD ", "ADDRESS2": null, "CITY": "RALEIGH", "STATE": "NC", "POSTALCODE": "27606", "PHONENUMBER": "(919) 758-8003", "RESTAURANTOPENDATE": 1603065600000, "FACILITYTYPE": "2 - Food Stands", "X": -78.69135662, "Y": 35.78400108, "GEOCODESTATUS": "M", "PERMITID": "Not Provided"}}, {"type": "Feature", "id": 2775, "geometry": {"type": "Point", "coordinates": [-78.64509015858475, 35.87866132914286]}, "properties": {"OBJECTID": 2775, "HSISID": "04092025329", "NAME": "REFUEL 108", "ADDRESS1": "7220 SIX FORKS RD ", "ADDRESS2": null, "CITY": "RALEIGH", "STATE": "NC", "POSTALCODE": "27615", "PHONENUMBER": "(919) 847-2606", "RESTAURANTOPENDATE": 1605571200000, "FACILITYTYPE": "2 - Food Stands", "X": -78.64508754, "Y": 35.87865423, "GEOCODESTATUS": "M", "PERMITID": "Not Provided"}}, {"type": "Feature", "id": 2776, "geometry": {"type": "Point", "coordinates": [-78.56042715923105, 35.94165191086902]}, "properties": {"OBJECTID": 2776, "HSISID": "04092025330", "NAME": "REFUEL 114", "ADDRESS1": "13250 NEW FALLS OF NEUSE  RD ", "ADDRESS2": null, "CITY": "RALEIGH", "STATE": "NC", "POSTALCODE": "27614", "PHONENUMBER": "(919) 554-3148", "RESTAURANTOPENDATE": 1605571200000, "FACILITYTYPE": "2 - Food Stands", "X": -78.56042457, "Y": 35.94164479, "GEOCODESTATUS": "M", "PERMITID": "Not Provided"}}, {"type": "Feature", "id": 2777, "geometry": {"type": "Point", "coordinates": [-78.63903083820921, 35.752059670156385]}, "properties": {"OBJECTID": 2777, "HSISID": "04092025332", "NAME": "JAVY'S DELEITE @TKA", "ADDRESS1": "2201 S WILMINGTON ST ", "ADDRESS2": null, "CITY": "RALEIGH", "STATE": "NC", "POSTALCODE": "27603", "PHONENUMBER": "(984) 286-8379", "RESTAURANTOPENDATE": 1605571200000, "FACILITYTYPE": "2 - Food Stands", "X": -78.63902823, "Y": 35.7520526, "GEOCODESTATUS": "M", "PERMITID": "Not Provided"}}, {"type": "Feature", "id": 2778, "geometry": {"type": "Point", "coordinates": [-78.84865825132587, 35.78922774315409]}, "properties": {"OBJECTID": 2778, "HSISID": "04092025334", "NAME": "MAT-JIB", "ADDRESS1": "1961 HIGH HOUSE RD", "ADDRESS2": null, "CITY": "CARY", "STATE": "NC", "POSTALCODE": "27519", "PHONENUMBER": "(919) 969-3614", "RESTAURANTOPENDATE": 1608076800000, "FACILITYTYPE": "2 - Food Stands", "X": -78.84865558, "Y": 35.78922067, "GEOCODESTATUS": "M", "PERMITID": "Not Provided"}}, {"type": "Feature", "id": 2779, "geometry": {"type": "Point", "coordinates": [-78.61558033290649, 35.84979092206022]}, "properties": {"OBJECTID": 2779, "HSISID": "04092025333", "NAME": "JUICEKEYS -  HUB", "ADDRESS1": "5011 FALLS OF NEUSE  RD ", "ADDRESS2": "B", "CITY": "RALEIGH", "STATE": "NC", "POSTALCODE": "27609", "PHONENUMBER": "(984) 500-0078", "RESTAURANTOPENDATE": 1604448000000, "FACILITYTYPE": "2 - Food Stands", "X": -78.61557773, "Y": 35.84978383, "GEOCODESTATUS": "M", "PERMITID": "Not Provided"}}, {"type": "Feature", "id": 2780, "geometry": {"type": "Point", "coordinates": [-78.8971237547297, 35.80864200000044]}, "properties": {"OBJECTID": 2780, "HSISID": "04092025338", "NAME": "LOWES FOODS #262 MEAT/SEAFOOD", "ADDRESS1": "687 MILLS PARK DR", "ADDRESS2": null, "CITY": "CARY", "STATE": "NC", "POSTALCODE": "27519", "PHONENUMBER": "(919) 297-2995", "RESTAURANTOPENDATE": 1613433600000, "FACILITYTYPE": "2 - Food Stands", "X": -78.89712107, "Y": 35.80863492, "GEOCODESTATUS": "M", "PERMITID": "Not Provided"}}, {"type": "Feature", "id": 2781, "geometry": {"type": "Point", "coordinates": [-78.64349992434231, 35.84017699409708]}, "properties": {"OBJECTID": 2781, "HSISID": "04092025337", "NAME": "BUL BOX NORTH HILLS", "ADDRESS1": "4421 SIX FORKS RD ", "ADDRESS2": "SUITE 116 A", "CITY": "RALEIGH", "STATE": "NC", "POSTALCODE": "27609", "PHONENUMBER": "(984) 200-3654", "RESTAURANTOPENDATE": 1610323200000, "FACILITYTYPE": "2 - Food Stands", "X": -78.64349731, "Y": 35.8401699, "GEOCODESTATUS": "M", "PERMITID": "Not Provided"}}, {"type": "Feature", "id": 2782, "geometry": {"type": "Point", "coordinates": [-78.67901258449827, 35.839324340867115]}, "properties": {"OBJECTID": 2782, "HSISID": "04092025345", "NAME": "GREEK CUISINE", "ADDRESS1": "4325 GLENWOOD AVE ", "ADDRESS2": "STE 2043", "CITY": "RALEIGH", "STATE": "NC", "POSTALCODE": "27612", "PHONENUMBER": null, "RESTAURANTOPENDATE": 1614556800000, "FACILITYTYPE": "2 - Food Stands", "X": -78.67900996, "Y": 35.83931725, "GEOCODESTATUS": "M", "PERMITID": "Not Provided"}}, {"type": "Feature", "id": 2783, "geometry": {"type": "Point", "coordinates": [-78.8971237547297, 35.80864200000044]}, "properties": {"OBJECTID": 2783, "HSISID": "04092025339", "NAME": "LOWES FOODS #262 PRODUCE", "ADDRESS1": "687 MILLS PARK DR", "ADDRESS2": null, "CITY": "CARY", "STATE": "NC", "POSTALCODE": "27519", "PHONENUMBER": "(919) 297-2995", "RESTAURANTOPENDATE": 1613433600000, "FACILITYTYPE": "2 - Food Stands", "X": -78.89712107, "Y": 35.80863492, "GEOCODESTATUS": "M", "PERMITID": "Not Provided"}}, {"type": "Feature", "id": 2784, "geometry": {"type": "Point", "coordinates": [-78.64569600913487, 35.77946366470373]}, "properties": {"OBJECTID": 2784, "HSISID": "04092025346", "NAME": "CHOPSTICKS   FORKS @ MSFH", "ADDRESS1": "411 W MORGAN ST ", "ADDRESS2": null, "CITY": "RALEIGH", "STATE": "NC", "POSTALCODE": "27603", "PHONENUMBER": "(919) 673-8181", "RESTAURANTOPENDATE": 1615334400000, "FACILITYTYPE": "2 - Food Stands", "X": -78.6456934, "Y": 35.77945659, "GEOCODESTATUS": "M", "PERMITID": "Not Provided"}}, {"type": "Feature", "id": 2785, "geometry": {"type": "Point", "coordinates": [-78.63664441343369, 35.763838910307314]}, "properties": {"OBJECTID": 2785, "HSISID": "04092025347", "NAME": "STOP   QUICK", "ADDRESS1": "1321 S BLOUNT ST", "ADDRESS2": null, "CITY": "RALEIGH", "STATE": "NC", "POSTALCODE": "27601", "PHONENUMBER": "(919) 833-8200", "RESTAURANTOPENDATE": 1616025600000, "FACILITYTYPE": "2 - Food Stands", "X": -78.63664181, "Y": 35.76383183, "GEOCODESTATUS": "M", "PERMITID": "Not Provided"}}, {"type": "Feature", "id": 2786, "geometry": {"type": "Point", "coordinates": [-78.53370191071492, 35.9640349104793]}, "properties": {"OBJECTID": 2786, "HSISID": "04092025348", "NAME": "WEGMANS #145 MEAT, SEAFOOD DELI CHEESE WALK INS PR", "ADDRESS1": "11051 LIGON MILL RD ", "ADDRESS2": null, "CITY": "WAKE FOREST", "STATE": "NC", "POSTALCODE": "27857", "PHONENUMBER": "(919) 575-3800", "RESTAURANTOPENDATE": 1616457600000, "FACILITYTYPE": "2 - Food Stands", "X": -78.53369932, "Y": 35.96402779, "GEOCODESTATUS": "M", "PERMITID": "Not Provided"}}, {"type": "Feature", "id": 2787, "geometry": {"type": "Point", "coordinates": [-78.67901258449827, 35.839324340867115]}, "properties": {"OBJECTID": 2787, "HSISID": "04092025349", "NAME": "BOURBON STREET KITCHEN", "ADDRESS1": "4325 GLENWOOD AVE", "ADDRESS2": "SUITE 2055", "CITY": "RALEIGH", "STATE": "NC", "POSTALCODE": "27612", "PHONENUMBER": "(919) 787-8993", "RESTAURANTOPENDATE": 1616630400000, "FACILITYTYPE": "2 - Food Stands", "X": -78.67900996, "Y": 35.83931725, "GEOCODESTATUS": "M", "PERMITID": "Not Provided"}}, {"type": "Feature", "id": 2788, "geometry": {"type": "Point", "coordinates": [-78.62083141306816, 35.82132392231978]}, "properties": {"OBJECTID": 2788, "HSISID": "04092025350", "NAME": "WEGMANS #108 MEAT   DELI", "ADDRESS1": "1200 WAKE TOWN DR ", "ADDRESS2": null, "CITY": "RALEIGH", "STATE": "NC", "POSTALCODE": "27609", "PHONENUMBER": "(984) 960-5600", "RESTAURANTOPENDATE": 1603929600000, "FACILITYTYPE": "2 - Food Stands", "X": -78.62082881, "Y": 35.82131683, "GEOCODESTATUS": "M", "PERMITID": "Not Provided"}}, {"type": "Feature", "id": 2789, "geometry": {"type": "Point", "coordinates": [-78.79210292244547, 35.89997316171332]}, "properties": {"OBJECTID": 2789, "HSISID": "04092025363", "NAME": "DOMINO'S PIZZA #4495", "ADDRESS1": "10411 MONCREIFFE RD ", "ADDRESS2": "STE 101", "CITY": "RALEIGH", "STATE": "NC", "POSTALCODE": "27617", "PHONENUMBER": "(919) 957-2929", "RESTAURANTOPENDATE": 1622764800000, "FACILITYTYPE": "2 - Food Stands", "X": -78.79210026, "Y": 35.89996606, "GEOCODESTATUS": "M", "PERMITID": "Not Provided"}}, {"type": "Feature", "id": 2456, "geometry": {"type": "Point", "coordinates": [-78.83404957517727, 35.636362658583735]}, "properties": {"OBJECTID": 2456, "HSISID": "04092021488", "NAME": "WALMART #4458 DELI", "ADDRESS1": "7016 GB ALFORD HWY", "ADDRESS2": null, "CITY": "HOLLY SPRINGS", "STATE": "NC", "POSTALCODE": "27540", "PHONENUMBER": "(919) 557-9181", "RESTAURANTOPENDATE": 1194566400000, "FACILITYTYPE": "2 - Food Stands", "X": -78.83404691, "Y": 35.63635562, "GEOCODESTATUS": "M", "PERMITID": "Not Provided"}}, {"type": "Feature", "id": 2457, "geometry": {"type": "Point", "coordinates": [-78.61051959284896, 35.832915502842305]}, "properties": {"OBJECTID": 2457, "HSISID": "04092021493", "NAME": "LA TAPATIA TIENDA MEXICANA", "ADDRESS1": "1700 ST ALBANS DR ", "ADDRESS2": null, "CITY": "RALEIGH", "STATE": "NC", "POSTALCODE": "27609", "PHONENUMBER": "(919) 954-4816", "RESTAURANTOPENDATE": 1196985600000, "FACILITYTYPE": "2 - Food Stands", "X": -78.61051699, "Y": 35.83290841, "GEOCODESTATUS": "M", "PERMITID": "Not Provided"}}, {"type": "Feature", "id": 2458, "geometry": {"type": "Point", "coordinates": [-78.9010824133322, 35.82061149665113]}, "properties": {"OBJECTID": 2458, "HSISID": "04092021495", "NAME": "HARRIS TEETER #298 PRODUCE", "ADDRESS1": "10140 GREEN LEVEL CHURCH RD ", "ADDRESS2": null, "CITY": "CARY", "STATE": "NC", "POSTALCODE": "27519", "PHONENUMBER": "(919) 460-3126", "RESTAURANTOPENDATE": 1197504000000, "FACILITYTYPE": "2 - Food Stands", "X": -78.90107972, "Y": 35.82060442, "GEOCODESTATUS": "M", "PERMITID": "Not Provided"}}, {"type": "Feature", "id": 2459, "geometry": {"type": "Point", "coordinates": [-78.9010824133322, 35.82061149665113]}, "properties": {"OBJECTID": 2459, "HSISID": "04092021496", "NAME": "HARRIS TEETER #298 DELI/BAKERY", "ADDRESS1": "10140 GREEN LEVEL CHURCH RD ", "ADDRESS2": null, "CITY": "CARY", "STATE": "NC", "POSTALCODE": "27519", "PHONENUMBER": "(919) 460-3126", "RESTAURANTOPENDATE": 1197504000000, "FACILITYTYPE": "2 - Food Stands", "X": -78.90107972, "Y": 35.82060442, "GEOCODESTATUS": "M", "PERMITID": "Not Provided"}}, {"type": "Feature", "id": 2460, "geometry": {"type": "Point", "coordinates": [-78.9010824133322, 35.82061149665113]}, "properties": {"OBJECTID": 2460, "HSISID": "04092021497", "NAME": "HARRIS TEETER #298 MEAT SEAFOOD", "ADDRESS1": "10140 GREEN LEVEL CHURCH RD ", "ADDRESS2": null, "CITY": "CARY", "STATE": "NC", "POSTALCODE": "27519", "PHONENUMBER": "(919) 460-3126", "RESTAURANTOPENDATE": 1197504000000, "FACILITYTYPE": "2 - Food Stands", "X": -78.90107972, "Y": 35.82060442, "GEOCODESTATUS": "M", "PERMITID": "Not Provided"}}, {"type": "Feature", "id": 2461, "geometry": {"type": "Point", "coordinates": [-78.67605566440506, 35.77836549672369]}, "properties": {"OBJECTID": 2461, "HSISID": "04092021502", "NAME": "PAPA JOHN'S #429", "ADDRESS1": "2101 AVENT FERRY RD ", "ADDRESS2": null, "CITY": "RALEIGH", "STATE": "NC", "POSTALCODE": "27606", "PHONENUMBER": "(919) 834-7272", "RESTAURANTOPENDATE": 1199664000000, "FACILITYTYPE": "2 - Food Stands", "X": -78.67605304, "Y": 35.77835842, "GEOCODESTATUS": "M", "PERMITID": "Not Provided"}}, {"type": "Feature", "id": 2462, "geometry": {"type": "Point", "coordinates": [-78.67810900619033, 35.887867994637325]}, "properties": {"OBJECTID": 2462, "HSISID": "04092021503", "NAME": "HARRIS TEETER #26 PIZZA BAR", "ADDRESS1": "7400 CREEDMOOR RD ", "ADDRESS2": null, "CITY": "RALEIGH", "STATE": "NC", "POSTALCODE": "27613", "PHONENUMBER": "(919) 848-1464", "RESTAURANTOPENDATE": 1201219200000, "FACILITYTYPE": "2 - Food Stands", "X": -78.67810638, "Y": 35.88786089, "GEOCODESTATUS": "M", "PERMITID": "Not Provided"}}, {"type": "Feature", "id": 2463, "geometry": {"type": "Point", "coordinates": [-78.67810900619033, 35.887867994637325]}, "properties": {"OBJECTID": 2463, "HSISID": "04092021505", "NAME": "HARRIS TEETER #26 MEAT/SEAFOOD", "ADDRESS1": "7400 CREEDMOOR RD ", "ADDRESS2": null, "CITY": "RALEIGH", "STATE": "NC", "POSTALCODE": "27613", "PHONENUMBER": "(919) 848-1464", "RESTAURANTOPENDATE": 1201219200000, "FACILITYTYPE": "2 - Food Stands", "X": -78.67810638, "Y": 35.88786089, "GEOCODESTATUS": "M", "PERMITID": "Not Provided"}}, {"type": "Feature", "id": 2464, "geometry": {"type": "Point", "coordinates": [-78.74322858915211, 35.74717183250092]}, "properties": {"OBJECTID": 2464, "HSISID": "04092021508", "NAME": "HARRIS TEETER #330 DELI", "ADDRESS1": "1151  TRYON VILLAGE DR ", "ADDRESS2": null, "CITY": "CARY", "STATE": "NC", "POSTALCODE": "27518", "PHONENUMBER": "(919) 233-3476", "RESTAURANTOPENDATE": 1203552000000, "FACILITYTYPE": "2 - Food Stands", "X": -78.74322595, "Y": 35.74716476, "GEOCODESTATUS": "M", "PERMITID": "Not Provided"}}, {"type": "Feature", "id": 2465, "geometry": {"type": "Point", "coordinates": [-78.74322858915211, 35.74717183250092]}, "properties": {"OBJECTID": 2465, "HSISID": "04092021510", "NAME": "HARRIS TEETER #330 MEAT/SEAFOOD", "ADDRESS1": "1151 TRYON VILLAGE  DR ", "ADDRESS2": null, "CITY": "CARY", "STATE": "NC", "POSTALCODE": "27518", "PHONENUMBER": "(919) 233-3476", "RESTAURANTOPENDATE": 1203552000000, "FACILITYTYPE": "2 - Food Stands", "X": -78.74322595, "Y": 35.74716476, "GEOCODESTATUS": "M", "PERMITID": "Not Provided"}}, {"type": "Feature", "id": 2466, "geometry": {"type": "Point", "coordinates": [-78.74322858915211, 35.74717183250092]}, "properties": {"OBJECTID": 2466, "HSISID": "04092021511", "NAME": "HARRIS TEETER #330 PRODUCE", "ADDRESS1": "1151 TRYON VILLAGE DR ", "ADDRESS2": null, "CITY": "CARY", "STATE": "NC", "POSTALCODE": "27518", "PHONENUMBER": "(919) 233-3476", "RESTAURANTOPENDATE": 1203552000000, "FACILITYTYPE": "2 - Food Stands", "X": -78.74322595, "Y": 35.74716476, "GEOCODESTATUS": "M", "PERMITID": "Not Provided"}}, {"type": "Feature", "id": 2467, "geometry": {"type": "Point", "coordinates": [-78.29634683785976, 35.83129500002244]}, "properties": {"OBJECTID": 2467, "HSISID": "04092021513", "NAME": "WALMART SUPERCENTER #4499-00 DELI/BAKERY", "ADDRESS1": "841 E GANNON AVE ", "ADDRESS2": null, "CITY": "ZEBULON", "STATE": "NC", "POSTALCODE": "27597", "PHONENUMBER": "(919) 269-2221", "RESTAURANTOPENDATE": 1203897600000, "FACILITYTYPE": "2 - Food Stands", "X": -78.29634433, "Y": 35.8312879, "GEOCODESTATUS": "M", "PERMITID": "Not Provided"}}, {"type": "Feature", "id": 2468, "geometry": {"type": "Point", "coordinates": [-78.65333932908433, 35.734652328935994]}, "properties": {"OBJECTID": 2468, "HSISID": "04092021519", "NAME": "INTERNATIONAL FOODS MEATS", "ADDRESS1": "421 CHAPANOKE  RD ", "ADDRESS2": "STE 140", "CITY": "RALEIGH", "STATE": "NC", "POSTALCODE": "27603", "PHONENUMBER": "(919) 662-5428", "RESTAURANTOPENDATE": 1205452800000, "FACILITYTYPE": "2 - Food Stands", "X": -78.65333672, "Y": 35.73464526, "GEOCODESTATUS": "M", "PERMITID": "Not Provided"}}, {"type": "Feature", "id": 2469, "geometry": {"type": "Point", "coordinates": [-78.80247858121584, 35.604872413368746]}, "properties": {"OBJECTID": 2469, "HSISID": "04092021530", "NAME": "PAPA JOHN'S", "ADDRESS1": "1516 BROAD ST ", "ADDRESS2": null, "CITY": "FUQUAY-VARINA", "STATE": "NC", "POSTALCODE": "27526", "PHONENUMBER": "(919) 577-6565", "RESTAURANTOPENDATE": 1210809600000, "FACILITYTYPE": "2 - Food Stands", "X": -78.80247593, "Y": 35.60486538, "GEOCODESTATUS": "M", "PERMITID": "Not Provided"}}, {"type": "Feature", "id": 2470, "geometry": {"type": "Point", "coordinates": [-78.76514549164654, 35.791578838482266]}, "properties": {"OBJECTID": 2470, "HSISID": "04092021523", "NAME": "NEW SUPER GROCERY   FRESH HALAL MEAT", "ADDRESS1": "748 E CHATHAM ST ", "ADDRESS2": "UNIT G", "CITY": "CARY", "STATE": "NC", "POSTALCODE": "27511", "PHONENUMBER": "(919) 463-0450", "RESTAURANTOPENDATE": 1208131200000, "FACILITYTYPE": "2 - Food Stands", "X": -78.76514284, "Y": 35.79157176, "GEOCODESTATUS": "M", "PERMITID": "Not Provided"}}, {"type": "Feature", "id": 2471, "geometry": {"type": "Point", "coordinates": [-78.54796467351622, 35.723133418706816]}, "properties": {"OBJECTID": 2471, "HSISID": "04092021531", "NAME": "DOMINO'S #8820", "ADDRESS1": "6213-102 ROCK QUARRY  RD ", "ADDRESS2": null, "CITY": "RALEIGH", "STATE": "NC", "POSTALCODE": "27610", "PHONENUMBER": "(919) 779-4443", "RESTAURANTOPENDATE": 1213228800000, "FACILITYTYPE": "2 - Food Stands", "X": -78.54796209, "Y": 35.72312635, "GEOCODESTATUS": "M", "PERMITID": "Not Provided"}}, {"type": "Feature", "id": 2472, "geometry": {"type": "Point", "coordinates": [-78.6225184937636, 35.86924000543006]}, "properties": {"OBJECTID": 2472, "HSISID": "04092021532", "NAME": "THE FRESH MARKET DELI", "ADDRESS1": "6325 FALLS OF NEUSE  RD ", "ADDRESS2": null, "CITY": "RALEIGH", "STATE": "NC", "POSTALCODE": "27615", "PHONENUMBER": "(919) 872-8501", "RESTAURANTOPENDATE": 1209081600000, "FACILITYTYPE": "2 - Food Stands", "X": -78.62251588, "Y": 35.86923291, "GEOCODESTATUS": "M", "PERMITID": "Not Provided"}}, {"type": "Feature", "id": 2473, "geometry": {"type": "Point", "coordinates": [-78.6225184937636, 35.86924000543006]}, "properties": {"OBJECTID": 2473, "HSISID": "04092021533", "NAME": "THE FRESH MARKET PRODUCE", "ADDRESS1": "6325 FALLS OF NEUSE RD ", "ADDRESS2": null, "CITY": "RALEIGH", "STATE": "NC", "POSTALCODE": "27615", "PHONENUMBER": "(919) 872-8501", "RESTAURANTOPENDATE": 1209081600000, "FACILITYTYPE": "2 - Food Stands", "X": -78.62251588, "Y": 35.86923291, "GEOCODESTATUS": "M", "PERMITID": "Not Provided"}}, {"type": "Feature", "id": 2790, "geometry": {"type": "Point", "coordinates": [-78.8412240834068, 35.85590999979157]}, "properties": {"OBJECTID": 2790, "HSISID": "04092025357", "NAME": "BOMBAY CENTRAL CAFE", "ADDRESS1": "10966 CHAPEL HILL RD ", "ADDRESS2": null, "CITY": "MORRISVILLE", "STATE": "NC", "POSTALCODE": "27560", "PHONENUMBER": "(919) 439-9030", "RESTAURANTOPENDATE": 1618185600000, "FACILITYTYPE": "2 - Food Stands", "X": -78.84122141, "Y": 35.85590291, "GEOCODESTATUS": "M", "PERMITID": "Not Provided"}}, {"type": "Feature", "id": 2791, "geometry": {"type": "Point", "coordinates": [-78.71758532623295, 35.801685251544406]}, "properties": {"OBJECTID": 2791, "HSISID": "04092025374", "NAME": "TOWN BANK CENTER", "ADDRESS1": "4600 TRINITY RD ", "ADDRESS2": null, "CITY": "RALEIGH", "STATE": "NC", "POSTALCODE": "27607", "PHONENUMBER": "(919) 730-5187", "RESTAURANTOPENDATE": 1629158400000, "FACILITYTYPE": "2 - Food Stands", "X": -78.71758269, "Y": 35.80167817, "GEOCODESTATUS": "M", "PERMITID": "Not Provided"}}, {"type": "Feature", "id": 2792, "geometry": {"type": "Point", "coordinates": [-78.67872575693278, 35.78448683849096]}, "properties": {"OBJECTID": 2792, "HSISID": "04092025383", "NAME": "REYNOLDS COLISEUM #1", "ADDRESS1": "2411 DUNN AVE ", "ADDRESS2": null, "CITY": "RALEIGH", "STATE": "NC", "POSTALCODE": "27695", "PHONENUMBER": "(919) 730-5187", "RESTAURANTOPENDATE": 1629417600000, "FACILITYTYPE": "2 - Food Stands", "X": -78.67872314, "Y": 35.784479759999996, "GEOCODESTATUS": "M", "PERMITID": "Not Provided"}}, {"type": "Feature", "id": 2793, "geometry": {"type": "Point", "coordinates": [-78.67872575693278, 35.78448683849096]}, "properties": {"OBJECTID": 2793, "HSISID": "04092025384", "NAME": "REYNOLDS COLISEUM #2", "ADDRESS1": "2411 DUNN AVE ", "ADDRESS2": null, "CITY": "RALEIGH", "STATE": "NC", "POSTALCODE": "27695", "PHONENUMBER": "(919) 730-5187", "RESTAURANTOPENDATE": 1629417600000, "FACILITYTYPE": "2 - Food Stands", "X": -78.67872314, "Y": 35.784479759999996, "GEOCODESTATUS": "M", "PERMITID": "Not Provided"}}, {"type": "Feature", "id": 2794, "geometry": {"type": "Point", "coordinates": [-78.31858483210956, 35.832292910154216]}, "properties": {"OBJECTID": 2794, "HSISID": "04092025390", "NAME": "LITTLE CAESARS #67", "ADDRESS1": "100 WAKELON ST ", "ADDRESS2": null, "CITY": "ZEBULON", "STATE": "NC", "POSTALCODE": "27597", "PHONENUMBER": "(919) 269-7211", "RESTAURANTOPENDATE": 1632355200000, "FACILITYTYPE": "2 - Food Stands", "X": -78.31858232, "Y": 35.83228581, "GEOCODESTATUS": "M", "PERMITID": "Not Provided"}}, {"type": "Feature", "id": 2795, "geometry": {"type": "Point", "coordinates": [-78.77764425378835, 35.59048166464749]}, "properties": {"OBJECTID": 2795, "HSISID": "04092025392", "NAME": "LITTLE CAESARS #40", "ADDRESS1": "1320  N MAIN ST ", "ADDRESS2": null, "CITY": "FUQUAY-VARINA", "STATE": "NC", "POSTALCODE": "27526", "PHONENUMBER": "(919) 552-8688", "RESTAURANTOPENDATE": 1632441600000, "FACILITYTYPE": "2 - Food Stands", "X": -78.77764161, "Y": 35.59047463, "GEOCODESTATUS": "M", "PERMITID": "Not Provided"}}, {"type": "Feature", "id": 2796, "geometry": {"type": "Point", "coordinates": [-78.50345100879696, 35.797968418662755]}, "properties": {"OBJECTID": 2796, "HSISID": "04092025391", "NAME": "LITTLE CAESARS #75", "ADDRESS1": "6727-B  KNIGHTDALE BLVD ", "ADDRESS2": null, "CITY": "KNIGHTDALE", "STATE": "NC", "POSTALCODE": "27545", "PHONENUMBER": "(919) 665-6781", "RESTAURANTOPENDATE": 1632355200000, "FACILITYTYPE": "2 - Food Stands", "X": -78.50344844, "Y": 35.79796133, "GEOCODESTATUS": "M", "PERMITID": "Not Provided"}}, {"type": "Feature", "id": 2797, "geometry": {"type": "Point", "coordinates": [-78.60613533566801, 35.685010173839295]}, "properties": {"OBJECTID": 2797, "HSISID": "04092025393", "NAME": "LITTLE CAESARS #39", "ADDRESS1": "203 TIMBER  DR ", "ADDRESS2": null, "CITY": "GARNER", "STATE": "NC", "POSTALCODE": "27529", "PHONENUMBER": "(919) 772-7775", "RESTAURANTOPENDATE": 1632441600000, "FACILITYTYPE": "2 - Food Stands", "X": -78.60613274, "Y": 35.68500311, "GEOCODESTATUS": "M", "PERMITID": "Not Provided"}}, {"type": "Feature", "id": 2798, "geometry": {"type": "Point", "coordinates": [-78.85588083502283, 35.833761419099645]}, "properties": {"OBJECTID": 2798, "HSISID": "04092025397", "NAME": "PIZZA TWIST", "ADDRESS1": "3735 DAVIS DR ", "ADDRESS2": "SUITE 121", "CITY": "MORRISVILLE", "STATE": "NC", "POSTALCODE": "27560", "PHONENUMBER": "(919) 378-9008", "RESTAURANTOPENDATE": 1633910400000, "FACILITYTYPE": "2 - Food Stands", "X": -78.85587816, "Y": 35.83375434, "GEOCODESTATUS": "M", "PERMITID": "Not Provided"}}, {"type": "Feature", "id": 2799, "geometry": {"type": "Point", "coordinates": [-78.69890208105527, 35.66864725159079]}, "properties": {"OBJECTID": 2799, "HSISID": "04092025401", "NAME": "COSTCO WHOLESALE #1587 MEAT DEPARTMENT", "ADDRESS1": "7800 FAYETTEVILLE RD", "ADDRESS2": null, "CITY": "RALEIGH", "STATE": "NC", "POSTALCODE": "54322-7603", "PHONENUMBER": "(984) 810-5038", "RESTAURANTOPENDATE": 1638316800000, "FACILITYTYPE": "2 - Food Stands", "X": -78.69889946, "Y": 35.6686402, "GEOCODESTATUS": "M", "PERMITID": "Not Provided"}}, {"type": "Feature", "id": 2800, "geometry": {"type": "Point", "coordinates": [-78.69890208105527, 35.66864725159079]}, "properties": {"OBJECTID": 2800, "HSISID": "04092025402", "NAME": "COSTCO WHOLESALE #1587 ROTISSERIE/DELI", "ADDRESS1": "7800 FAYETTEVILLE RD ", "ADDRESS2": null, "CITY": "RALEIGH", "STATE": "NC", "POSTALCODE": "54322-7603", "PHONENUMBER": "(984) 810-5038", "RESTAURANTOPENDATE": 1638316800000, "FACILITYTYPE": "2 - Food Stands", "X": -78.69889946, "Y": 35.6686402, "GEOCODESTATUS": "M", "PERMITID": "Not Provided"}}, {"type": "Feature", "id": 2801, "geometry": {"type": "Point", "coordinates": [-78.43555934101553, 35.77644791015531]}, "properties": {"OBJECTID": 2801, "HSISID": "04092025403", "NAME": "PUBLIX #1744 MEAT/SEAFOOD", "ADDRESS1": "2257 WENDELL FALLS PKWY", "ADDRESS2": null, "CITY": "WENDELL", "STATE": "NC", "POSTALCODE": "27591", "PHONENUMBER": "(919) 365-7055", "RESTAURANTOPENDATE": 1638403200000, "FACILITYTYPE": "2 - Food Stands", "X": -78.43555679, "Y": 35.77644083, "GEOCODESTATUS": "M", "PERMITID": "Not Provided"}}, {"type": "Feature", "id": 2802, "geometry": {"type": "Point", "coordinates": [-78.43555934101553, 35.77644791015531]}, "properties": {"OBJECTID": 2802, "HSISID": "04092025404", "NAME": "PUBLIX #1744 PRODUCE", "ADDRESS1": "2257 WENDELL FALLS PKWY", "ADDRESS2": null, "CITY": "WENDELL", "STATE": "NC", "POSTALCODE": "27591", "PHONENUMBER": "(919) 365-7055", "RESTAURANTOPENDATE": 1638403200000, "FACILITYTYPE": "2 - Food Stands", "X": -78.43555679, "Y": 35.77644083, "GEOCODESTATUS": "M", "PERMITID": "Not Provided"}}, {"type": "Feature", "id": 2803, "geometry": {"type": "Point", "coordinates": [-78.7229411640928, 35.8032515863339]}, "properties": {"OBJECTID": 2803, "HSISID": "04092025405", "NAME": "SHAKE SHACK @ LENOVO CENTER", "ADDRESS1": "1400 EDWARDS MILL RD", "ADDRESS2": null, "CITY": "RALEIGH", "STATE": "NC", "POSTALCODE": "27607", "PHONENUMBER": "(919) 861-7129", "RESTAURANTOPENDATE": 1638403200000, "FACILITYTYPE": "2 - Food Stands", "X": -78.72293853, "Y": 35.80324451, "GEOCODESTATUS": "M", "PERMITID": "Not Provided"}}, {"type": "Feature", "id": 2804, "geometry": {"type": "Point", "coordinates": [-78.54185325443368, 35.97418917369287]}, "properties": {"OBJECTID": 2804, "HSISID": "04092025408", "NAME": "TARGET SNACK BAR   PIZZA HUT EXPRESS", "ADDRESS1": "12000 RETAIL  DR ", "ADDRESS2": null, "CITY": "WAKE FOREST", "STATE": "NC", "POSTALCODE": "27587", "PHONENUMBER": "(919) 761-1001", "RESTAURANTOPENDATE": 1637539200000, "FACILITYTYPE": "2 - Food Stands", "X": -78.54185066, "Y": 35.97418205, "GEOCODESTATUS": "M", "PERMITID": "Not Provided"}}, {"type": "Feature", "id": 2805, "geometry": {"type": "Point", "coordinates": [-78.69252658682659, 35.78576399999761]}, "properties": {"OBJECTID": 2805, "HSISID": "04092025410", "NAME": "DOMINO'S PIZZA #5506", "ADDRESS1": "3948  WESTERN BLVD ", "ADDRESS2": null, "CITY": "RALEIGH", "STATE": "NC", "POSTALCODE": "27605", "PHONENUMBER": "(919) 899-3599", "RESTAURANTOPENDATE": 1643673600000, "FACILITYTYPE": "2 - Food Stands", "X": -78.69252396, "Y": 35.78575692, "GEOCODESTATUS": "M", "PERMITID": "Not Provided"}}, {"type": "Feature", "id": 2806, "geometry": {"type": "Point", "coordinates": [-78.6267218295753, 35.71227000026436]}, "properties": {"OBJECTID": 2806, "HSISID": "04092025411", "NAME": "DOMINO'S PIZZA #5591", "ADDRESS1": "735 US HWY 70 W ", "ADDRESS2": null, "CITY": "GARNER", "STATE": "NC", "POSTALCODE": "27529", "PHONENUMBER": "(919) 779-6600", "RESTAURANTOPENDATE": 1643587200000, "FACILITYTYPE": "2 - Food Stands", "X": -78.62671923, "Y": 35.71226294, "GEOCODESTATUS": "M", "PERMITID": "Not Provided"}}, {"type": "Feature", "id": 2807, "geometry": {"type": "Point", "coordinates": [-78.66060232984648, 35.81550866475602]}, "properties": {"OBJECTID": 2807, "HSISID": "04092025412", "NAME": "DOMINO'S PIZZA #4486", "ADDRESS1": "2603 GLENWOOD AVE ", "ADDRESS2": "SUITE 131", "CITY": "RALEIGH", "STATE": "NC", "POSTALCODE": "27608", "PHONENUMBER": "(919) 783-8803", "RESTAURANTOPENDATE": 1643673600000, "FACILITYTYPE": "2 - Food Stands", "X": -78.66059971, "Y": 35.81550158, "GEOCODESTATUS": "M", "PERMITID": "Not Provided"}}, {"type": "Feature", "id": 2474, "geometry": {"type": "Point", "coordinates": [-78.6585830030968, 35.71894833485765]}, "properties": {"OBJECTID": 2474, "HSISID": "04092021542", "NAME": "WALMART #1372 DELI", "ADDRESS1": "4500 FAYETTEVILLE RD ", "ADDRESS2": null, "CITY": "RALEIGH", "STATE": "NC", "POSTALCODE": "27603", "PHONENUMBER": "(919) 772-8751", "RESTAURANTOPENDATE": 1215993600000, "FACILITYTYPE": "2 - Food Stands", "X": -78.65858039, "Y": 35.71894127, "GEOCODESTATUS": "M", "PERMITID": "Not Provided"}}, {"type": "Feature", "id": 2475, "geometry": {"type": "Point", "coordinates": [-78.6225184937636, 35.86924000543006]}, "properties": {"OBJECTID": 2475, "HSISID": "04092021534", "NAME": "THE FRESH MARKET MEAT/SEAFOOD", "ADDRESS1": "6325 FALLS OF NEUSE RD ", "ADDRESS2": null, "CITY": "RALEIGH", "STATE": "NC", "POSTALCODE": "27615", "PHONENUMBER": "(919) 872-8501", "RESTAURANTOPENDATE": 1209081600000, "FACILITYTYPE": "2 - Food Stands", "X": -78.62251588, "Y": 35.86923291, "GEOCODESTATUS": "M", "PERMITID": "Not Provided"}}, {"type": "Feature", "id": 2476, "geometry": {"type": "Point", "coordinates": [-78.78068907847992, 35.73567824535509]}, "properties": {"OBJECTID": 2476, "HSISID": "04092021549", "NAME": "HARRIS TEETER #257 MEAT/SEAFOOD", "ADDRESS1": "2080 KILDAIRE FARM RD ", "ADDRESS2": null, "CITY": "CARY", "STATE": "NC", "POSTALCODE": "27511", "PHONENUMBER": "(919) 233-9483", "RESTAURANTOPENDATE": 1221782400000, "FACILITYTYPE": "2 - Food Stands", "X": -78.78068643, "Y": 35.73567118, "GEOCODESTATUS": "M", "PERMITID": "Not Provided"}}, {"type": "Feature", "id": 2477, "geometry": {"type": "Point", "coordinates": [-78.77099283479762, 35.59395650327225]}, "properties": {"OBJECTID": 2477, "HSISID": "04092021553", "NAME": "COOKOUT #55", "ADDRESS1": "1433 N MAIN ST ", "ADDRESS2": null, "CITY": "FUQUAY-VARINA", "STATE": "NC", "POSTALCODE": "27526", "PHONENUMBER": "(919) 577-8088", "RESTAURANTOPENDATE": 1225756800000, "FACILITYTYPE": "2 - Food Stands", "X": -78.7709902, "Y": 35.59394947, "GEOCODESTATUS": "M", "PERMITID": "Not Provided"}}, {"type": "Feature", "id": 2478, "geometry": {"type": "Point", "coordinates": [-78.48875107528706, 35.79712308992532]}, "properties": {"OBJECTID": 2478, "HSISID": "04092021556", "NAME": "PAPA JOHN'S #2838", "ADDRESS1": "7134 KNIGHTDALE BLVD ", "ADDRESS2": null, "CITY": "KNIGHTDALE", "STATE": "NC", "POSTALCODE": "27545", "PHONENUMBER": "(919) 696-5441", "RESTAURANTOPENDATE": 1227052800000, "FACILITYTYPE": "2 - Food Stands", "X": -78.48874851, "Y": 35.797115999999995, "GEOCODESTATUS": "M", "PERMITID": "Not Provided"}}, {"type": "Feature", "id": 2479, "geometry": {"type": "Point", "coordinates": [-78.49517900341083, 35.96733983770099]}, "properties": {"OBJECTID": 2479, "HSISID": "04092021562", "NAME": "LOWES FOODS #239 PRODUCE", "ADDRESS1": "932 GATEWAY COMMONS  CIR ", "ADDRESS2": null, "CITY": "WAKE FOREST", "STATE": "NC", "POSTALCODE": "27587", "PHONENUMBER": "(919) 554-0537", "RESTAURANTOPENDATE": 1236038400000, "FACILITYTYPE": "2 - Food Stands", "X": -78.49517643, "Y": 35.96733271, "GEOCODESTATUS": "M", "PERMITID": "Not Provided"}}, {"type": "Feature", "id": 2480, "geometry": {"type": "Point", "coordinates": [-78.54282424830919, 35.94700841941254]}, "properties": {"OBJECTID": 2480, "HSISID": "04092021567", "NAME": "HARRIS TEETER #367 DELI", "ADDRESS1": "14520 JOHN REX BLVD ", "ADDRESS2": null, "CITY": "RALEIGH", "STATE": "NC", "POSTALCODE": "27614", "PHONENUMBER": "(919) 554-4167", "RESTAURANTOPENDATE": 1242345600000, "FACILITYTYPE": "2 - Food Stands", "X": -78.54282166, "Y": 35.9470013, "GEOCODESTATUS": "M", "PERMITID": "Not Provided"}}, {"type": "Feature", "id": 2481, "geometry": {"type": "Point", "coordinates": [-78.49517900341083, 35.96733983770099]}, "properties": {"OBJECTID": 2481, "HSISID": "04092021564", "NAME": "LOWES FOODS #239 DELI", "ADDRESS1": "932 GATEWAY COMMONS CIR ", "ADDRESS2": null, "CITY": "WAKE FOREST", "STATE": "NC", "POSTALCODE": "27587", "PHONENUMBER": "(919) 554-0537", "RESTAURANTOPENDATE": 1236038400000, "FACILITYTYPE": "2 - Food Stands", "X": -78.49517643, "Y": 35.96733271, "GEOCODESTATUS": "M", "PERMITID": "Not Provided"}}, {"type": "Feature", "id": 2482, "geometry": {"type": "Point", "coordinates": [-78.54282424830919, 35.94700841941254]}, "properties": {"OBJECTID": 2482, "HSISID": "04092021568", "NAME": "HARRIS TEETER #367 PRODUCE", "ADDRESS1": "14520 JOHN REX BLVD ", "ADDRESS2": null, "CITY": "RALEIGH", "STATE": "NC", "POSTALCODE": "27614", "PHONENUMBER": "(919) 554-4167", "RESTAURANTOPENDATE": 1242345600000, "FACILITYTYPE": "2 - Food Stands", "X": -78.54282166, "Y": 35.9470013, "GEOCODESTATUS": "M", "PERMITID": "Not Provided"}}, {"type": "Feature", "id": 2483, "geometry": {"type": "Point", "coordinates": [-78.54282424830919, 35.94700841941254]}, "properties": {"OBJECTID": 2483, "HSISID": "04092021569", "NAME": "HARRIS TEETER #367 MEAT/SEAFOOD", "ADDRESS1": "14520 JOHN REX  BLVD ", "ADDRESS2": null, "CITY": "RALEIGH", "STATE": "NC", "POSTALCODE": "27614", "PHONENUMBER": "(919) 554-4167", "RESTAURANTOPENDATE": 1242345600000, "FACILITYTYPE": "2 - Food Stands", "X": -78.54282166, "Y": 35.9470013, "GEOCODESTATUS": "M", "PERMITID": "Not Provided"}}, {"type": "Feature", "id": 2484, "geometry": {"type": "Point", "coordinates": [-78.79541257519658, 35.72903591047154]}, "properties": {"OBJECTID": 2484, "HSISID": "04092021575", "NAME": "THE CRESCENT", "ADDRESS1": "8003 REGENCY PKY ", "ADDRESS2": null, "CITY": "CARY", "STATE": "NC", "POSTALCODE": "27518", "PHONENUMBER": "(919) 450-8310", "RESTAURANTOPENDATE": 1247616000000, "FACILITYTYPE": "2 - Food Stands", "X": -78.79540992, "Y": 35.72902885, "GEOCODESTATUS": "M", "PERMITID": "Not Provided"}}, {"type": "Feature", "id": 2485, "geometry": {"type": "Point", "coordinates": [-78.84693483483224, 35.86660091008615]}, "properties": {"OBJECTID": 2485, "HSISID": "04092021574", "NAME": "WALMART SUPERCENTER #4250 DELI", "ADDRESS1": "1001 SHILOH GLENN  DR ", "ADDRESS2": null, "CITY": "MORRISVILLE", "STATE": "NC", "POSTALCODE": "27560", "PHONENUMBER": "(919) 474-2285", "RESTAURANTOPENDATE": 1245110400000, "FACILITYTYPE": "2 - Food Stands", "X": -78.84693216, "Y": 35.86659382, "GEOCODESTATUS": "M", "PERMITID": "Not Provided"}}, {"type": "Feature", "id": 2486, "geometry": {"type": "Point", "coordinates": [-78.83921241560995, 35.63988333527005]}, "properties": {"OBJECTID": 2486, "HSISID": "04092021582", "NAME": "HARRIS TEETER #311 DELI", "ADDRESS1": "324 VILLAGE WALK   DR ", "ADDRESS2": null, "CITY": "HOLLY SPRINGS", "STATE": "NC", "POSTALCODE": "27540", "PHONENUMBER": "(919) 552-1596", "RESTAURANTOPENDATE": 1252540800000, "FACILITYTYPE": "2 - Food Stands", "X": -78.83920975, "Y": 35.63987629, "GEOCODESTATUS": "M", "PERMITID": "Not Provided"}}, {"type": "Feature", "id": 2487, "geometry": {"type": "Point", "coordinates": [-78.83921241560995, 35.63988333527005]}, "properties": {"OBJECTID": 2487, "HSISID": "04092021583", "NAME": "HARRIS TEETER #311 PRODUCE", "ADDRESS1": "324 VILLAGE WALK DR ", "ADDRESS2": null, "CITY": "HOLLY SPRINGS", "STATE": "NC", "POSTALCODE": "27540", "PHONENUMBER": "(919) 552-1596", "RESTAURANTOPENDATE": 1252540800000, "FACILITYTYPE": "2 - Food Stands", "X": -78.83920975, "Y": 35.63987629, "GEOCODESTATUS": "M", "PERMITID": "Not Provided"}}, {"type": "Feature", "id": 2488, "geometry": {"type": "Point", "coordinates": [-78.7927865865394, 35.70190208344232]}, "properties": {"OBJECTID": 2488, "HSISID": "04092021584", "NAME": "HARRIS TEETER #331 PRODUCE", "ADDRESS1": "3430 TEN TEN RD ", "ADDRESS2": null, "CITY": "CARY", "STATE": "NC", "POSTALCODE": "27518", "PHONENUMBER": "(919) 387-8272", "RESTAURANTOPENDATE": 1253750400000, "FACILITYTYPE": "2 - Food Stands", "X": -78.79278394, "Y": 35.70189503, "GEOCODESTATUS": "M", "PERMITID": "Not Provided"}}, {"type": "Feature", "id": 2489, "geometry": {"type": "Point", "coordinates": [-78.7927865865394, 35.70190208344232]}, "properties": {"OBJECTID": 2489, "HSISID": "04092021585", "NAME": "HARRIS TEETER #331 DELI/BAKERY", "ADDRESS1": "3430 TEN TEN RD ", "ADDRESS2": null, "CITY": "CARY", "STATE": "NC", "POSTALCODE": "27518", "PHONENUMBER": "(919) 387-8272", "RESTAURANTOPENDATE": 1253750400000, "FACILITYTYPE": "2 - Food Stands", "X": -78.79278394, "Y": 35.70189503, "GEOCODESTATUS": "M", "PERMITID": "Not Provided"}}, {"type": "Feature", "id": 2490, "geometry": {"type": "Point", "coordinates": [-78.84319815882226, 35.714744916552654]}, "properties": {"OBJECTID": 2490, "HSISID": "04092021589", "NAME": "WALMART DELI #3889", "ADDRESS1": "3151 APEX PEAKWAY ", "ADDRESS2": null, "CITY": "APEX", "STATE": "NC", "POSTALCODE": "27502", "PHONENUMBER": "(919) 362-3737", "RESTAURANTOPENDATE": 1254700800000, "FACILITYTYPE": "2 - Food Stands", "X": -78.84319549, "Y": 35.71473786, "GEOCODESTATUS": "M", "PERMITID": "Not Provided"}}, {"type": "Feature", "id": 2491, "geometry": {"type": "Point", "coordinates": [-78.7927865865394, 35.70190208344232]}, "properties": {"OBJECTID": 2491, "HSISID": "04092021586", "NAME": "HARRIS TEETER #331 MEAT/SEAFOOD", "ADDRESS1": "3430 TEN TEN RD ", "ADDRESS2": null, "CITY": "CARY", "STATE": "NC", "POSTALCODE": "27518", "PHONENUMBER": "(919) 387-8272", "RESTAURANTOPENDATE": 1253750400000, "FACILITYTYPE": "2 - Food Stands", "X": -78.79278394, "Y": 35.70189503, "GEOCODESTATUS": "M", "PERMITID": "Not Provided"}}, {"type": "Feature", "id": 2808, "geometry": {"type": "Point", "coordinates": [-78.64933866240868, 35.74573325701647]}, "properties": {"OBJECTID": 2808, "HSISID": "04092025413", "NAME": "DOMINO'S #5501", "ADDRESS1": "2658 S SAUNDERS ST ", "ADDRESS2": null, "CITY": "RALEIGH", "STATE": "NC", "POSTALCODE": "27603", "PHONENUMBER": "(704) 588-2611", "RESTAURANTOPENDATE": 1643587200000, "FACILITYTYPE": "2 - Food Stands", "X": -78.64933605, "Y": 35.74572619, "GEOCODESTATUS": "M", "PERMITID": "Not Provided"}}, {"type": "Feature", "id": 2809, "geometry": {"type": "Point", "coordinates": [-78.63903083820921, 35.752059670156385]}, "properties": {"OBJECTID": 2809, "HSISID": "04092025414", "NAME": "FOOD ALL THE TIME @TKA", "ADDRESS1": "2161 S WILMINGTON ST ", "ADDRESS2": null, "CITY": "RALEIGH", "STATE": "NC", "POSTALCODE": "27603", "PHONENUMBER": "(919) 985-3779", "RESTAURANTOPENDATE": 1643846400000, "FACILITYTYPE": "2 - Food Stands", "X": -78.63902823, "Y": 35.7520526, "GEOCODESTATUS": "M", "PERMITID": "Not Provided"}}, {"type": "Feature", "id": 2810, "geometry": {"type": "Point", "coordinates": [-78.57924165897904, 35.798858162300284]}, "properties": {"OBJECTID": 2810, "HSISID": "04092025415", "NAME": "DOMINO'S #5500", "ADDRESS1": "3677  NEW BERN AVE ", "ADDRESS2": null, "CITY": "RALEIGH", "STATE": "NC", "POSTALCODE": "27610", "PHONENUMBER": "(919) 231-6007", "RESTAURANTOPENDATE": 1643587200000, "FACILITYTYPE": "2 - Food Stands", "X": -78.57923907, "Y": 35.79885108, "GEOCODESTATUS": "M", "PERMITID": "Not Provided"}}, {"type": "Feature", "id": 2811, "geometry": {"type": "Point", "coordinates": [-78.76443465906327, 35.78848225167334]}, "properties": {"OBJECTID": 2811, "HSISID": "04092025420", "NAME": "CASABLANCA  MARKET", "ADDRESS1": "1365 SE MAYNARD RD", "ADDRESS2": null, "CITY": "CARY", "STATE": "NC", "POSTALCODE": "27511", "PHONENUMBER": "(919) 469-5671", "RESTAURANTOPENDATE": 1645142400000, "FACILITYTYPE": "2 - Food Stands", "X": -78.76443201, "Y": 35.78847518, "GEOCODESTATUS": "M", "PERMITID": "Not Provided"}}, {"type": "Feature", "id": 2812, "geometry": {"type": "Point", "coordinates": [-78.63903083820921, 35.752059670156385]}, "properties": {"OBJECTID": 2812, "HSISID": "04092025421", "NAME": "GRACE'S KITCHEN CATERING @ TKA", "ADDRESS1": "2161 S WILMINGTON ST", "ADDRESS2": null, "CITY": "RALEIGH", "STATE": "NC", "POSTALCODE": "27603", "PHONENUMBER": "(919) 909-4920", "RESTAURANTOPENDATE": 1645315200000, "FACILITYTYPE": "2 - Food Stands", "X": -78.63902823, "Y": 35.7520526, "GEOCODESTATUS": "M", "PERMITID": "Not Provided"}}, {"type": "Feature", "id": 2813, "geometry": {"type": "Point", "coordinates": [-78.64517275158192, 35.78611617331213]}, "properties": {"OBJECTID": 2813, "HSISID": "04092025425", "NAME": "DOSE YOGA   SMOOTHIE BAR", "ADDRESS1": "415 N HARRINGTON ST ", "ADDRESS2": null, "CITY": "RALEIGH", "STATE": "NC", "POSTALCODE": "27603-1323", "PHONENUMBER": "(704) 860-2414", "RESTAURANTOPENDATE": 1645747200000, "FACILITYTYPE": "2 - Food Stands", "X": -78.64517014, "Y": 35.78610909, "GEOCODESTATUS": "M", "PERMITID": "Not Provided"}}, {"type": "Feature", "id": 2814, "geometry": {"type": "Point", "coordinates": [-78.68223508727118, 35.901061742258456]}, "properties": {"OBJECTID": 2814, "HSISID": "04092025427", "NAME": "JET'S PIZZA NC05", "ADDRESS1": "8365 CREEDMOOR RD ", "ADDRESS2": null, "CITY": "RALEIGH", "STATE": "NC", "POSTALCODE": "27613", "PHONENUMBER": "(919) 845-3337", "RESTAURANTOPENDATE": 1647302400000, "FACILITYTYPE": "2 - Food Stands", "X": -78.68223246, "Y": 35.90105464, "GEOCODESTATUS": "M", "PERMITID": "Not Provided"}}, {"type": "Feature", "id": 2815, "geometry": {"type": "Point", "coordinates": [-78.90171599077536, 35.82483232975483]}, "properties": {"OBJECTID": 2815, "HSISID": "04092025426", "NAME": "PAPA JOHN'S 5184", "ADDRESS1": "10236 GREEN LEVEL CHURCH RD", "ADDRESS2": null, "CITY": "CARY", "STATE": "NC", "POSTALCODE": "27519", "PHONENUMBER": "(919) 439-2074", "RESTAURANTOPENDATE": 1646697600000, "FACILITYTYPE": "2 - Food Stands", "X": -78.9017133, "Y": 35.82482525, "GEOCODESTATUS": "M", "PERMITID": "Not Provided"}}, {"type": "Feature", "id": 2816, "geometry": {"type": "Point", "coordinates": [-78.67872575693278, 35.78448683849096]}, "properties": {"OBJECTID": 2816, "HSISID": "04092025432", "NAME": "DOAK FIELD AT DAIL PARK NCSU BASEBALL 1ST BASE CON", "ADDRESS1": "1081 VARSITY  DR ", "ADDRESS2": null, "CITY": "RALEIGH", "STATE": "NC", "POSTALCODE": "27607", "PHONENUMBER": "(919) 730-5187", "RESTAURANTOPENDATE": 1645142400000, "FACILITYTYPE": "2 - Food Stands", "X": -78.67872314, "Y": 35.784479759999996, "GEOCODESTATUS": "M", "PERMITID": "Not Provided"}}, {"type": "Feature", "id": 2817, "geometry": {"type": "Point", "coordinates": [-78.60963700556896, 35.821511413420936]}, "properties": {"OBJECTID": 2817, "HSISID": "04092025431", "NAME": "BEECHLEAF CAFE AT ARAMARK", "ADDRESS1": "3201 BEECHLEAF CT", "ADDRESS2": null, "CITY": "RALEIGH", "STATE": "NC", "POSTALCODE": "27604", "PHONENUMBER": "(518) 368-1005", "RESTAURANTOPENDATE": 1648598400000, "FACILITYTYPE": "2 - Food Stands", "X": -78.6096344, "Y": 35.82150432, "GEOCODESTATUS": "M", "PERMITID": "Not Provided"}}, {"type": "Feature", "id": 2818, "geometry": {"type": "Point", "coordinates": [-78.67872575693278, 35.78448683849096]}, "properties": {"OBJECTID": 2818, "HSISID": "04092025433", "NAME": "DOAK FIELD AT DAIL PARK NCSU BASEBALL 3RD BASE CON", "ADDRESS1": "1081 VARSITY  DR ", "ADDRESS2": null, "CITY": "RALEIGH", "STATE": "NC", "POSTALCODE": "27607", "PHONENUMBER": "(919) 730-5187", "RESTAURANTOPENDATE": 1645142400000, "FACILITYTYPE": "2 - Food Stands", "X": -78.67872314, "Y": 35.784479759999996, "GEOCODESTATUS": "M", "PERMITID": "Not Provided"}}, {"type": "Feature", "id": 2819, "geometry": {"type": "Point", "coordinates": [-78.51408632639036, 35.9507352572382]}, "properties": {"OBJECTID": 2819, "HSISID": "04092025434", "NAME": "PACO'S PIZZA", "ADDRESS1": "3325 ROGERS RD ", "ADDRESS2": "UNIT 101", "CITY": "WAKE FOREST", "STATE": "NC", "POSTALCODE": "27587", "PHONENUMBER": "(919) 523-5670", "RESTAURANTOPENDATE": 1649116800000, "FACILITYTYPE": "2 - Food Stands", "X": -78.51408375, "Y": 35.95072814, "GEOCODESTATUS": "M", "PERMITID": "Not Provided"}}, {"type": "Feature", "id": 2820, "geometry": {"type": "Point", "coordinates": [-78.578474086541, 35.87074141347245]}, "properties": {"OBJECTID": 2820, "HSISID": "04092025438", "NAME": "STEVE'S PLACE", "ADDRESS1": "6320 CAPITAL  BLVD ", "ADDRESS2": null, "CITY": "RALEIGH", "STATE": "NC", "POSTALCODE": "27616", "PHONENUMBER": "(919) 872-2222", "RESTAURANTOPENDATE": 1655078400000, "FACILITYTYPE": "2 - Food Stands", "X": -78.57847149, "Y": 35.87073431, "GEOCODESTATUS": "M", "PERMITID": "Not Provided"}}, {"type": "Feature", "id": 2821, "geometry": {"type": "Point", "coordinates": [-78.85684850237392, 35.839315089856505]}, "properties": {"OBJECTID": 2821, "HSISID": "04092025435", "NAME": "DOMINO'S #8932", "ADDRESS1": "115 PARKSIDE VALLEY DR ", "ADDRESS2": "SUITE 20", "CITY": "MORRISVILLE", "STATE": "NC", "POSTALCODE": "27560", "PHONENUMBER": "(919) 897-8800", "RESTAURANTOPENDATE": 1649289600000, "FACILITYTYPE": "2 - Food Stands", "X": -78.85684582, "Y": 35.83930801, "GEOCODESTATUS": "M", "PERMITID": "Not Provided"}}, {"type": "Feature", "id": 2822, "geometry": {"type": "Point", "coordinates": [-78.50941725412255, 35.951364251412414]}, "properties": {"OBJECTID": 2822, "HSISID": "04092025441", "NAME": "THE BUTCHER'S MARKET HERITAGE", "ADDRESS1": "1898 S FRANKLIN  ST ", "ADDRESS2": null, "CITY": "WAKE FOREST", "STATE": "NC", "POSTALCODE": "27587", "PHONENUMBER": "(919) 263-9367", "RESTAURANTOPENDATE": 1653004800000, "FACILITYTYPE": "2 - Food Stands", "X": -78.50941468, "Y": 35.95135713, "GEOCODESTATUS": "M", "PERMITID": "Not Provided"}}, {"type": "Feature", "id": 2823, "geometry": {"type": "Point", "coordinates": [-78.67901258449827, 35.839324340867115]}, "properties": {"OBJECTID": 2823, "HSISID": "04092025447", "NAME": "CRISP SALAD", "ADDRESS1": "4325 GLENWOOD AVE ", "ADDRESS2": "SUITE 2045", "CITY": "RALEIGH", "STATE": "NC", "POSTALCODE": "27612", "PHONENUMBER": "(919) 641-4708", "RESTAURANTOPENDATE": 1658707200000, "FACILITYTYPE": "2 - Food Stands", "X": -78.67900996, "Y": 35.83931725, "GEOCODESTATUS": "M", "PERMITID": "Not Provided"}}, {"type": "Feature", "id": 2824, "geometry": {"type": "Point", "coordinates": [-78.31372625726195, 35.824291658882316]}, "properties": {"OBJECTID": 2824, "HSISID": "04092025452", "NAME": "COMPARE FOODS PRODUCE MARKET", "ADDRESS1": "320 N ARENDELL  AVE ", "ADDRESS2": null, "CITY": "ZEBULON", "STATE": "NC", "POSTALCODE": "27597", "PHONENUMBER": "(919) 269-9481", "RESTAURANTOPENDATE": 1659312000000, "FACILITYTYPE": "2 - Food Stands", "X": -78.31372374, "Y": 35.82428456, "GEOCODESTATUS": "M", "PERMITID": "Not Provided"}}, {"type": "Feature", "id": 2825, "geometry": {"type": "Point", "coordinates": [-78.78939875755906, 35.869707251238914]}, "properties": {"OBJECTID": 2825, "HSISID": "04092025454", "NAME": "REEF KITCHEN FOOD HALL @ RDU", "ADDRESS1": "2400 JOHN BRANTLEY BLVD. ", "ADDRESS2": null, "CITY": "MORRISVILLE", "STATE": "NC", "POSTALCODE": "27560", "PHONENUMBER": "(919) 840-2123", "RESTAURANTOPENDATE": 1655942400000, "FACILITYTYPE": "2 - Food Stands", "X": -78.7893961, "Y": 35.86970016, "GEOCODESTATUS": "M", "PERMITID": "Not Provided"}}, {"type": "Feature", "id": 3300, "geometry": {"type": "Point", "coordinates": [-78.79460508949806, 35.59801458141431]}, "properties": {"OBJECTID": 3300, "HSISID": "04092141881", "NAME": "FUQUAY-VARINA HS CONCESSION FOOTBALL MAIN", "ADDRESS1": "201 BENGAL BLVD", "ADDRESS2": null, "CITY": "FUQUAY-VARINA", "STATE": "NC", "POSTALCODE": "27526-1603", "PHONENUMBER": null, "RESTAURANTOPENDATE": 1724976000000, "FACILITYTYPE": "14 - Limited Food", "X": -78.79460244, "Y": 35.59800755, "GEOCODESTATUS": "M", "PERMITID": "Not Provided"}}, {"type": "Feature", "id": 3301, "geometry": {"type": "Point", "coordinates": [-78.79460508949806, 35.59801458141431]}, "properties": {"OBJECTID": 3301, "HSISID": "04092141882", "NAME": "FUQUAY-VARINA HS CONCESSION FOOTBALL LOWER", "ADDRESS1": "201 BENGAL BLVD", "ADDRESS2": null, "CITY": "FUQUAY-VARINA", "STATE": "NC", "POSTALCODE": "27526-1603", "PHONENUMBER": null, "RESTAURANTOPENDATE": 1724976000000, "FACILITYTYPE": "14 - Limited Food", "X": -78.79460244, "Y": 35.59800755, "GEOCODESTATUS": "M", "PERMITID": "Not Provided"}}, {"type": "Feature", "id": 3302, "geometry": {"type": "Point", "coordinates": [-78.79460508949806, 35.59801458141431]}, "properties": {"OBJECTID": 3302, "HSISID": "04092141896", "NAME": "FUQUAY-VARINA HS CONCESSION BASKETBALL", "ADDRESS1": "201 BENGAL BLVD ", "ADDRESS2": null, "CITY": "FUQUAY-VARINA", "STATE": "NC", "POSTALCODE": "27526", "PHONENUMBER": null, "RESTAURANTOPENDATE": 1724976000000, "FACILITYTYPE": "14 - Limited Food", "X": -78.79460244, "Y": 35.59800755, "GEOCODESTATUS": "M", "PERMITID": "Not Provided"}}, {"type": "Feature", "id": 3303, "geometry": {"type": "Point", "coordinates": [-78.79460508949806, 35.59801458141431]}, "properties": {"OBJECTID": 3303, "HSISID": "04092141897", "NAME": "FUQUAY-VARINA HS CONCESSION BASEBALL", "ADDRESS1": "201 BENGAL BLVD ", "ADDRESS2": null, "CITY": "FUQUAY-VARINA", "STATE": "NC", "POSTALCODE": "27526", "PHONENUMBER": null, "RESTAURANTOPENDATE": 1724976000000, "FACILITYTYPE": "14 - Limited Food", "X": -78.79460244, "Y": 35.59800755, "GEOCODESTATUS": "M", "PERMITID": "Not Provided"}}, {"type": "Feature", "id": 3304, "geometry": {"type": "Point", "coordinates": [-78.64657532648211, 35.86106725115818]}, "properties": {"OBJECTID": 3304, "HSISID": "04092141905", "NAME": "SANDERSON ATHLETIC OUTDOOR CONCESSION", "ADDRESS1": "5500 DIXON DR ", "ADDRESS2": null, "CITY": "RALEIGH", "STATE": "NC", "POSTALCODE": "27609", "PHONENUMBER": "(919) 523-5903", "RESTAURANTOPENDATE": 1724889600000, "FACILITYTYPE": "14 - Limited Food", "X": -78.64657271, "Y": 35.86106016, "GEOCODESTATUS": "M", "PERMITID": "Not Provided"}}, {"type": "Feature", "id": 3305, "geometry": {"type": "Point", "coordinates": [-78.91098599180515, 35.70021874897583]}, "properties": {"OBJECTID": 3305, "HSISID": "04092141904", "NAME": "APEX FRIENDSHIP HIGH SCHOOL CONCESSIONS", "ADDRESS1": "7801 HUMIE OLIVE RD ", "ADDRESS2": null, "CITY": "APEX", "STATE": "NC", "POSTALCODE": "27502", "PHONENUMBER": "(919) 608-5834", "RESTAURANTOPENDATE": 1722556800000, "FACILITYTYPE": "14 - Limited Food", "X": -78.9109833, "Y": 35.7002117, "GEOCODESTATUS": "M", "PERMITID": "Not Provided"}}, {"type": "Feature", "id": 2492, "geometry": {"type": "Point", "coordinates": [-78.69350641390658, 35.78487232966416]}, "properties": {"OBJECTID": 2492, "HSISID": "04092021592", "NAME": "ALMADINA SUPERMARKET", "ADDRESS1": "1019 METHOD RD ", "ADDRESS2": null, "CITY": "RALEIGH", "STATE": "NC", "POSTALCODE": "27606", "PHONENUMBER": "(919) 755-6220", "RESTAURANTOPENDATE": 1256774400000, "FACILITYTYPE": "2 - Food Stands", "X": -78.69350379, "Y": 35.78486525, "GEOCODESTATUS": "M", "PERMITID": "Not Provided"}}, {"type": "Feature", "id": 2493, "geometry": {"type": "Point", "coordinates": [-78.60848917056322, 35.77599849740042]}, "properties": {"OBJECTID": 2493, "HSISID": "04092021594", "NAME": "PIZZA EXPRESS ", "ADDRESS1": "2121 POOLE RD ", "ADDRESS2": null, "CITY": "RALEIGH", "STATE": "NC", "POSTALCODE": "27610", "PHONENUMBER": "(919) 231-8882", "RESTAURANTOPENDATE": 1256860800000, "FACILITYTYPE": "2 - Food Stands", "X": -78.60848657, "Y": 35.77599142, "GEOCODESTATUS": "M", "PERMITID": "Not Provided"}}, {"type": "Feature", "id": 2494, "geometry": {"type": "Point", "coordinates": [-78.63884242536038, 35.837405916489686]}, "properties": {"OBJECTID": 2494, "HSISID": "04092021605", "NAME": "HARRIS TEETER #422 PRODUCE", "ADDRESS1": "120-100 ST ALBANS DR ", "ADDRESS2": null, "CITY": "RALEIGH", "STATE": "NC", "POSTALCODE": "27607", "PHONENUMBER": "(919) 781-4165", "RESTAURANTOPENDATE": 1265155200000, "FACILITYTYPE": "2 - Food Stands", "X": -78.63883981, "Y": 35.83739883, "GEOCODESTATUS": "M", "PERMITID": "Not Provided"}}, {"type": "Feature", "id": 2495, "geometry": {"type": "Point", "coordinates": [-78.78213416448122, 35.76274258632383]}, "properties": {"OBJECTID": 2495, "HSISID": "04092021604", "NAME": "THE BUTCHERS MARKET", "ADDRESS1": "1225 KILDAIRE FARM RD", "ADDRESS2": null, "CITY": "CARY", "STATE": "NC", "POSTALCODE": "27511", "PHONENUMBER": "(919) 465-3082", "RESTAURANTOPENDATE": 1263945600000, "FACILITYTYPE": "2 - Food Stands", "X": -78.78213151, "Y": 35.76273552, "GEOCODESTATUS": "M", "PERMITID": "Not Provided"}}, {"type": "Feature", "id": 2496, "geometry": {"type": "Point", "coordinates": [-78.63884242536038, 35.837405916489686]}, "properties": {"OBJECTID": 2496, "HSISID": "04092021606", "NAME": "HARRIS TEETER #422 MM/SEAFOOD", "ADDRESS1": "120-100 ST ALBANS DR ", "ADDRESS2": null, "CITY": "RALEIGH", "STATE": "NC", "POSTALCODE": "27609", "PHONENUMBER": "(919) 781-4165", "RESTAURANTOPENDATE": 1265155200000, "FACILITYTYPE": "2 - Food Stands", "X": -78.63883981, "Y": 35.83739883, "GEOCODESTATUS": "M", "PERMITID": "Not Provided"}}, {"type": "Feature", "id": 2497, "geometry": {"type": "Point", "coordinates": [-78.58547549990014, 35.824400329059095]}, "properties": {"OBJECTID": 2497, "HSISID": "04092021607", "NAME": "QUE HUONG ORIENTAL MARKET", "ADDRESS1": "3312 CAPITAL  BLVD ", "ADDRESS2": null, "CITY": "RALEIGH", "STATE": "NC", "POSTALCODE": "27604", "PHONENUMBER": "(919) 790-5325", "RESTAURANTOPENDATE": 1266278400000, "FACILITYTYPE": "2 - Food Stands", "X": -78.5854729, "Y": 35.82439324, "GEOCODESTATUS": "M", "PERMITID": "Not Provided"}}, {"type": "Feature", "id": 2498, "geometry": {"type": "Point", "coordinates": [-78.62094983810398, 35.80310699992042]}, "properties": {"OBJECTID": 2498, "HSISID": "04092021613", "NAME": "SALTWATER SEAFOOD, LLC", "ADDRESS1": "4 FENTON ST ", "ADDRESS2": null, "CITY": "RALEIGH", "STATE": "NC", "POSTALCODE": "27604", "PHONENUMBER": "(919) 834-1813", "RESTAURANTOPENDATE": 1274745600000, "FACILITYTYPE": "2 - Food Stands", "X": -78.62094723, "Y": 35.80309992, "GEOCODESTATUS": "M", "PERMITID": "Not Provided"}}, {"type": "Feature", "id": 2499, "geometry": {"type": "Point", "coordinates": [-78.75430574611234, 35.78580041861132]}, "properties": {"OBJECTID": 2499, "HSISID": "04092021609", "NAME": "KICKER'S KITCHEN", "ADDRESS1": "201 SOCCER PARK  DR ", "ADDRESS2": null, "CITY": "CARY", "STATE": "NC", "POSTALCODE": "27513", "PHONENUMBER": "(919) 452-8931", "RESTAURANTOPENDATE": 1268956800000, "FACILITYTYPE": "2 - Food Stands", "X": -78.7543031, "Y": 35.78579334, "GEOCODESTATUS": "M", "PERMITID": "Not Provided"}}, {"type": "Feature", "id": 2500, "geometry": {"type": "Point", "coordinates": [-78.71168249960135, 35.85631466508603]}, "properties": {"OBJECTID": 2500, "HSISID": "04092021615", "NAME": "CIRCLE K #1511", "ADDRESS1": "4501 DELTA LAKE  RD ", "ADDRESS2": null, "CITY": "RALEIGH", "STATE": "NC", "POSTALCODE": "27612", "PHONENUMBER": "(919) 510-7976", "RESTAURANTOPENDATE": 1275523200000, "FACILITYTYPE": "2 - Food Stands", "X": -78.71167986, "Y": 35.85630757, "GEOCODESTATUS": "M", "PERMITID": "Not Provided"}}, {"type": "Feature", "id": 2501, "geometry": {"type": "Point", "coordinates": [-78.8491882463107, 35.822186581321226]}, "properties": {"OBJECTID": 2501, "HSISID": "04092021628", "NAME": "FOOD LION #2196 MEAT MARKET/SEAFOOD", "ADDRESS1": "3609 DAVIS DR ", "ADDRESS2": null, "CITY": "MORRISVILLE", "STATE": "NC", "POSTALCODE": "27560", "PHONENUMBER": "(919) 469-4195", "RESTAURANTOPENDATE": 1284076800000, "FACILITYTYPE": "2 - Food Stands", "X": -78.84918557, "Y": 35.8221795, "GEOCODESTATUS": "M", "PERMITID": "Not Provided"}}, {"type": "Feature", "id": 2502, "geometry": {"type": "Point", "coordinates": [-78.65333932908433, 35.734652328935994]}, "properties": {"OBJECTID": 2502, "HSISID": "04092021635", "NAME": "INTERNATIONAL FOODS DELI", "ADDRESS1": "421 CHAPANOKE RD ", "ADDRESS2": "STE 140", "CITY": "RALEIGH", "STATE": "NC", "POSTALCODE": "27603", "PHONENUMBER": "(919) 662-5428", "RESTAURANTOPENDATE": 1291161600000, "FACILITYTYPE": "2 - Food Stands", "X": -78.65333672, "Y": 35.73464526, "GEOCODESTATUS": "M", "PERMITID": "Not Provided"}}, {"type": "Feature", "id": 2503, "geometry": {"type": "Point", "coordinates": [-78.65845107768497, 35.797841329800505]}, "properties": {"OBJECTID": 2503, "HSISID": "04092021637", "NAME": "EDIBLE ARRANGEMENTS #1159", "ADDRESS1": "1028 OBERLIN RD ", "ADDRESS2": "STE 238", "CITY": "RALEIGH", "STATE": "NC", "POSTALCODE": "27605", "PHONENUMBER": "(919) 521-8991", "RESTAURANTOPENDATE": 1291852800000, "FACILITYTYPE": "2 - Food Stands", "X": -78.65844846, "Y": 35.79783425, "GEOCODESTATUS": "M", "PERMITID": "Not Provided"}}, {"type": "Feature", "id": 2504, "geometry": {"type": "Point", "coordinates": [-78.70279991963797, 35.905572251922365]}, "properties": {"OBJECTID": 2504, "HSISID": "04092021643", "NAME": "FOOD LION #2199 DELI", "ADDRESS1": "12345 STRICKLAND RD ", "ADDRESS2": null, "CITY": "RALEIGH", "STATE": "NC", "POSTALCODE": "27613", "PHONENUMBER": "(919) 846-3589", "RESTAURANTOPENDATE": 1295481600000, "FACILITYTYPE": "2 - Food Stands", "X": -78.70279728, "Y": 35.90556515, "GEOCODESTATUS": "M", "PERMITID": "Not Provided"}}, {"type": "Feature", "id": 2505, "geometry": {"type": "Point", "coordinates": [-78.49517900341083, 35.96733983770099]}, "properties": {"OBJECTID": 2505, "HSISID": "04092021638", "NAME": "EDIBLE ARRANGEMENTS #391", "ADDRESS1": "944 GATEWAY COMMONS  CIR ", "ADDRESS2": null, "CITY": "WAKE FOREST", "STATE": "NC", "POSTALCODE": "27587", "PHONENUMBER": "(919) 374-2960", "RESTAURANTOPENDATE": 1294358400000, "FACILITYTYPE": "2 - Food Stands", "X": -78.49517643, "Y": 35.96733271, "GEOCODESTATUS": "M", "PERMITID": "Not Provided"}}, {"type": "Feature", "id": 2506, "geometry": {"type": "Point", "coordinates": [-78.70279991963797, 35.905572251922365]}, "properties": {"OBJECTID": 2506, "HSISID": "04092021644", "NAME": "FOOD LION #2199 MEAT MARKET/SEAFOOD", "ADDRESS1": "12345 STRICKLAND RD ", "ADDRESS2": null, "CITY": "RALEIGH", "STATE": "NC", "POSTALCODE": "27613", "PHONENUMBER": "(919) 846-3589", "RESTAURANTOPENDATE": 1295481600000, "FACILITYTYPE": "2 - Food Stands", "X": -78.70279728, "Y": 35.90556515, "GEOCODESTATUS": "M", "PERMITID": "Not Provided"}}, {"type": "Feature", "id": 2507, "geometry": {"type": "Point", "coordinates": [-78.56666874231556, 35.86809591632463]}, "properties": {"OBJECTID": 2507, "HSISID": "04092021647", "NAME": "WALMART #4484 DELI", "ADDRESS1": "8031 OLD WAKE FOREST RD ", "ADDRESS2": null, "CITY": "RALEIGH", "STATE": "NC", "POSTALCODE": "27616", "PHONENUMBER": "(919) 424-6235", "RESTAURANTOPENDATE": 1295481600000, "FACILITYTYPE": "2 - Food Stands", "X": -78.56666615, "Y": 35.86808882, "GEOCODESTATUS": "M", "PERMITID": "Not Provided"}}, {"type": "Feature", "id": 2508, "geometry": {"type": "Point", "coordinates": [-78.77346249748932, 35.69264974901359]}, "properties": {"OBJECTID": 2508, "HSISID": "04092021648", "NAME": "FOOD LION #2198 DELI/BAKERY", "ADDRESS1": "8745 HOLLY SPRINGS RD ", "ADDRESS2": null, "CITY": "CARY", "STATE": "NC", "POSTALCODE": "27539", "PHONENUMBER": "(919) 362-1738", "RESTAURANTOPENDATE": 1295913600000, "FACILITYTYPE": "2 - Food Stands", "X": -78.77345985, "Y": 35.69264269, "GEOCODESTATUS": "M", "PERMITID": "Not Provided"}}, {"type": "Feature", "id": 2509, "geometry": {"type": "Point", "coordinates": [-78.51867884097862, 36.005498497183844]}, "properties": {"OBJECTID": 2509, "HSISID": "04092021649", "NAME": "HARRIS TEETER #353 PRODUCE", "ADDRESS1": "13686 CAPITAL  BLVD ", "ADDRESS2": null, "CITY": "WAKE FOREST", "STATE": "NC", "POSTALCODE": "27587", "PHONENUMBER": "(919) 554-3608", "RESTAURANTOPENDATE": 1296777600000, "FACILITYTYPE": "2 - Food Stands", "X": -78.51867626, "Y": 36.00549137, "GEOCODESTATUS": "M", "PERMITID": "Not Provided"}}, {"type": "Feature", "id": 2826, "geometry": {"type": "Point", "coordinates": [-78.3712829914894, 35.78303758630703]}, "properties": {"OBJECTID": 2826, "HSISID": "04092025457", "NAME": "PICO DE GALLO", "ADDRESS1": "102 W FOURTH ST ", "ADDRESS2": null, "CITY": "WENDELL", "STATE": "NC", "POSTALCODE": "27591", "PHONENUMBER": "(919) 626-0009", "RESTAURANTOPENDATE": 1661472000000, "FACILITYTYPE": "2 - Food Stands", "X": -78.37128046, "Y": 35.7830305, "GEOCODESTATUS": "M", "PERMITID": "Not Provided"}}, {"type": "Feature", "id": 2827, "geometry": {"type": "Point", "coordinates": [-78.64231950031963, 35.83635249698699]}, "properties": {"OBJECTID": 2827, "HSISID": "04092025453", "NAME": "STARBUCKS IN TARGET", "ADDRESS1": "4191 THE CIRCLE AT NORTH HILLS ", "ADDRESS2": null, "CITY": "RALEIGH", "STATE": "NC", "POSTALCODE": "27609", "PHONENUMBER": "(919) 781-9848", "RESTAURANTOPENDATE": 1655942400000, "FACILITYTYPE": "2 - Food Stands", "X": -78.64231689, "Y": 35.83634541, "GEOCODESTATUS": "M", "PERMITID": "Not Provided"}}, {"type": "Feature", "id": 2828, "geometry": {"type": "Point", "coordinates": [-78.57926692475088, 35.84834966428609]}, "properties": {"OBJECTID": 2828, "HSISID": "04092025459", "NAME": "LITTLE CAESARS PIZZA #2002-12", "ADDRESS1": "4610 CAPITAL  BLVD ", "ADDRESS2": null, "CITY": "RALEIGH", "STATE": "NC", "POSTALCODE": "27604", "PHONENUMBER": "(919) 877-8600", "RESTAURANTOPENDATE": 1663200000000, "FACILITYTYPE": "2 - Food Stands", "X": -78.57926433, "Y": 35.84834257, "GEOCODESTATUS": "M", "PERMITID": "Not Provided"}}, {"type": "Feature", "id": 2829, "geometry": {"type": "Point", "coordinates": [-78.65006017109974, 35.69421717330403]}, "properties": {"OBJECTID": 2829, "HSISID": "04092025460", "NAME": "COMMUNITY COMMISSARY GARNER", "ADDRESS1": "160 SOMMERVILLE PARK RD ", "ADDRESS2": null, "CITY": "RALEIGH", "STATE": "NC", "POSTALCODE": "27603", "PHONENUMBER": "(919) 594-4767", "RESTAURANTOPENDATE": 1664323200000, "FACILITYTYPE": "2 - Food Stands", "X": -78.65005756, "Y": 35.69421011, "GEOCODESTATUS": "M", "PERMITID": "Not Provided"}}, {"type": "Feature", "id": 2830, "geometry": {"type": "Point", "coordinates": [-78.71516209017206, 35.79631149698153]}, "properties": {"OBJECTID": 2830, "HSISID": "04092025458", "NAME": "SCOTT BUILDING CONCESSIONS", "ADDRESS1": "1025 BLUE RIDGE RD ", "ADDRESS2": null, "CITY": "RALEIGH", "STATE": "NC", "POSTALCODE": "27607", "PHONENUMBER": "(919) 821-7400", "RESTAURANTOPENDATE": 1663113600000, "FACILITYTYPE": "2 - Food Stands", "X": -78.71515946, "Y": 35.79630442, "GEOCODESTATUS": "M", "PERMITID": "Not Provided"}}, {"type": "Feature", "id": 2831, "geometry": {"type": "Point", "coordinates": [-78.71534041366918, 35.87242441308002]}, "properties": {"OBJECTID": 2831, "HSISID": "04092025461", "NAME": "REFUEL #176", "ADDRESS1": "6700 HILBURN DR ", "ADDRESS2": null, "CITY": "RALEIGH", "STATE": "NC", "POSTALCODE": "27613", "PHONENUMBER": "(919) 322-2790", "RESTAURANTOPENDATE": 1665532800000, "FACILITYTYPE": "2 - Food Stands", "X": -78.71533778, "Y": 35.87241732, "GEOCODESTATUS": "M", "PERMITID": "Not Provided"}}, {"type": "Feature", "id": 2832, "geometry": {"type": "Point", "coordinates": [-78.78493816785108, 35.73791150280521]}, "properties": {"OBJECTID": 2832, "HSISID": "04092025462", "NAME": "MISS CHANG AN", "ADDRESS1": "311 ASHVILLE AVE ", "ADDRESS2": "STE J", "CITY": "CARY", "STATE": "NC", "POSTALCODE": "27518", "PHONENUMBER": "(919) 890-5011", "RESTAURANTOPENDATE": 1665619200000, "FACILITYTYPE": "2 - Food Stands", "X": -78.78493552, "Y": 35.73790444, "GEOCODESTATUS": "M", "PERMITID": "Not Provided"}}, {"type": "Feature", "id": 2833, "geometry": {"type": "Point", "coordinates": [-78.63903083820921, 35.752059670156385]}, "properties": {"OBJECTID": 2833, "HSISID": "04092025464", "NAME": "GRAZIN GALS@TKA", "ADDRESS1": "2161 S WILMINGTON  ST ", "ADDRESS2": null, "CITY": "RALEIGH", "STATE": "NC", "POSTALCODE": "27603", "PHONENUMBER": "(919) 406-4628", "RESTAURANTOPENDATE": 1666310400000, "FACILITYTYPE": "2 - Food Stands", "X": -78.63902823, "Y": 35.7520526, "GEOCODESTATUS": "M", "PERMITID": "Not Provided"}}, {"type": "Feature", "id": 2834, "geometry": {"type": "Point", "coordinates": [-78.65006017109974, 35.69421717330403]}, "properties": {"OBJECTID": 2834, "HSISID": "04092025470", "NAME": "SHEILA'S AUSSIE BAKERY", "ADDRESS1": "160 SOMMERVILLE PARK RD ", "ADDRESS2": null, "CITY": "RALEIGH", "STATE": "NC", "POSTALCODE": "27603", "PHONENUMBER": "(603) 545-1642", "RESTAURANTOPENDATE": 1668470400000, "FACILITYTYPE": "2 - Food Stands", "X": -78.65005756, "Y": 35.69421011, "GEOCODESTATUS": "M", "PERMITID": "Not Provided"}}, {"type": "Feature", "id": 2835, "geometry": {"type": "Point", "coordinates": [-78.53774799708971, 35.94777207799982]}, "properties": {"OBJECTID": 2835, "HSISID": "04092025471", "NAME": "FLAVOR DISTRICT", "ADDRESS1": "11016 CAPITAL BLVD", "ADDRESS2": null, "CITY": "WAKE FOREST", "STATE": "NC", "POSTALCODE": "27587", "PHONENUMBER": "(919) 263-8837", "RESTAURANTOPENDATE": 1668729600000, "FACILITYTYPE": "2 - Food Stands", "X": -78.53774541, "Y": 35.94776496, "GEOCODESTATUS": "M", "PERMITID": "Not Provided"}}, {"type": "Feature", "id": 2836, "geometry": {"type": "Point", "coordinates": [-78.53774799708971, 35.94777207799982]}, "properties": {"OBJECTID": 2836, "HSISID": "04092025477", "NAME": "CANAIMA PASTELITOS", "ADDRESS1": "11016 CAPITAL BLVD", "ADDRESS2": null, "CITY": "WAKE FOREST", "STATE": "NC", "POSTALCODE": "27587", "PHONENUMBER": "(919) 867-8601", "RESTAURANTOPENDATE": 1669161600000, "FACILITYTYPE": "2 - Food Stands", "X": -78.53774541, "Y": 35.94776496, "GEOCODESTATUS": "M", "PERMITID": "Not Provided"}}, {"type": "Feature", "id": 2837, "geometry": {"type": "Point", "coordinates": [-78.8256214104501, 35.85449699978543]}, "properties": {"OBJECTID": 2837, "HSISID": "04092025489", "NAME": "7/11", "ADDRESS1": "801 AIRPORT BLVD", "ADDRESS2": null, "CITY": "MORRISVILLE", "STATE": "NC", "POSTALCODE": "27560", "PHONENUMBER": "(336) 937-2496", "RESTAURANTOPENDATE": 1670371200000, "FACILITYTYPE": "2 - Food Stands", "X": -78.82561874, "Y": 35.85448991, "GEOCODESTATUS": "M", "PERMITID": "Not Provided"}}, {"type": "Feature", "id": 2838, "geometry": {"type": "Point", "coordinates": [-78.67901258449827, 35.839324340867115]}, "properties": {"OBJECTID": 2838, "HSISID": "04092025491", "NAME": "AUNTIE ANNE'S", "ADDRESS1": "4325 GLENWOOD AVE ", "ADDRESS2": "SUITE 2102", "CITY": "RALEIGH", "STATE": "NC", "POSTALCODE": "27612", "PHONENUMBER": "(919) 781-9946", "RESTAURANTOPENDATE": 1671408000000, "FACILITYTYPE": "2 - Food Stands", "X": -78.67900996, "Y": 35.83931725, "GEOCODESTATUS": "M", "PERMITID": "Not Provided"}}, {"type": "Feature", "id": 2839, "geometry": {"type": "Point", "coordinates": [-78.65006017109974, 35.69421717330403]}, "properties": {"OBJECTID": 2839, "HSISID": "04092025492", "NAME": "CURRY IN A HURRY @ COMMUNITY COMMISSARY", "ADDRESS1": "160 SOMMERVILLE PARK RD", "ADDRESS2": null, "CITY": "GARNER", "STATE": "NC", "POSTALCODE": "27603", "PHONENUMBER": "(919) 606-4085", "RESTAURANTOPENDATE": 1670198400000, "FACILITYTYPE": "2 - Food Stands", "X": -78.65005756, "Y": 35.69421011, "GEOCODESTATUS": "M", "PERMITID": "Not Provided"}}, {"type": "Feature", "id": 2840, "geometry": {"type": "Point", "coordinates": [-78.54837408971075, 35.791684994352835]}, "properties": {"OBJECTID": 2840, "HSISID": "04092025493", "NAME": "BIG CHEESE PIZZA", "ADDRESS1": "1030 N ROGERS  LN ", "ADDRESS2": null, "CITY": "RALEIGH", "STATE": "NC", "POSTALCODE": "27610", "PHONENUMBER": "(919) 792-2245", "RESTAURANTOPENDATE": 1673308800000, "FACILITYTYPE": "2 - Food Stands", "X": -78.54837151, "Y": 35.79167791, "GEOCODESTATUS": "M", "PERMITID": "Not Provided"}}, {"type": "Feature", "id": 2841, "geometry": {"type": "Point", "coordinates": [-78.79806958624583, 35.73670449695699]}, "properties": {"OBJECTID": 2841, "HSISID": "04092025495", "NAME": "DONOVAN'S DISH", "ADDRESS1": "107 EDINBURGH SOUTH DR", "ADDRESS2": "131", "CITY": "CARY", "STATE": "NC", "POSTALCODE": "27511", "PHONENUMBER": "(919) 651-8309", "RESTAURANTOPENDATE": 1675987200000, "FACILITYTYPE": "2 - Food Stands", "X": -78.79806693, "Y": 35.73669743, "GEOCODESTATUS": "M", "PERMITID": "Not Provided"}}, {"type": "Feature", "id": 2842, "geometry": {"type": "Point", "coordinates": [-78.78306549727073, 35.783379838400265]}, "properties": {"OBJECTID": 2842, "HSISID": "04092025496", "NAME": "TOP THIS! CATERING, LLC", "ADDRESS1": "120 DRY AVE ", "ADDRESS2": null, "CITY": "CARY", "STATE": "NC", "POSTALCODE": "27511", "PHONENUMBER": "(919) 744-8338", "RESTAURANTOPENDATE": 1676246400000, "FACILITYTYPE": "2 - Food Stands", "X": -78.78306284, "Y": 35.78337276, "GEOCODESTATUS": "M", "PERMITID": "Not Provided"}}, {"type": "Feature", "id": 2843, "geometry": {"type": "Point", "coordinates": [-78.77604457480662, 35.59549617335156]}, "properties": {"OBJECTID": 2843, "HSISID": "04092025497", "NAME": "FIIZ DRINKS", "ADDRESS1": "7401 SUNSET LAKE RD", "ADDRESS2": null, "CITY": "FUQUAY-VARINA", "STATE": "NC", "POSTALCODE": "27526", "PHONENUMBER": "(919) 278-7350", "RESTAURANTOPENDATE": 1677542400000, "FACILITYTYPE": "2 - Food Stands", "X": -78.77604193, "Y": 35.59548914, "GEOCODESTATUS": "M", "PERMITID": "Not Provided"}}, {"type": "Feature", "id": 2844, "geometry": {"type": "Point", "coordinates": [-78.64569600913487, 35.77946366470373]}, "properties": {"OBJECTID": 2844, "HSISID": "04092025498", "NAME": "GYM TACOS 4 @ MSFH", "ADDRESS1": "411 W. MORGAN ST ", "ADDRESS2": null, "CITY": "RALEIGH", "STATE": "NC", "POSTALCODE": "27603", "PHONENUMBER": "(984) 500-7176", "RESTAURANTOPENDATE": 1677628800000, "FACILITYTYPE": "2 - Food Stands", "X": -78.6456934, "Y": 35.77945659, "GEOCODESTATUS": "M", "PERMITID": "Not Provided"}}, {"type": "Feature", "id": 2510, "geometry": {"type": "Point", "coordinates": [-78.65710116236632, 35.73081841305376]}, "properties": {"OBJECTID": 2510, "HSISID": "04092021652", "NAME": "EL TORO SUPERMARKET MEAT MARKET ", "ADDRESS1": "3609 JUNCTION BLVD ", "ADDRESS2": null, "CITY": "RALEIGH", "STATE": "NC", "POSTALCODE": "27603", "PHONENUMBER": "(919) 773-8172", "RESTAURANTOPENDATE": 1297296000000, "FACILITYTYPE": "2 - Food Stands", "X": -78.65709855, "Y": 35.73081135, "GEOCODESTATUS": "M", "PERMITID": "Not Provided"}}, {"type": "Feature", "id": 2511, "geometry": {"type": "Point", "coordinates": [-78.51867884097862, 36.005498497183844]}, "properties": {"OBJECTID": 2511, "HSISID": "04092021650", "NAME": "HARRIS TEETER #353 DELI", "ADDRESS1": "13686 CAPITAL BLVD ", "ADDRESS2": null, "CITY": "WAKE FOREST", "STATE": "NC", "POSTALCODE": "27587", "PHONENUMBER": "(919) 554-3608", "RESTAURANTOPENDATE": 1296777600000, "FACILITYTYPE": "2 - Food Stands", "X": -78.51867626, "Y": 36.00549137, "GEOCODESTATUS": "M", "PERMITID": "Not Provided"}}, {"type": "Feature", "id": 2512, "geometry": {"type": "Point", "coordinates": [-78.65023840993892, 35.898902412936756]}, "properties": {"OBJECTID": 2512, "HSISID": "04092021656", "NAME": "WHOLE FOODS #10338 SEAFOOD", "ADDRESS1": "8710 SIX FORKS  RD ", "ADDRESS2": null, "CITY": "RALEIGH", "STATE": "NC", "POSTALCODE": "27615", "PHONENUMBER": "(919) 354-0350", "RESTAURANTOPENDATE": 1299801600000, "FACILITYTYPE": "2 - Food Stands", "X": -78.65023579, "Y": 35.89889531, "GEOCODESTATUS": "M", "PERMITID": "Not Provided"}}, {"type": "Feature", "id": 2513, "geometry": {"type": "Point", "coordinates": [-78.65023840993892, 35.898902412936756]}, "properties": {"OBJECTID": 2513, "HSISID": "04092021657", "NAME": "WHOLE FOODS #10338 SPECIALTY", "ADDRESS1": "8710 SIX FORKS RD ", "ADDRESS2": null, "CITY": "RALEIGH", "STATE": "NC", "POSTALCODE": "27615", "PHONENUMBER": "(919) 354-0350", "RESTAURANTOPENDATE": 1299801600000, "FACILITYTYPE": "2 - Food Stands", "X": -78.65023579, "Y": 35.89889531, "GEOCODESTATUS": "M", "PERMITID": "Not Provided"}}, {"type": "Feature", "id": 2514, "geometry": {"type": "Point", "coordinates": [-78.61558033290649, 35.84979092206022]}, "properties": {"OBJECTID": 2514, "HSISID": "04092021672", "NAME": "THE BUTCHERS MARKET", "ADDRESS1": "5045 FALLS OF NEUSE RD ", "ADDRESS2": null, "CITY": "RALEIGH", "STATE": "NC", "POSTALCODE": "27609", "PHONENUMBER": "(919) 809-8914", "RESTAURANTOPENDATE": 1301356800000, "FACILITYTYPE": "2 - Food Stands", "X": -78.61557773, "Y": 35.84978383, "GEOCODESTATUS": "M", "PERMITID": "Not Provided"}}, {"type": "Feature", "id": 2515, "geometry": {"type": "Point", "coordinates": [-78.65023840993892, 35.898902412936756]}, "properties": {"OBJECTID": 2515, "HSISID": "04092021659", "NAME": "WHOLE FOODS #10338 PRODUCE", "ADDRESS1": "8710 SIX FORKS  RD ", "ADDRESS2": null, "CITY": "RALEIGH", "STATE": "NC", "POSTALCODE": "27615", "PHONENUMBER": "(919) 354-0350", "RESTAURANTOPENDATE": 1299801600000, "FACILITYTYPE": "2 - Food Stands", "X": -78.65023579, "Y": 35.89889531, "GEOCODESTATUS": "M", "PERMITID": "Not Provided"}}, {"type": "Feature", "id": 2516, "geometry": {"type": "Point", "coordinates": [-78.63868274545278, 35.79407916175299]}, "properties": {"OBJECTID": 2516, "HSISID": "04092021678", "NAME": "RALEIGH NURSERY SCHOOL", "ADDRESS1": "1035 HALIFAX ST ", "ADDRESS2": null, "CITY": "RALEIGH", "STATE": "NC", "POSTALCODE": "27604", "PHONENUMBER": "(919) 834-2136", "RESTAURANTOPENDATE": 1307664000000, "FACILITYTYPE": "2 - Food Stands", "X": -78.63868014, "Y": 35.79407208, "GEOCODESTATUS": "M", "PERMITID": "Not Provided"}}, {"type": "Feature", "id": 2517, "geometry": {"type": "Point", "coordinates": [-78.67345117038784, 35.77131941906523]}, "properties": {"OBJECTID": 2517, "HSISID": "04092021687", "NAME": "PORT CITY JAVA EB2", "ADDRESS1": "890  OVAL DR ", "ADDRESS2": null, "CITY": "RALEIGH", "STATE": "NC", "POSTALCODE": "27695", "PHONENUMBER": "(919) 513-2420", "RESTAURANTOPENDATE": 1315872000000, "FACILITYTYPE": "2 - Food Stands", "X": -78.67344855, "Y": 35.77131234, "GEOCODESTATUS": "M", "PERMITID": "Not Provided"}}, {"type": "Feature", "id": 2518, "geometry": {"type": "Point", "coordinates": [-78.61095841261265, 35.77715999969394]}, "properties": {"OBJECTID": 2518, "HSISID": "04092021689", "NAME": "JAMAICA JERK MASTERS", "ADDRESS1": "1909 POOLE RD ", "ADDRESS2": null, "CITY": "RALEIGH", "STATE": "NC", "POSTALCODE": "27610", "PHONENUMBER": "(919) 231-7697", "RESTAURANTOPENDATE": 1316995200000, "FACILITYTYPE": "2 - Food Stands", "X": -78.61095581, "Y": 35.77715292, "GEOCODESTATUS": "M", "PERMITID": "Not Provided"}}, {"type": "Feature", "id": 2519, "geometry": {"type": "Point", "coordinates": [-78.66378832916757, 35.78166967076516]}, "properties": {"OBJECTID": 2519, "HSISID": "04092021696", "NAME": "PULLEN CAFE'", "ADDRESS1": "520 ASHE AVE ", "ADDRESS2": null, "CITY": "RALEIGH", "STATE": "NC", "POSTALCODE": "27606", "PHONENUMBER": "(919) 829-7180", "RESTAURANTOPENDATE": 1321315200000, "FACILITYTYPE": "2 - Food Stands", "X": -78.66378571, "Y": 35.78166259, "GEOCODESTATUS": "M", "PERMITID": "Not Provided"}}, {"type": "Feature", "id": 2520, "geometry": {"type": "Point", "coordinates": [-78.78211507525596, 35.737181245783646]}, "properties": {"OBJECTID": 2520, "HSISID": "04092021693", "NAME": "WALMART DELI #2247", "ADDRESS1": "2010 KILDAIRE FARM RD ", "ADDRESS2": null, "CITY": "CARY", "STATE": "NC", "POSTALCODE": "27518", "PHONENUMBER": "(919) 852-6651", "RESTAURANTOPENDATE": 1320710400000, "FACILITYTYPE": "2 - Food Stands", "X": -78.78211243, "Y": 35.73717418, "GEOCODESTATUS": "M", "PERMITID": "Not Provided"}}, {"type": "Feature", "id": 2521, "geometry": {"type": "Point", "coordinates": [-78.85588083502283, 35.833761419099645]}, "properties": {"OBJECTID": 2521, "HSISID": "04092021698", "NAME": "SUVIDHA", "ADDRESS1": "3735  DAVIS DR ", "ADDRESS2": null, "CITY": "MORRISVILLE", "STATE": "NC", "POSTALCODE": "27560", "PHONENUMBER": "(919) 650-1436", "RESTAURANTOPENDATE": 1324425600000, "FACILITYTYPE": "2 - Food Stands", "X": -78.85587816, "Y": 35.83375434, "GEOCODESTATUS": "M", "PERMITID": "Not Provided"}}, {"type": "Feature", "id": 2522, "geometry": {"type": "Point", "coordinates": [-78.81241516764706, 35.78439558119845]}, "properties": {"OBJECTID": 2522, "HSISID": "04092021700", "NAME": "JET'S PIZZA", "ADDRESS1": "1253 NW MAYNARD RD ", "ADDRESS2": null, "CITY": "CARY", "STATE": "NC", "POSTALCODE": "27513", "PHONENUMBER": "(919) 469-4949", "RESTAURANTOPENDATE": 1327449600000, "FACILITYTYPE": "2 - Food Stands", "X": -78.81241251, "Y": 35.78438851, "GEOCODESTATUS": "M", "PERMITID": "Not Provided"}}, {"type": "Feature", "id": 2523, "geometry": {"type": "Point", "coordinates": [-78.84641540759054, 35.7904798325596]}, "properties": {"OBJECTID": 2523, "HSISID": "04092021701", "NAME": "PAPA JOHN'S", "ADDRESS1": "5007 WINSTON HILL DR ", "ADDRESS2": null, "CITY": "CARY", "STATE": "NC", "POSTALCODE": "27513", "PHONENUMBER": "(919) 380-7272", "RESTAURANTOPENDATE": 1329350400000, "FACILITYTYPE": "2 - Food Stands", "X": -78.84641274, "Y": 35.79047276, "GEOCODESTATUS": "M", "PERMITID": "Not Provided"}}, {"type": "Feature", "id": 2524, "geometry": {"type": "Point", "coordinates": [-78.85588083502283, 35.833761419099645]}, "properties": {"OBJECTID": 2524, "HSISID": "04092021703", "NAME": "S   S HALAL MEAT", "ADDRESS1": "3735 DAVIS DR ", "ADDRESS2": "STE 101", "CITY": "MORRISVILLE", "STATE": "NC", "POSTALCODE": "27560", "PHONENUMBER": "(919) 650-1646", "RESTAURANTOPENDATE": 1332201600000, "FACILITYTYPE": "2 - Food Stands", "X": -78.85587816, "Y": 35.83375434, "GEOCODESTATUS": "M", "PERMITID": "Not Provided"}}, {"type": "Feature", "id": 2525, "geometry": {"type": "Point", "coordinates": [-78.68760657834939, 35.793666670969415]}, "properties": {"OBJECTID": 2525, "HSISID": "04092021705", "NAME": "EMPIRE EATS CATERING KITCHEN", "ADDRESS1": "415 ROYAL ST ", "ADDRESS2": null, "CITY": "RALEIGH", "STATE": "NC", "POSTALCODE": "27607", "PHONENUMBER": "(919) 600-3688", "RESTAURANTOPENDATE": 1336608000000, "FACILITYTYPE": "2 - Food Stands", "X": -78.68760395, "Y": 35.79365959, "GEOCODESTATUS": "M", "PERMITID": "Not Provided"}}, {"type": "Feature", "id": 2526, "geometry": {"type": "Point", "coordinates": [-78.60013708646663, 35.90523799396618]}, "properties": {"OBJECTID": 2526, "HSISID": "04092021702", "NAME": "HARRIS TEETER #136 PRODUCE", "ADDRESS1": "9600 FALLS OF NEUSE  RD ", "ADDRESS2": null, "CITY": "RALEIGH", "STATE": "NC", "POSTALCODE": "27615", "PHONENUMBER": "(919) 676-6614", "RESTAURANTOPENDATE": 1331251200000, "FACILITYTYPE": "2 - Food Stands", "X": -78.60013448, "Y": 35.90523089, "GEOCODESTATUS": "M", "PERMITID": "Not Provided"}}, {"type": "Feature", "id": 2527, "geometry": {"type": "Point", "coordinates": [-78.63936750018618, 35.77441558688331]}, "properties": {"OBJECTID": 2527, "HSISID": "04092021710", "NAME": "FIRE WOK", "ADDRESS1": "442 FAYETTEVILLE ST ", "ADDRESS2": null, "CITY": "RALEIGH", "STATE": "NC", "POSTALCODE": "27601", "PHONENUMBER": "(919) 821-8089", "RESTAURANTOPENDATE": 1339113600000, "FACILITYTYPE": "2 - Food Stands", "X": -78.63936489, "Y": 35.77440851, "GEOCODESTATUS": "M", "PERMITID": "Not Provided"}}, {"type": "Feature", "id": 2528, "geometry": {"type": "Point", "coordinates": [-78.86968057553531, 35.78630425140311]}, "properties": {"OBJECTID": 2528, "HSISID": "04092021721", "NAME": "WALMART 4157 NEIGHBORHOOD MARKET DELI", "ADDRESS1": "2750 NC 55  HWY ", "ADDRESS2": null, "CITY": "CARY", "STATE": "NC", "POSTALCODE": "27519", "PHONENUMBER": "(919) 335-0051", "RESTAURANTOPENDATE": 1348790400000, "FACILITYTYPE": "2 - Food Stands", "X": -78.8696779, "Y": 35.78629718, "GEOCODESTATUS": "M", "PERMITID": "Not Provided"}}, {"type": "Feature", "id": 2845, "geometry": {"type": "Point", "coordinates": [-78.53774799708971, 35.94777207799982]}, "properties": {"OBJECTID": 2845, "HSISID": "04092025503", "NAME": "ALLEYCAT FOODS @ FLAVOR DISTRICT", "ADDRESS1": "11016 CAPITAL BLVD", "ADDRESS2": null, "CITY": "WAKE FOREST", "STATE": "NC", "POSTALCODE": "27587", "PHONENUMBER": "(347) 388-6006", "RESTAURANTOPENDATE": 1676332800000, "FACILITYTYPE": "2 - Food Stands", "X": -78.53774541, "Y": 35.94776496, "GEOCODESTATUS": "M", "PERMITID": "Not Provided"}}, {"type": "Feature", "id": 2846, "geometry": {"type": "Point", "coordinates": [-78.84865825132587, 35.78922774315409]}, "properties": {"OBJECTID": 2846, "HSISID": "04092025507", "NAME": "CHICKEN BEE", "ADDRESS1": "1961 HIGH HOUSE RD ", "ADDRESS2": null, "CITY": "CARY", "STATE": "NC", "POSTALCODE": "27519", "PHONENUMBER": "(984) 480-8576", "RESTAURANTOPENDATE": 1681084800000, "FACILITYTYPE": "2 - Food Stands", "X": -78.84865558, "Y": 35.78922067, "GEOCODESTATUS": "M", "PERMITID": "Not Provided"}}, {"type": "Feature", "id": 2847, "geometry": {"type": "Point", "coordinates": [-78.6208010863889, 35.77207567086746]}, "properties": {"OBJECTID": 2847, "HSISID": "04092025511", "NAME": "THE COOKHOUSE", "ADDRESS1": "1214 E LENOIR ST", "ADDRESS2": null, "CITY": "RALEIGH", "STATE": "NC", "POSTALCODE": "27610", "PHONENUMBER": "(919) 612-3066", "RESTAURANTOPENDATE": 1683504000000, "FACILITYTYPE": "2 - Food Stands", "X": -78.62079848, "Y": 35.77206859, "GEOCODESTATUS": "M", "PERMITID": "Not Provided"}}, {"type": "Feature", "id": 2848, "geometry": {"type": "Point", "coordinates": [-78.65006017109974, 35.69421717330403]}, "properties": {"OBJECTID": 2848, "HSISID": "04092025514", "NAME": "CATERING   HOME KITCHEN SERVICES BY TJ @ COMMU", "ADDRESS1": "160 SOMMERVILLE PARK RD", "ADDRESS2": null, "CITY": "RALEIGH", "STATE": "NC", "POSTALCODE": "27603", "PHONENUMBER": "(984) 900-6344", "RESTAURANTOPENDATE": 1684886400000, "FACILITYTYPE": "2 - Food Stands", "X": -78.65005756, "Y": 35.69421011, "GEOCODESTATUS": "M", "PERMITID": "Not Provided"}}, {"type": "Feature", "id": 2849, "geometry": {"type": "Point", "coordinates": [-78.77695849445486, 35.91424758054819]}, "properties": {"OBJECTID": 2849, "HSISID": "04092025515", "NAME": "MARCO'S PIZZA #8266", "ADDRESS1": "7840 ALEXANDER PROMENADE PL", "ADDRESS2": null, "CITY": "RALEIGH", "STATE": "NC", "POSTALCODE": "27617", "PHONENUMBER": "(919) 807-1900", "RESTAURANTOPENDATE": 1686787200000, "FACILITYTYPE": "2 - Food Stands", "X": -78.77695584, "Y": 35.91424048, "GEOCODESTATUS": "M", "PERMITID": "Not Provided"}}, {"type": "Feature", "id": 2850, "geometry": {"type": "Point", "coordinates": [-78.52343383203852, 35.949411167963866]}, "properties": {"OBJECTID": 2850, "HSISID": "04092025522", "NAME": "NORTH WAKE COUNTY BASEBALL CONCESSION STAND", "ADDRESS1": "1845 GRANDMARK ST ", "ADDRESS2": null, "CITY": "WAKE FOREST", "STATE": "NC", "POSTALCODE": "27587", "PHONENUMBER": "(919) 744-9949", "RESTAURANTOPENDATE": 1690243200000, "FACILITYTYPE": "2 - Food Stands", "X": -78.52343125, "Y": 35.94940405, "GEOCODESTATUS": "M", "PERMITID": "Not Provided"}}, {"type": "Feature", "id": 2851, "geometry": {"type": "Point", "coordinates": [-78.64569600913487, 35.77946366470373]}, "properties": {"OBJECTID": 2851, "HSISID": "04092025525", "NAME": "BAREBAKED PIZZA @ MSFH", "ADDRESS1": "411 W MORGAN ST ", "ADDRESS2": "BOX 12", "CITY": "RALEIGH", "STATE": "NC", "POSTALCODE": "27603", "PHONENUMBER": "(919) 886-2200", "RESTAURANTOPENDATE": 1690934400000, "FACILITYTYPE": "2 - Food Stands", "X": -78.6456934, "Y": 35.77945659, "GEOCODESTATUS": "M", "PERMITID": "Not Provided"}}, {"type": "Feature", "id": 2852, "geometry": {"type": "Point", "coordinates": [-78.84865825132587, 35.78922774315409]}, "properties": {"OBJECTID": 2852, "HSISID": "04092025526", "NAME": "KUNG FU TEA", "ADDRESS1": "1961 HIGH HOUSE RD", "ADDRESS2": null, "CITY": "CARY", "STATE": "NC", "POSTALCODE": "27519", "PHONENUMBER": null, "RESTAURANTOPENDATE": 1691107200000, "FACILITYTYPE": "2 - Food Stands", "X": -78.84865558, "Y": 35.78922067, "GEOCODESTATUS": "M", "PERMITID": "Not Provided"}}, {"type": "Feature", "id": 2853, "geometry": {"type": "Point", "coordinates": [-78.57968525717826, 35.65503075425978]}, "properties": {"OBJECTID": 2853, "HSISID": "04092025529", "NAME": "SOUTH GARNER HIGH SCHOOL CULINARY LAB", "ADDRESS1": "8228 HEBRON CHURCH RD", "ADDRESS2": null, "CITY": "GARNER", "STATE": "NC", "POSTALCODE": "27529", "PHONENUMBER": null, "RESTAURANTOPENDATE": 1692316800000, "FACILITYTYPE": "2 - Food Stands", "X": -78.57968267, "Y": 35.6550237, "GEOCODESTATUS": "M", "PERMITID": "Not Provided"}}, {"type": "Feature", "id": 2854, "geometry": {"type": "Point", "coordinates": [-78.66106158088975, 35.79149699973599]}, "properties": {"OBJECTID": 2854, "HSISID": "04092025532", "NAME": "JENI'S SPLENDID ICE CREAMS", "ADDRESS1": "2014 CAMERON ST", "ADDRESS2": null, "CITY": "RALEIGH", "STATE": "NC", "POSTALCODE": "27605", "PHONENUMBER": "(984) 259-1397", "RESTAURANTOPENDATE": 1692835200000, "FACILITYTYPE": "2 - Food Stands", "X": -78.66105896, "Y": 35.791489920000004, "GEOCODESTATUS": "M", "PERMITID": "Not Provided"}}, {"type": "Feature", "id": 2855, "geometry": {"type": "Point", "coordinates": [-78.63903083820921, 35.752059670156385]}, "properties": {"OBJECTID": 2855, "HSISID": "04092025535", "NAME": "CARTHAGE FRESH @ TKA", "ADDRESS1": "2161 S WILMINGTON ST ", "ADDRESS2": null, "CITY": "RALEIGH", "STATE": "NC", "POSTALCODE": "27603", "PHONENUMBER": "(323) 304-7953", "RESTAURANTOPENDATE": 1695859200000, "FACILITYTYPE": "2 - Food Stands", "X": -78.63902823, "Y": 35.7520526, "GEOCODESTATUS": "M", "PERMITID": "Not Provided"}}, {"type": "Feature", "id": 2856, "geometry": {"type": "Point", "coordinates": [-78.322987676387, 35.82163716218884]}, "properties": {"OBJECTID": 2856, "HSISID": "04092025536", "NAME": "TAQUERIA SANJUAN", "ADDRESS1": "410 W GANNON AVE ", "ADDRESS2": null, "CITY": "ZEBULON", "STATE": "NC", "POSTALCODE": "27597", "PHONENUMBER": "(919) 455-8661", "RESTAURANTOPENDATE": 1695340800000, "FACILITYTYPE": "2 - Food Stands", "X": -78.32298516, "Y": 35.82163006, "GEOCODESTATUS": "M", "PERMITID": "Not Provided"}}, {"type": "Feature", "id": 2857, "geometry": {"type": "Point", "coordinates": [-78.53774799708971, 35.94777207799982]}, "properties": {"OBJECTID": 2857, "HSISID": "04092025537", "NAME": "NIGERIA KITCHEN AT FLAVOR DISTRICT", "ADDRESS1": "11016 CAPITAL BLVD", "ADDRESS2": null, "CITY": "WAKE FOREST", "STATE": "NC", "POSTALCODE": "27587", "PHONENUMBER": "(786) 665-4906", "RESTAURANTOPENDATE": 1697068800000, "FACILITYTYPE": "2 - Food Stands", "X": -78.53774541, "Y": 35.94776496, "GEOCODESTATUS": "M", "PERMITID": "Not Provided"}}, {"type": "Feature", "id": 2858, "geometry": {"type": "Point", "coordinates": [-78.7229411640928, 35.8032515863339]}, "properties": {"OBJECTID": 2858, "HSISID": "04092025538", "NAME": "CHICK-FIL-A LENOVO CENTER", "ADDRESS1": "1400 EDWARDS MILL RD", "ADDRESS2": null, "CITY": "RALEIGH", "STATE": "NC", "POSTALCODE": "27607", "PHONENUMBER": "(919) 610-8375", "RESTAURANTOPENDATE": 1697587200000, "FACILITYTYPE": "2 - Food Stands", "X": -78.72293853, "Y": 35.80324451, "GEOCODESTATUS": "M", "PERMITID": "Not Provided"}}, {"type": "Feature", "id": 2859, "geometry": {"type": "Point", "coordinates": [-78.64841099082702, 35.727435754108235]}, "properties": {"OBJECTID": 2859, "HSISID": "04092025542", "NAME": "THE KITCHEN SPACE", "ADDRESS1": "3805 S WILMINGTON ST", "ADDRESS2": null, "CITY": "RALEIGH", "STATE": "NC", "POSTALCODE": "27603", "PHONENUMBER": null, "RESTAURANTOPENDATE": 1699315200000, "FACILITYTYPE": "2 - Food Stands", "X": -78.64840838, "Y": 35.727428689999996, "GEOCODESTATUS": "M", "PERMITID": "Not Provided"}}, {"type": "Feature", "id": 2860, "geometry": {"type": "Point", "coordinates": [-78.8314855812982, 35.636993581138775]}, "properties": {"OBJECTID": 2860, "HSISID": "04092025545", "NAME": "REFUEL", "ADDRESS1": "7008 GB ALFORD HWY ", "ADDRESS2": null, "CITY": "HOLLY SPRINGS", "STATE": "NC", "POSTALCODE": "27540", "PHONENUMBER": null, "RESTAURANTOPENDATE": 1700006400000, "FACILITYTYPE": "2 - Food Stands", "X": -78.83148292, "Y": 35.63698654, "GEOCODESTATUS": "M", "PERMITID": "Not Provided"}}, {"type": "Feature", "id": 2861, "geometry": {"type": "Point", "coordinates": [-78.77756716738376, 35.73854133532604]}, "properties": {"OBJECTID": 2861, "HSISID": "04092025546", "NAME": "RISE BISCUITS", "ADDRESS1": "575 NEW WAVERLY PL", "ADDRESS2": "SUITE 104A", "CITY": "CARY", "STATE": "NC", "POSTALCODE": "27518", "PHONENUMBER": "(984) 228-6258", "RESTAURANTOPENDATE": 1700438400000, "FACILITYTYPE": "2 - Food Stands", "X": -78.77756452, "Y": 35.73853427, "GEOCODESTATUS": "M", "PERMITID": "Not Provided"}}, {"type": "Feature", "id": 2862, "geometry": {"type": "Point", "coordinates": [-78.7927865865394, 35.70190208344232]}, "properties": {"OBJECTID": 2862, "HSISID": "04092025547", "NAME": "JETS PIZZA", "ADDRESS1": "3420 TEN TEN RD", "ADDRESS2": "SUITE 308", "CITY": "CARY", "STATE": "NC", "POSTALCODE": "27518", "PHONENUMBER": "(919) 230-0083", "RESTAURANTOPENDATE": 1701043200000, "FACILITYTYPE": "2 - Food Stands", "X": -78.79278394, "Y": 35.70189503, "GEOCODESTATUS": "M", "PERMITID": "Not Provided"}}, {"type": "Feature", "id": 2863, "geometry": {"type": "Point", "coordinates": [-78.69299833280911, 35.81677665926294]}, "properties": {"OBJECTID": 2863, "HSISID": "04092025549", "NAME": "THE BUTCHER'S MARKET", "ADDRESS1": "2414 WYCLIFF RD.", "ADDRESS2": "STE 103", "CITY": "RALEIGH", "STATE": "NC", "POSTALCODE": "27607", "PHONENUMBER": "(919) 615-0512", "RESTAURANTOPENDATE": 1701302400000, "FACILITYTYPE": "2 - Food Stands", "X": -78.69299571, "Y": 35.81676957, "GEOCODESTATUS": "M", "PERMITID": "Not Provided"}}, {"type": "Feature", "id": 2529, "geometry": {"type": "Point", "coordinates": [-78.60013708646663, 35.90523799396618]}, "properties": {"OBJECTID": 2529, "HSISID": "04092021712", "NAME": "HARRIS TEETER #136 MEAT MARKET/SEAFOOD", "ADDRESS1": "9600 FALLS OF NEUSE RD ", "ADDRESS2": null, "CITY": "RALEIGH", "STATE": "NC", "POSTALCODE": "27615", "PHONENUMBER": "(919) 676-6614", "RESTAURANTOPENDATE": 1341878400000, "FACILITYTYPE": "2 - Food Stands", "X": -78.60013448, "Y": 35.90523089, "GEOCODESTATUS": "M", "PERMITID": "Not Provided"}}, {"type": "Feature", "id": 2530, "geometry": {"type": "Point", "coordinates": [-78.66356366506581, 35.70535707802521]}, "properties": {"OBJECTID": 2530, "HSISID": "04092021728", "NAME": "BARRON'S DELI", "ADDRESS1": "5420 FAYETTEVILLE RD ", "ADDRESS2": null, "CITY": "RALEIGH", "STATE": "NC", "POSTALCODE": "27603", "PHONENUMBER": "(919) 772-4839", "RESTAURANTOPENDATE": 1354492800000, "FACILITYTYPE": "2 - Food Stands", "X": -78.66356105, "Y": 35.70535002, "GEOCODESTATUS": "M", "PERMITID": "Not Provided"}}, {"type": "Feature", "id": 2531, "geometry": {"type": "Point", "coordinates": [-78.56526440717889, 35.801153664699534]}, "properties": {"OBJECTID": 2531, "HSISID": "04092021731", "NAME": "CARLIE C'S SEAFOOD", "ADDRESS1": "4111 NEW BERN AVE ", "ADDRESS2": null, "CITY": "RALEIGH", "STATE": "NC", "POSTALCODE": "27610-1372", "PHONENUMBER": "(919) 250-7876", "RESTAURANTOPENDATE": 1359072000000, "FACILITYTYPE": "2 - Food Stands", "X": -78.56526182, "Y": 35.80114658, "GEOCODESTATUS": "M", "PERMITID": "Not Provided"}}, {"type": "Feature", "id": 2532, "geometry": {"type": "Point", "coordinates": [-78.56526440717889, 35.801153664699534]}, "properties": {"OBJECTID": 2532, "HSISID": "04092021733", "NAME": "CARLIE C'S PRODUCE", "ADDRESS1": "4111 NEW BERN AVE ", "ADDRESS2": null, "CITY": "RALEIGH", "STATE": "NC", "POSTALCODE": "27610-1372", "PHONENUMBER": "(919) 250-7876", "RESTAURANTOPENDATE": 1359072000000, "FACILITYTYPE": "2 - Food Stands", "X": -78.56526182, "Y": 35.80114658, "GEOCODESTATUS": "M", "PERMITID": "Not Provided"}}, {"type": "Feature", "id": 2533, "geometry": {"type": "Point", "coordinates": [-78.85150308959592, 35.660421670960694]}, "properties": {"OBJECTID": 2533, "HSISID": "04092021734", "NAME": "TARGET CAFE", "ADDRESS1": "100 GRAND HILL  PL ", "ADDRESS2": null, "CITY": "HOLLY SPRINGS", "STATE": "NC", "POSTALCODE": "27540", "PHONENUMBER": "(919) 557-2686", "RESTAURANTOPENDATE": 1358985600000, "FACILITYTYPE": "2 - Food Stands", "X": -78.85150042, "Y": 35.66041463, "GEOCODESTATUS": "M", "PERMITID": "Not Provided"}}, {"type": "Feature", "id": 2534, "geometry": {"type": "Point", "coordinates": [-78.6152656673228, 35.81201565886908]}, "properties": {"OBJECTID": 2534, "HSISID": "04092021730", "NAME": "THE CATERING WORKS", "ADDRESS1": "2319 LAURELBROOK ST ", "ADDRESS2": null, "CITY": "RALEIGH", "STATE": "NC", "POSTALCODE": "27604", "PHONENUMBER": "(919) 828-5932", "RESTAURANTOPENDATE": 1357516800000, "FACILITYTYPE": "2 - Food Stands", "X": -78.61526306, "Y": 35.81200857, "GEOCODESTATUS": "M", "PERMITID": "Not Provided"}}, {"type": "Feature", "id": 2535, "geometry": {"type": "Point", "coordinates": [-78.57604059292152, 35.86600875436967]}, "properties": {"OBJECTID": 2535, "HSISID": "04092021744", "NAME": "TERIYAKI PLACE", "ADDRESS1": "5959 TRIANGLE TOWN BLVD ", "ADDRESS2": "FC 1132", "CITY": "RALEIGH", "STATE": "NC", "POSTALCODE": "27616", "PHONENUMBER": "(919) 792-0111", "RESTAURANTOPENDATE": 1369699200000, "FACILITYTYPE": "2 - Food Stands", "X": -78.576038, "Y": 35.86600165, "GEOCODESTATUS": "M", "PERMITID": "Not Provided"}}, {"type": "Feature", "id": 2536, "geometry": {"type": "Point", "coordinates": [-78.84576324325546, 35.818127999911525]}, "properties": {"OBJECTID": 2536, "HSISID": "04092021746", "NAME": "WALMART NEIGHBORHOOD DELI #4147", "ADDRESS1": "3560 DAVIS DR ", "ADDRESS2": null, "CITY": "MORRISVILLE", "STATE": "NC", "POSTALCODE": "27560", "PHONENUMBER": "(919) 388-2731", "RESTAURANTOPENDATE": 1371513600000, "FACILITYTYPE": "2 - Food Stands", "X": -78.84576057, "Y": 35.81812092, "GEOCODESTATUS": "M", "PERMITID": "Not Provided"}}, {"type": "Feature", "id": 2537, "geometry": {"type": "Point", "coordinates": [-78.57604059292152, 35.86600875436967]}, "properties": {"OBJECTID": 2537, "HSISID": "04092021750", "NAME": "CHARLEY'S PHILLY STEAKS # 789", "ADDRESS1": "5959 TRIANGLE TOWN  BLVD ", "ADDRESS2": "STE 1124", "CITY": "RALEIGH", "STATE": "NC", "POSTALCODE": "27616", "PHONENUMBER": "(919) 792-2206", "RESTAURANTOPENDATE": 1375833600000, "FACILITYTYPE": "2 - Food Stands", "X": -78.576038, "Y": 35.86600165, "GEOCODESTATUS": "M", "PERMITID": "Not Provided"}}, {"type": "Feature", "id": 2538, "geometry": {"type": "Point", "coordinates": [-78.7845208415064, 35.80144275476601]}, "properties": {"OBJECTID": 2538, "HSISID": "04092021749", "NAME": "WALMART NEIGHBORHOOD MARKET #2414", "ADDRESS1": "973 N HARRISON AVE ", "ADDRESS2": null, "CITY": "CARY", "STATE": "NC", "POSTALCODE": "27513", "PHONENUMBER": "(919) 337-9780", "RESTAURANTOPENDATE": 1373587200000, "FACILITYTYPE": "2 - Food Stands", "X": -78.78451819, "Y": 35.80143568, "GEOCODESTATUS": "M", "PERMITID": "Not Provided"}}, {"type": "Feature", "id": 2539, "geometry": {"type": "Point", "coordinates": [-78.69147850517307, 35.991216838613795]}, "properties": {"OBJECTID": 2539, "HSISID": "04092021751", "NAME": "HARRIS TEETER #395 MEAT MARKET/SEAFOOD", "ADDRESS1": "1432 BROGDEN WOODS  DR ", "ADDRESS2": null, "CITY": "WAKE FOREST", "STATE": "NC", "POSTALCODE": "27587", "PHONENUMBER": "(919) 870-4980", "RESTAURANTOPENDATE": 1376870400000, "FACILITYTYPE": "2 - Food Stands", "X": -78.69147587, "Y": 35.99120972, "GEOCODESTATUS": "M", "PERMITID": "Not Provided"}}, {"type": "Feature", "id": 2540, "geometry": {"type": "Point", "coordinates": [-78.69147850517307, 35.991216838613795]}, "properties": {"OBJECTID": 2540, "HSISID": "04092021752", "NAME": "HARRIS TEETER #395 PRODUCE", "ADDRESS1": "1432 BROGDEN WOODS DR ", "ADDRESS2": null, "CITY": "WAKE FOREST", "STATE": "NC", "POSTALCODE": "27587", "PHONENUMBER": "(919) 870-4980", "RESTAURANTOPENDATE": 1376870400000, "FACILITYTYPE": "2 - Food Stands", "X": -78.69147587, "Y": 35.99120972, "GEOCODESTATUS": "M", "PERMITID": "Not Provided"}}, {"type": "Feature", "id": 2541, "geometry": {"type": "Point", "coordinates": [-78.63762725754566, 35.775187910082536]}, "properties": {"OBJECTID": 2541, "HSISID": "04092021757", "NAME": "THE HAT RACK CATERING KITCHEN (1ST FLOOR)", "ADDRESS1": "100 E DAVIE ST ", "ADDRESS2": "(1ST FLOOR)", "CITY": "RALEIGH", "STATE": "NC", "POSTALCODE": "27601", "PHONENUMBER": "(919) 754-3767", "RESTAURANTOPENDATE": 1380585600000, "FACILITYTYPE": "2 - Food Stands", "X": -78.63762465, "Y": 35.77518083, "GEOCODESTATUS": "M", "PERMITID": "Not Provided"}}, {"type": "Feature", "id": 2542, "geometry": {"type": "Point", "coordinates": [-78.56526440717889, 35.801153664699534]}, "properties": {"OBJECTID": 2542, "HSISID": "04092021755", "NAME": "CARLIE C'S DELI", "ADDRESS1": "4111 NEW BERN  AVE ", "ADDRESS2": null, "CITY": "RALEIGH", "STATE": "NC", "POSTALCODE": "27610", "PHONENUMBER": "(919) 250-7876", "RESTAURANTOPENDATE": 1375056000000, "FACILITYTYPE": "2 - Food Stands", "X": -78.56526182, "Y": 35.80114658, "GEOCODESTATUS": "M", "PERMITID": "Not Provided"}}, {"type": "Feature", "id": 2543, "geometry": {"type": "Point", "coordinates": [-78.67872575693278, 35.78448683849096]}, "properties": {"OBJECTID": 2543, "HSISID": "04092021758", "NAME": "TALLEY STUDENT UNION MAIN KITCHEN", "ADDRESS1": "2610 CATES AVE ", "ADDRESS2": null, "CITY": "RALEIGH", "STATE": "NC", "POSTALCODE": "27695", "PHONENUMBER": null, "RESTAURANTOPENDATE": 1380844800000, "FACILITYTYPE": "2 - Food Stands", "X": -78.67872314, "Y": 35.784479759999996, "GEOCODESTATUS": "M", "PERMITID": "Not Provided"}}, {"type": "Feature", "id": 2544, "geometry": {"type": "Point", "coordinates": [-78.67872575693278, 35.78448683849096]}, "properties": {"OBJECTID": 2544, "HSISID": "04092021761", "NAME": "PAVILLION TALLEY STUDENT UNION", "ADDRESS1": "2610 CATES AVE ", "ADDRESS2": null, "CITY": "RALEIGH", "STATE": "NC", "POSTALCODE": "27695", "PHONENUMBER": "(919) 513-1602", "RESTAURANTOPENDATE": 1381363200000, "FACILITYTYPE": "2 - Food Stands", "X": -78.67872314, "Y": 35.784479759999996, "GEOCODESTATUS": "M", "PERMITID": "Not Provided"}}, {"type": "Feature", "id": 2545, "geometry": {"type": "Point", "coordinates": [-78.67872575693278, 35.78448683849096]}, "properties": {"OBJECTID": 2545, "HSISID": "04092021762", "NAME": "JASON'S DELI TALLEY STUDENT UNION", "ADDRESS1": "2610 CATES AVE ", "ADDRESS2": null, "CITY": "RALEIGH", "STATE": "NC", "POSTALCODE": "27695", "PHONENUMBER": "(919) 513-1602", "RESTAURANTOPENDATE": 1381363200000, "FACILITYTYPE": "2 - Food Stands", "X": -78.67872314, "Y": 35.784479759999996, "GEOCODESTATUS": "M", "PERMITID": "Not Provided"}}, {"type": "Feature", "id": 2546, "geometry": {"type": "Point", "coordinates": [-78.83609866800909, 35.84691858074598]}, "properties": {"OBJECTID": 2546, "HSISID": "04092021763", "NAME": "SHEETZ #525", "ADDRESS1": "10700 CHAPEL HILL RD ", "ADDRESS2": null, "CITY": "MORRISVILLE", "STATE": "NC", "POSTALCODE": "27560", "PHONENUMBER": "(919) 426-0073", "RESTAURANTOPENDATE": 1382054400000, "FACILITYTYPE": "2 - Food Stands", "X": -78.836096, "Y": 35.84691149, "GEOCODESTATUS": "M", "PERMITID": "Not Provided"}}]}